2025-11-15T09:21:21.829Z CLI info [main]     Server listening on port: 5400
2025-11-15T09:21:22.274Z CLI info     Config : {"userName":"sathishponnusamy_yQ8Y0R","accessKey":"yyxPBXzPZhsqhzuNmPGs","projectName":"SeleniumTestNG","buildName":"browserstack build","buildIdentifier":"#${BUILD_NUMBER}","platforms":[{"os":"OS X","osVersion":"Big Sur","browserName":"Chrome","browserVersion":"latest"},{"os":"Windows","osVersion":"10","browserName":"Edge","browserVersion":"latest"},{"deviceName":"Samsung Galaxy S22 Ultra","browserName":"chrome","osVersion":"12.0"}],"parallelsPerPlatform":1,"source":"java:intellij:2.0.0-IC","browserstackLocal":true,"debug":false,"networkLogs":false,"consoleLogs":"errors"}
2025-11-15T09:21:22.293Z CLI info [testhub:module]  [sathishponnusamy_yQ8Y0R]   [1361ce0f-0d31-451f-82e7-c1de08843a22]  Starting testhub from 38424:0
2025-11-15T09:21:22.294Z CLI info  [sathishponnusamy_yQ8Y0R]   [1361ce0f-0d31-451f-82e7-c1de08843a22]  [PRODUCTION] Making POST request to https://sdk.browserstack.com
2025-11-15T09:21:23.208Z CLI info [testhub:module]  [sathishponnusamy_yQ8Y0R]   [1361ce0f-0d31-451f-82e7-c1de08843a22]  startBuild: response=bdtce8o0p6oesdj0yzxhcafygjbpvan7llzmm8zw
2025-11-15T09:21:23.210Z CLI info  [sathishponnusamy_yQ8Y0R]  [bdtce8o0p6oesdj0yzxhcafygjbpvan7llzmm8zw]  [1361ce0f-0d31-451f-82e7-c1de08843a22]  [PRODUCTION] Making POST request to https://api.browserstack.com
2025-11-15T09:21:29.298Z CLI info  [sathishponnusamy_yQ8Y0R]  [bdtce8o0p6oesdj0yzxhcafygjbpvan7llzmm8zw]  [1361ce0f-0d31-451f-82e7-c1de08843a22]  [PRODUCTION] Making GET request to https://hub.browserstack.com
2025-11-15T09:21:29.401Z CLI info  [sathishponnusamy_yQ8Y0R]  [bdtce8o0p6oesdj0yzxhcafygjbpvan7llzmm8zw]  [1361ce0f-0d31-451f-82e7-c1de08843a22]  [PRODUCTION] Making GET request to https://hub-euw.browserstack.com
2025-11-15T09:21:29.486Z CLI info  [sathishponnusamy_yQ8Y0R]  [bdtce8o0p6oesdj0yzxhcafygjbpvan7llzmm8zw]  [1361ce0f-0d31-451f-82e7-c1de08843a22]  [PRODUCTION] Making GET request to https://hub-use.browserstack.com
2025-11-15T09:21:29.912Z CLI info  [sathishponnusamy_yQ8Y0R]  [bdtce8o0p6oesdj0yzxhcafygjbpvan7llzmm8zw]  [1361ce0f-0d31-451f-82e7-c1de08843a22]  [PRODUCTION] Making GET request to https://hub-aps.browserstack.com
2025-11-15T09:21:32.753Z CLI info [testhub:request-queue-handler]  [sathishponnusamy_yQ8Y0R]  [bdtce8o0p6oesdj0yzxhcafygjbpvan7llzmm8zw]  [1361ce0f-0d31-451f-82e7-c1de08843a22]  Added the event {
  event_type: 'HookRunStarted',
  hook_run: {
    type: 'hook',
    hook_type: 'BEFORE_CLASS',
    framework: 'Cucumber-TestNG',
    uuid: '9dadfc68-1430-4955-83d4-ea5451770f5e',
    name: 'setUpClass',
    result: 'pending',
    test_run_id: 'dea72369-3507-4fc2-bc64-87e47b3d8ee9',
    body: { lang: 'java', code: null },
    scope: 'Default Suite.runner.TestRunner',
    custom_metadata: {},
    tags: [],
    scopes: [ 'Default Suite', 'runner.TestRunner' ],
    file_name: 'SeleniumTestNG/src/test/java/runner/TestRunner.java',
    vc_filepath: 'SeleniumTestNG/src/test/java/runner/TestRunner.java',
    location: 'SeleniumTestNG/src/test/java/runner/TestRunner.java',
    started_at: '2025-11-15T09:21:32.729Z'
  },
  logs: []
} to 38424:0
2025-11-15T09:21:32.755Z CLI info [testhub:request-queue-handler]  [sathishponnusamy_yQ8Y0R]  [bdtce8o0p6oesdj0yzxhcafygjbpvan7llzmm8zw]  [1361ce0f-0d31-451f-82e7-c1de08843a22]  Added the event {
  event_type: 'HookRunStarted',
  hook_run: {
    type: 'hook',
    hook_type: 'BEFORE_CLASS',
    framework: 'Cucumber-TestNG',
    uuid: '99ed50b5-83d9-4aa7-8976-8e256f4b4b8a',
    name: 'setUpClass',
    result: 'pending',
    test_run_id: 'abd5a3b2-7a60-448a-8553-7a54865ed79e',
    body: { lang: 'java', code: null },
    scope: 'Default Suite.runner.TestRunner',
    custom_metadata: {},
    tags: [],
    scopes: [ 'Default Suite', 'runner.TestRunner' ],
    file_name: 'SeleniumTestNG/src/test/java/runner/TestRunner.java',
    vc_filepath: 'SeleniumTestNG/src/test/java/runner/TestRunner.java',
    location: 'SeleniumTestNG/src/test/java/runner/TestRunner.java',
    started_at: '2025-11-15T09:21:32.729Z'
  },
  logs: []
} to 38424:0
2025-11-15T09:21:32.756Z CLI info [testhub:request-queue-handler]  [sathishponnusamy_yQ8Y0R]  [bdtce8o0p6oesdj0yzxhcafygjbpvan7llzmm8zw]  [1361ce0f-0d31-451f-82e7-c1de08843a22]  Added the event {
  event_type: 'HookRunStarted',
  hook_run: {
    type: 'hook',
    hook_type: 'BEFORE_CLASS',
    framework: 'Cucumber-TestNG',
    uuid: '18281ab8-94a5-4bb2-9bcd-866a9ae09d5a',
    name: 'setUpClass',
    result: 'pending',
    test_run_id: '6051894c-60d7-49a6-8b5a-6933df686f17',
    body: { lang: 'java', code: null },
    scope: 'Default Suite.runner.TestRunner',
    custom_metadata: {},
    tags: [],
    scopes: [ 'Default Suite', 'runner.TestRunner' ],
    file_name: 'SeleniumTestNG/src/test/java/runner/TestRunner.java',
    vc_filepath: 'SeleniumTestNG/src/test/java/runner/TestRunner.java',
    location: 'SeleniumTestNG/src/test/java/runner/TestRunner.java',
    started_at: '2025-11-15T09:21:32.729Z'
  },
  logs: []
} to 38424:0
2025-11-15T09:21:33.211Z CLI info [testhub:request-queue-handler]  [sathishponnusamy_yQ8Y0R]  [bdtce8o0p6oesdj0yzxhcafygjbpvan7llzmm8zw]  [1361ce0f-0d31-451f-82e7-c1de08843a22]  Processing batch event [
  {
    event_type: 'HookRunStarted',
    hook_run: {
      type: 'hook',
      hook_type: 'BEFORE_CLASS',
      framework: 'Cucumber-TestNG',
      uuid: '9dadfc68-1430-4955-83d4-ea5451770f5e',
      name: 'setUpClass',
      result: 'pending',
      test_run_id: 'dea72369-3507-4fc2-bc64-87e47b3d8ee9',
      body: [Object],
      scope: 'Default Suite.runner.TestRunner',
      custom_metadata: {},
      tags: [],
      scopes: [Array],
      file_name: 'SeleniumTestNG/src/test/java/runner/TestRunner.java',
      vc_filepath: 'SeleniumTestNG/src/test/java/runner/TestRunner.java',
      location: 'SeleniumTestNG/src/test/java/runner/TestRunner.java',
      started_at: '2025-11-15T09:21:32.729Z'
    },
    logs: []
  },
  {
    event_type: 'HookRunStarted',
    hook_run: {
      type: 'hook',
      hook_type: 'BEFORE_CLASS',
      framework: 'Cucumber-TestNG',
      uuid: '99ed50b5-83d9-4aa7-8976-8e256f4b4b8a',
      name: 'setUpClass',
      result: 'pending',
      test_run_id: 'abd5a3b2-7a60-448a-8553-7a54865ed79e',
      body: [Object],
      scope: 'Default Suite.runner.TestRunner',
      custom_metadata: {},
      tags: [],
      scopes: [Array],
      file_name: 'SeleniumTestNG/src/test/java/runner/TestRunner.java',
      vc_filepath: 'SeleniumTestNG/src/test/java/runner/TestRunner.java',
      location: 'SeleniumTestNG/src/test/java/runner/TestRunner.java',
      started_at: '2025-11-15T09:21:32.729Z'
    },
    logs: []
  },
  {
    event_type: 'HookRunStarted',
    hook_run: {
      type: 'hook',
      hook_type: 'BEFORE_CLASS',
      framework: 'Cucumber-TestNG',
      uuid: '18281ab8-94a5-4bb2-9bcd-866a9ae09d5a',
      name: 'setUpClass',
      result: 'pending',
      test_run_id: '6051894c-60d7-49a6-8b5a-6933df686f17',
      body: [Object],
      scope: 'Default Suite.runner.TestRunner',
      custom_metadata: {},
      tags: [],
      scopes: [Array],
      file_name: 'SeleniumTestNG/src/test/java/runner/TestRunner.java',
      vc_filepath: 'SeleniumTestNG/src/test/java/runner/TestRunner.java',
      location: 'SeleniumTestNG/src/test/java/runner/TestRunner.java',
      started_at: '2025-11-15T09:21:32.729Z'
    },
    logs: []
  }
] to 38424:0
2025-11-15T09:21:33.212Z CLI info  [sathishponnusamy_yQ8Y0R]  [bdtce8o0p6oesdj0yzxhcafygjbpvan7llzmm8zw]  [1361ce0f-0d31-451f-82e7-c1de08843a22]  [PRODUCTION] Making POST request to https://collector-observability.browserstack.com
2025-11-15T09:21:33.894Z CLI info [testhub:request-queue-handler]  [sathishponnusamy_yQ8Y0R]  [bdtce8o0p6oesdj0yzxhcafygjbpvan7llzmm8zw]  [1361ce0f-0d31-451f-82e7-c1de08843a22]  Added the event {
  event_type: 'HookRunFinished',
  hook_run: {
    type: 'hook',
    hook_type: 'BEFORE_CLASS',
    framework: 'Cucumber-TestNG',
    uuid: '18281ab8-94a5-4bb2-9bcd-866a9ae09d5a',
    name: 'setUpClass',
    result: 'passed',
    test_run_id: '6051894c-60d7-49a6-8b5a-6933df686f17',
    body: { lang: 'java', code: null },
    scope: 'Default Suite.runner.TestRunner',
    custom_metadata: {},
    tags: [],
    scopes: [ 'Default Suite', 'runner.TestRunner' ],
    file_name: 'SeleniumTestNG/src/test/java/runner/TestRunner.java',
    vc_filepath: 'SeleniumTestNG/src/test/java/runner/TestRunner.java',
    location: 'SeleniumTestNG/src/test/java/runner/TestRunner.java',
    started_at: '2025-11-15T09:21:32.729Z',
    finished_at: '2025-11-15T09:21:33.885Z'
  },
  logs: []
} to 38424:0
2025-11-15T09:21:33.895Z CLI info [testhub:request-queue-handler]  [sathishponnusamy_yQ8Y0R]  [bdtce8o0p6oesdj0yzxhcafygjbpvan7llzmm8zw]  [1361ce0f-0d31-451f-82e7-c1de08843a22]  Added the event {
  event_type: 'HookRunFinished',
  hook_run: {
    type: 'hook',
    hook_type: 'BEFORE_CLASS',
    framework: 'Cucumber-TestNG',
    uuid: '99ed50b5-83d9-4aa7-8976-8e256f4b4b8a',
    name: 'setUpClass',
    result: 'passed',
    test_run_id: 'abd5a3b2-7a60-448a-8553-7a54865ed79e',
    body: { lang: 'java', code: null },
    scope: 'Default Suite.runner.TestRunner',
    custom_metadata: {},
    tags: [],
    scopes: [ 'Default Suite', 'runner.TestRunner' ],
    file_name: 'SeleniumTestNG/src/test/java/runner/TestRunner.java',
    vc_filepath: 'SeleniumTestNG/src/test/java/runner/TestRunner.java',
    location: 'SeleniumTestNG/src/test/java/runner/TestRunner.java',
    started_at: '2025-11-15T09:21:32.729Z',
    finished_at: '2025-11-15T09:21:33.885Z'
  },
  logs: []
} to 38424:0
2025-11-15T09:21:33.895Z CLI info [testhub:request-queue-handler]  [sathishponnusamy_yQ8Y0R]  [bdtce8o0p6oesdj0yzxhcafygjbpvan7llzmm8zw]  [1361ce0f-0d31-451f-82e7-c1de08843a22]  Added the event {
  event_type: 'HookRunFinished',
  hook_run: {
    type: 'hook',
    hook_type: 'BEFORE_CLASS',
    framework: 'Cucumber-TestNG',
    uuid: '9dadfc68-1430-4955-83d4-ea5451770f5e',
    name: 'setUpClass',
    result: 'passed',
    test_run_id: 'dea72369-3507-4fc2-bc64-87e47b3d8ee9',
    body: { lang: 'java', code: null },
    scope: 'Default Suite.runner.TestRunner',
    custom_metadata: {},
    tags: [],
    scopes: [ 'Default Suite', 'runner.TestRunner' ],
    file_name: 'SeleniumTestNG/src/test/java/runner/TestRunner.java',
    vc_filepath: 'SeleniumTestNG/src/test/java/runner/TestRunner.java',
    location: 'SeleniumTestNG/src/test/java/runner/TestRunner.java',
    started_at: '2025-11-15T09:21:32.729Z',
    finished_at: '2025-11-15T09:21:33.885Z'
  },
  logs: []
} to 38424:0
2025-11-15T09:21:34.336Z CLI info [testhub:request-queue-handler]  [sathishponnusamy_yQ8Y0R]  [bdtce8o0p6oesdj0yzxhcafygjbpvan7llzmm8zw]  [1361ce0f-0d31-451f-82e7-c1de08843a22]  Added the event {
  event_type: 'TestRunStarted',
  test_run: {
    type: 'test',
    framework: 'Cucumber-TestNG',
    uuid: '83c44c67-a975-4460-b3a6-5c408eb3df53',
    name: 'Successful login with valid credentials',
    body: {
      lang: 'java',
      code: 'public void io.cucumber.testng.AbstractTestNGCucumberTests.runScenario(io.cucumber.testng.PickleWrapper,io.cucumber.testng.FeatureWrapper)'
    },
    identifier: 'Successful login with valid credentials',
    scope: 'Successful login with valid credentials',
    scopes: [ 'Login Functionality for OpenCart E-Commerce Website' ],
    file_name: 'SeleniumTestNG/src/test/resources/features/loginpage.feature',
    vc_filepath: 'SeleniumTestNG/src/test/resources/features/loginpage.feature',
    location: 'SeleniumTestNG/src/test/resources/features/loginpage.feature',
    meta: {
      data_provider_name: 'scenarios',
      feature: [Object],
      scenario: [Object]
    },
    result: 'pending',
    duration_in_ms: null,
    started_at: '2025-11-15T09:21:33.931Z',
    failure: undefined,
    failure_type: undefined,
    failure_reason: undefined,
    retry_of: null,
    custom_metadata: {},
    tags: [],
    customRerunParam: { rerun_name: 'SeleniumTestNG-1' },
    hooks: [],
    product_map: {
      observability: true,
      accessibility: false,
      percy: false,
      automate: true,
      app_automate: false
    }
  },
  logs: []
} to 38424:0
2025-11-15T09:21:34.338Z CLI info [testhub:request-queue-handler]  [sathishponnusamy_yQ8Y0R]  [bdtce8o0p6oesdj0yzxhcafygjbpvan7llzmm8zw]  [1361ce0f-0d31-451f-82e7-c1de08843a22]  Added the event {
  event_type: 'TestRunStarted',
  test_run: {
    type: 'test',
    framework: 'Cucumber-TestNG',
    uuid: '748e6dab-8322-4242-b661-747f9d80f8cb',
    name: 'Successful login with valid credentials',
    body: {
      lang: 'java',
      code: 'public void io.cucumber.testng.AbstractTestNGCucumberTests.runScenario(io.cucumber.testng.PickleWrapper,io.cucumber.testng.FeatureWrapper)'
    },
    identifier: 'Successful login with valid credentials',
    scope: 'Successful login with valid credentials',
    scopes: [ 'Login Functionality for OpenCart E-Commerce Website' ],
    file_name: 'SeleniumTestNG/src/test/resources/features/loginpage.feature',
    vc_filepath: 'SeleniumTestNG/src/test/resources/features/loginpage.feature',
    location: 'SeleniumTestNG/src/test/resources/features/loginpage.feature',
    meta: {
      data_provider_name: 'scenarios',
      feature: [Object],
      scenario: [Object]
    },
    result: 'pending',
    duration_in_ms: null,
    started_at: '2025-11-15T09:21:33.931Z',
    failure: undefined,
    failure_type: undefined,
    failure_reason: undefined,
    retry_of: null,
    custom_metadata: {},
    tags: [],
    customRerunParam: { rerun_name: 'SeleniumTestNG-0' },
    hooks: [],
    product_map: {
      observability: true,
      accessibility: false,
      percy: false,
      automate: true,
      app_automate: false
    }
  },
  logs: []
} to 38424:0
2025-11-15T09:21:34.340Z CLI info [testhub:request-queue-handler]  [sathishponnusamy_yQ8Y0R]  [bdtce8o0p6oesdj0yzxhcafygjbpvan7llzmm8zw]  [1361ce0f-0d31-451f-82e7-c1de08843a22]  Added the event {
  event_type: 'TestRunStarted',
  test_run: {
    type: 'test',
    framework: 'Cucumber-TestNG',
    uuid: 'ac2d1f63-d97b-405a-896b-a64100c110d2',
    name: 'Successful login with valid credentials',
    body: {
      lang: 'java',
      code: 'public void io.cucumber.testng.AbstractTestNGCucumberTests.runScenario(io.cucumber.testng.PickleWrapper,io.cucumber.testng.FeatureWrapper)'
    },
    identifier: 'Successful login with valid credentials',
    scope: 'Successful login with valid credentials',
    scopes: [ 'Login Functionality for OpenCart E-Commerce Website' ],
    file_name: 'SeleniumTestNG/src/test/resources/features/loginpage.feature',
    vc_filepath: 'SeleniumTestNG/src/test/resources/features/loginpage.feature',
    location: 'SeleniumTestNG/src/test/resources/features/loginpage.feature',
    meta: {
      data_provider_name: 'scenarios',
      feature: [Object],
      scenario: [Object]
    },
    result: 'pending',
    duration_in_ms: null,
    started_at: '2025-11-15T09:21:33.931Z',
    failure: undefined,
    failure_type: undefined,
    failure_reason: undefined,
    retry_of: null,
    custom_metadata: {},
    tags: [],
    customRerunParam: { rerun_name: 'SeleniumTestNG-2' },
    hooks: [],
    product_map: {
      observability: true,
      accessibility: false,
      percy: false,
      automate: true,
      app_automate: false
    }
  },
  logs: []
} to 38424:0
2025-11-15T09:21:35.212Z CLI info [testhub:request-queue-handler]  [sathishponnusamy_yQ8Y0R]  [bdtce8o0p6oesdj0yzxhcafygjbpvan7llzmm8zw]  [1361ce0f-0d31-451f-82e7-c1de08843a22]  Processing batch event [
  {
    event_type: 'HookRunFinished',
    hook_run: {
      type: 'hook',
      hook_type: 'BEFORE_CLASS',
      framework: 'Cucumber-TestNG',
      uuid: '18281ab8-94a5-4bb2-9bcd-866a9ae09d5a',
      name: 'setUpClass',
      result: 'passed',
      test_run_id: '6051894c-60d7-49a6-8b5a-6933df686f17',
      body: [Object],
      scope: 'Default Suite.runner.TestRunner',
      custom_metadata: {},
      tags: [],
      scopes: [Array],
      file_name: 'SeleniumTestNG/src/test/java/runner/TestRunner.java',
      vc_filepath: 'SeleniumTestNG/src/test/java/runner/TestRunner.java',
      location: 'SeleniumTestNG/src/test/java/runner/TestRunner.java',
      started_at: '2025-11-15T09:21:32.729Z',
      finished_at: '2025-11-15T09:21:33.885Z'
    },
    logs: []
  },
  {
    event_type: 'HookRunFinished',
    hook_run: {
      type: 'hook',
      hook_type: 'BEFORE_CLASS',
      framework: 'Cucumber-TestNG',
      uuid: '99ed50b5-83d9-4aa7-8976-8e256f4b4b8a',
      name: 'setUpClass',
      result: 'passed',
      test_run_id: 'abd5a3b2-7a60-448a-8553-7a54865ed79e',
      body: [Object],
      scope: 'Default Suite.runner.TestRunner',
      custom_metadata: {},
      tags: [],
      scopes: [Array],
      file_name: 'SeleniumTestNG/src/test/java/runner/TestRunner.java',
      vc_filepath: 'SeleniumTestNG/src/test/java/runner/TestRunner.java',
      location: 'SeleniumTestNG/src/test/java/runner/TestRunner.java',
      started_at: '2025-11-15T09:21:32.729Z',
      finished_at: '2025-11-15T09:21:33.885Z'
    },
    logs: []
  },
  {
    event_type: 'HookRunFinished',
    hook_run: {
      type: 'hook',
      hook_type: 'BEFORE_CLASS',
      framework: 'Cucumber-TestNG',
      uuid: '9dadfc68-1430-4955-83d4-ea5451770f5e',
      name: 'setUpClass',
      result: 'passed',
      test_run_id: 'dea72369-3507-4fc2-bc64-87e47b3d8ee9',
      body: [Object],
      scope: 'Default Suite.runner.TestRunner',
      custom_metadata: {},
      tags: [],
      scopes: [Array],
      file_name: 'SeleniumTestNG/src/test/java/runner/TestRunner.java',
      vc_filepath: 'SeleniumTestNG/src/test/java/runner/TestRunner.java',
      location: 'SeleniumTestNG/src/test/java/runner/TestRunner.java',
      started_at: '2025-11-15T09:21:32.729Z',
      finished_at: '2025-11-15T09:21:33.885Z'
    },
    logs: []
  },
  {
    event_type: 'TestRunStarted',
    test_run: {
      type: 'test',
      framework: 'Cucumber-TestNG',
      uuid: '83c44c67-a975-4460-b3a6-5c408eb3df53',
      name: 'Successful login with valid credentials',
      body: [Object],
      identifier: 'Successful login with valid credentials',
      scope: 'Successful login with valid credentials',
      scopes: [Array],
      file_name: 'SeleniumTestNG/src/test/resources/features/loginpage.feature',
      vc_filepath: 'SeleniumTestNG/src/test/resources/features/loginpage.feature',
      location: 'SeleniumTestNG/src/test/resources/features/loginpage.feature',
      meta: [Object],
      result: 'pending',
      duration_in_ms: null,
      started_at: '2025-11-15T09:21:33.931Z',
      failure: undefined,
      failure_type: undefined,
      failure_reason: undefined,
      retry_of: null,
      custom_metadata: {},
      tags: [],
      customRerunParam: [Object],
      hooks: [],
      product_map: [Object]
    },
    logs: []
  },
  {
    event_type: 'TestRunStarted',
    test_run: {
      type: 'test',
      framework: 'Cucumber-TestNG',
      uuid: '748e6dab-8322-4242-b661-747f9d80f8cb',
      name: 'Successful login with valid credentials',
      body: [Object],
      identifier: 'Successful login with valid credentials',
      scope: 'Successful login with valid credentials',
      scopes: [Array],
      file_name: 'SeleniumTestNG/src/test/resources/features/loginpage.feature',
      vc_filepath: 'SeleniumTestNG/src/test/resources/features/loginpage.feature',
      location: 'SeleniumTestNG/src/test/resources/features/loginpage.feature',
      meta: [Object],
      result: 'pending',
      duration_in_ms: null,
      started_at: '2025-11-15T09:21:33.931Z',
      failure: undefined,
      failure_type: undefined,
      failure_reason: undefined,
      retry_of: null,
      custom_metadata: {},
      tags: [],
      customRerunParam: [Object],
      hooks: [],
      product_map: [Object]
    },
    logs: []
  },
  {
    event_type: 'TestRunStarted',
    test_run: {
      type: 'test',
      framework: 'Cucumber-TestNG',
      uuid: 'ac2d1f63-d97b-405a-896b-a64100c110d2',
      name: 'Successful login with valid credentials',
      body: [Object],
      identifier: 'Successful login with valid credentials',
      scope: 'Successful login with valid credentials',
      scopes: [Array],
      file_name: 'SeleniumTestNG/src/test/resources/features/loginpage.feature',
      vc_filepath: 'SeleniumTestNG/src/test/resources/features/loginpage.feature',
      location: 'SeleniumTestNG/src/test/resources/features/loginpage.feature',
      meta: [Object],
      result: 'pending',
      duration_in_ms: null,
      started_at: '2025-11-15T09:21:33.931Z',
      failure: undefined,
      failure_type: undefined,
      failure_reason: undefined,
      retry_of: null,
      custom_metadata: {},
      tags: [],
      customRerunParam: [Object],
      hooks: [],
      product_map: [Object]
    },
    logs: []
  }
] to 38424:0
2025-11-15T09:21:35.213Z CLI info  [sathishponnusamy_yQ8Y0R]  [bdtce8o0p6oesdj0yzxhcafygjbpvan7llzmm8zw]  [1361ce0f-0d31-451f-82e7-c1de08843a22]  [PRODUCTION] Making POST request to https://collector-observability.browserstack.com
2025-11-15T09:21:36.466Z CLI info [sdk:service]  [sathishponnusamy_yQ8Y0R]  [bdtce8o0p6oesdj0yzxhcafygjbpvan7llzmm8zw]  [1361ce0f-0d31-451f-82e7-c1de08843a22]  Driver initialized as primary driver: platformIndex=2
2025-11-15T09:21:36.469Z CLI info [sdk:service]  [sathishponnusamy_yQ8Y0R]  [bdtce8o0p6oesdj0yzxhcafygjbpvan7llzmm8zw]  [1361ce0f-0d31-451f-82e7-c1de08843a22]  Driver initialized as primary driver: platformIndex=0
2025-11-15T09:21:36.471Z CLI info [sdk:service]  [sathishponnusamy_yQ8Y0R]  [bdtce8o0p6oesdj0yzxhcafygjbpvan7llzmm8zw]  [1361ce0f-0d31-451f-82e7-c1de08843a22]  Driver initialized as primary driver: platformIndex=1
2025-11-15T09:21:44.246Z CLI info [testhub:request-queue-handler]  [sathishponnusamy_yQ8Y0R]  [bdtce8o0p6oesdj0yzxhcafygjbpvan7llzmm8zw]  [1361ce0f-0d31-451f-82e7-c1de08843a22]  Added the event {
  event_type: 'CBTSessionCreated',
  test_run: {
    uuid: '748e6dab-8322-4242-b661-747f9d80f8cb',
    integrations: { browserstack: [Object] }
  }
} to 38424:0
2025-11-15T09:21:45.216Z CLI info [testhub:request-queue-handler]  [sathishponnusamy_yQ8Y0R]  [bdtce8o0p6oesdj0yzxhcafygjbpvan7llzmm8zw]  [1361ce0f-0d31-451f-82e7-c1de08843a22]  Processing batch event [
  {
    event_type: 'CBTSessionCreated',
    test_run: {
      uuid: '748e6dab-8322-4242-b661-747f9d80f8cb',
      integrations: [Object]
    }
  }
] to 38424:0
2025-11-15T09:21:45.218Z CLI info  [sathishponnusamy_yQ8Y0R]  [bdtce8o0p6oesdj0yzxhcafygjbpvan7llzmm8zw]  [1361ce0f-0d31-451f-82e7-c1de08843a22]  [PRODUCTION] Making POST request to https://collector-observability.browserstack.com
2025-11-15T09:21:47.054Z CLI info [testhub:request-queue-handler]  [sathishponnusamy_yQ8Y0R]  [bdtce8o0p6oesdj0yzxhcafygjbpvan7llzmm8zw]  [1361ce0f-0d31-451f-82e7-c1de08843a22]  Added the event {
  event_type: 'CBTSessionCreated',
  test_run: {
    uuid: '83c44c67-a975-4460-b3a6-5c408eb3df53',
    integrations: { browserstack: [Object] }
  }
} to 38424:0
2025-11-15T09:21:47.215Z CLI info [testhub:request-queue-handler]  [sathishponnusamy_yQ8Y0R]  [bdtce8o0p6oesdj0yzxhcafygjbpvan7llzmm8zw]  [1361ce0f-0d31-451f-82e7-c1de08843a22]  Processing batch event [
  {
    event_type: 'CBTSessionCreated',
    test_run: {
      uuid: '83c44c67-a975-4460-b3a6-5c408eb3df53',
      integrations: [Object]
    }
  }
] to 38424:0
2025-11-15T09:21:47.216Z CLI info  [sathishponnusamy_yQ8Y0R]  [bdtce8o0p6oesdj0yzxhcafygjbpvan7llzmm8zw]  [1361ce0f-0d31-451f-82e7-c1de08843a22]  [PRODUCTION] Making POST request to https://collector-observability.browserstack.com
2025-11-15T09:21:49.349Z CLI info [testhub:request-queue-handler]  [sathishponnusamy_yQ8Y0R]  [bdtce8o0p6oesdj0yzxhcafygjbpvan7llzmm8zw]  [1361ce0f-0d31-451f-82e7-c1de08843a22]  Added the event {
  event_type: 'CBTSessionCreated',
  test_run: {
    uuid: '748e6dab-8322-4242-b661-747f9d80f8cb',
    integrations: { browserstack: [Object] }
  }
} to 38424:0
2025-11-15T09:21:51.217Z CLI info [testhub:request-queue-handler]  [sathishponnusamy_yQ8Y0R]  [bdtce8o0p6oesdj0yzxhcafygjbpvan7llzmm8zw]  [1361ce0f-0d31-451f-82e7-c1de08843a22]  Processing batch event [
  {
    event_type: 'CBTSessionCreated',
    test_run: {
      uuid: '748e6dab-8322-4242-b661-747f9d80f8cb',
      integrations: [Object]
    }
  }
] to 38424:0
2025-11-15T09:21:51.220Z CLI info  [sathishponnusamy_yQ8Y0R]  [bdtce8o0p6oesdj0yzxhcafygjbpvan7llzmm8zw]  [1361ce0f-0d31-451f-82e7-c1de08843a22]  [PRODUCTION] Making POST request to https://collector-observability.browserstack.com
2025-11-15T09:21:51.730Z CLI info [testhub:request-queue-handler]  [sathishponnusamy_yQ8Y0R]  [bdtce8o0p6oesdj0yzxhcafygjbpvan7llzmm8zw]  [1361ce0f-0d31-451f-82e7-c1de08843a22]  Added the event {
  event_type: 'CBTSessionCreated',
  test_run: {
    uuid: '748e6dab-8322-4242-b661-747f9d80f8cb',
    integrations: { browserstack: [Object] }
  }
} to 38424:0
2025-11-15T09:21:53.172Z CLI info [testhub:request-queue-handler]  [sathishponnusamy_yQ8Y0R]  [bdtce8o0p6oesdj0yzxhcafygjbpvan7llzmm8zw]  [1361ce0f-0d31-451f-82e7-c1de08843a22]  Added the event {
  event_type: 'CBTSessionCreated',
  test_run: {
    uuid: '83c44c67-a975-4460-b3a6-5c408eb3df53',
    integrations: { browserstack: [Object] }
  }
} to 38424:0
2025-11-15T09:21:53.217Z CLI info [testhub:request-queue-handler]  [sathishponnusamy_yQ8Y0R]  [bdtce8o0p6oesdj0yzxhcafygjbpvan7llzmm8zw]  [1361ce0f-0d31-451f-82e7-c1de08843a22]  Processing batch event [
  {
    event_type: 'CBTSessionCreated',
    test_run: {
      uuid: '748e6dab-8322-4242-b661-747f9d80f8cb',
      integrations: [Object]
    }
  },
  {
    event_type: 'CBTSessionCreated',
    test_run: {
      uuid: '83c44c67-a975-4460-b3a6-5c408eb3df53',
      integrations: [Object]
    }
  }
] to 38424:0
2025-11-15T09:21:53.219Z CLI info  [sathishponnusamy_yQ8Y0R]  [bdtce8o0p6oesdj0yzxhcafygjbpvan7llzmm8zw]  [1361ce0f-0d31-451f-82e7-c1de08843a22]  [PRODUCTION] Making POST request to https://collector-observability.browserstack.com
2025-11-15T09:21:54.266Z CLI info [testhub:request-queue-handler]  [sathishponnusamy_yQ8Y0R]  [bdtce8o0p6oesdj0yzxhcafygjbpvan7llzmm8zw]  [1361ce0f-0d31-451f-82e7-c1de08843a22]  Added the event {
  event_type: 'CBTSessionCreated',
  test_run: {
    uuid: '748e6dab-8322-4242-b661-747f9d80f8cb',
    integrations: { browserstack: [Object] }
  }
} to 38424:0
2025-11-15T09:21:55.217Z CLI info [testhub:request-queue-handler]  [sathishponnusamy_yQ8Y0R]  [bdtce8o0p6oesdj0yzxhcafygjbpvan7llzmm8zw]  [1361ce0f-0d31-451f-82e7-c1de08843a22]  Processing batch event [
  {
    event_type: 'CBTSessionCreated',
    test_run: {
      uuid: '748e6dab-8322-4242-b661-747f9d80f8cb',
      integrations: [Object]
    }
  }
] to 38424:0
2025-11-15T09:21:55.218Z CLI info  [sathishponnusamy_yQ8Y0R]  [bdtce8o0p6oesdj0yzxhcafygjbpvan7llzmm8zw]  [1361ce0f-0d31-451f-82e7-c1de08843a22]  [PRODUCTION] Making POST request to https://collector-observability.browserstack.com
2025-11-15T09:21:55.928Z CLI info [testhub:request-queue-handler]  [sathishponnusamy_yQ8Y0R]  [bdtce8o0p6oesdj0yzxhcafygjbpvan7llzmm8zw]  [1361ce0f-0d31-451f-82e7-c1de08843a22]  Added the event {
  event_type: 'CBTSessionCreated',
  test_run: {
    uuid: '83c44c67-a975-4460-b3a6-5c408eb3df53',
    integrations: { browserstack: [Object] }
  }
} to 38424:0
2025-11-15T09:21:56.439Z CLI info [testhub:request-queue-handler]  [sathishponnusamy_yQ8Y0R]  [bdtce8o0p6oesdj0yzxhcafygjbpvan7llzmm8zw]  [1361ce0f-0d31-451f-82e7-c1de08843a22]  Added the event {
  event_type: 'CBTSessionCreated',
  test_run: {
    uuid: '748e6dab-8322-4242-b661-747f9d80f8cb',
    integrations: { browserstack: [Object] }
  }
} to 38424:0
2025-11-15T09:21:57.218Z CLI info [testhub:request-queue-handler]  [sathishponnusamy_yQ8Y0R]  [bdtce8o0p6oesdj0yzxhcafygjbpvan7llzmm8zw]  [1361ce0f-0d31-451f-82e7-c1de08843a22]  Processing batch event [
  {
    event_type: 'CBTSessionCreated',
    test_run: {
      uuid: '83c44c67-a975-4460-b3a6-5c408eb3df53',
      integrations: [Object]
    }
  },
  {
    event_type: 'CBTSessionCreated',
    test_run: {
      uuid: '748e6dab-8322-4242-b661-747f9d80f8cb',
      integrations: [Object]
    }
  }
] to 38424:0
2025-11-15T09:21:57.218Z CLI info  [sathishponnusamy_yQ8Y0R]  [bdtce8o0p6oesdj0yzxhcafygjbpvan7llzmm8zw]  [1361ce0f-0d31-451f-82e7-c1de08843a22]  [PRODUCTION] Making POST request to https://collector-observability.browserstack.com
2025-11-15T09:21:58.508Z CLI info [testhub:request-queue-handler]  [sathishponnusamy_yQ8Y0R]  [bdtce8o0p6oesdj0yzxhcafygjbpvan7llzmm8zw]  [1361ce0f-0d31-451f-82e7-c1de08843a22]  Added the event {
  event_type: 'CBTSessionCreated',
  test_run: {
    uuid: '83c44c67-a975-4460-b3a6-5c408eb3df53',
    integrations: { browserstack: [Object] }
  }
} to 38424:0
2025-11-15T09:21:59.219Z CLI info [testhub:request-queue-handler]  [sathishponnusamy_yQ8Y0R]  [bdtce8o0p6oesdj0yzxhcafygjbpvan7llzmm8zw]  [1361ce0f-0d31-451f-82e7-c1de08843a22]  Processing batch event [
  {
    event_type: 'CBTSessionCreated',
    test_run: {
      uuid: '83c44c67-a975-4460-b3a6-5c408eb3df53',
      integrations: [Object]
    }
  }
] to 38424:0
2025-11-15T09:21:59.220Z CLI info  [sathishponnusamy_yQ8Y0R]  [bdtce8o0p6oesdj0yzxhcafygjbpvan7llzmm8zw]  [1361ce0f-0d31-451f-82e7-c1de08843a22]  [PRODUCTION] Making POST request to https://collector-observability.browserstack.com
2025-11-15T09:22:00.115Z CLI info [testhub:request-queue-handler]  [sathishponnusamy_yQ8Y0R]  [bdtce8o0p6oesdj0yzxhcafygjbpvan7llzmm8zw]  [1361ce0f-0d31-451f-82e7-c1de08843a22]  Added the event {
  event_type: 'CBTSessionCreated',
  test_run: {
    uuid: '83c44c67-a975-4460-b3a6-5c408eb3df53',
    integrations: { browserstack: [Object] }
  }
} to 38424:0
2025-11-15T09:22:00.639Z CLI info [testhub:request-queue-handler]  [sathishponnusamy_yQ8Y0R]  [bdtce8o0p6oesdj0yzxhcafygjbpvan7llzmm8zw]  [1361ce0f-0d31-451f-82e7-c1de08843a22]  Added the event {
  event_type: 'TestRunFinished',
  test_run: {
    type: 'test',
    framework: 'Cucumber-TestNG',
    uuid: '748e6dab-8322-4242-b661-747f9d80f8cb',
    name: 'Successful login with valid credentials',
    body: {
      lang: 'java',
      code: 'public void io.cucumber.testng.AbstractTestNGCucumberTests.runScenario(io.cucumber.testng.PickleWrapper,io.cucumber.testng.FeatureWrapper)'
    },
    identifier: 'Successful login with valid credentials',
    scope: 'Successful login with valid credentials',
    scopes: [ 'Login Functionality for OpenCart E-Commerce Website' ],
    file_name: 'SeleniumTestNG/src/test/resources/features/loginpage.feature',
    vc_filepath: 'SeleniumTestNG/src/test/resources/features/loginpage.feature',
    location: 'SeleniumTestNG/src/test/resources/features/loginpage.feature',
    meta: {
      data_provider_name: 'scenarios',
      feature: [Object],
      scenario: [Object],
      steps: [Array]
    },
    result: 'passed',
    duration_in_ms: 26701,
    started_at: '2025-11-15T09:21:33.931Z',
    finished_at: '2025-11-15T09:22:00.632Z',
    failure: null,
    failure_type: null,
    failure_reason: null,
    retry_of: null,
    custom_metadata: {},
    tags: [],
    customRerunParam: { rerun_name: 'SeleniumTestNG-0' },
    hooks: [ '9dadfc68-1430-4955-83d4-ea5451770f5e' ],
    product_map: {
      observability: true,
      accessibility: false,
      percy: false,
      automate: true,
      app_automate: false
    }
  },
  logs: []
} to 38424:0
2025-11-15T09:22:00.661Z CLI info [testhub:request-queue-handler]  [sathishponnusamy_yQ8Y0R]  [bdtce8o0p6oesdj0yzxhcafygjbpvan7llzmm8zw]  [1361ce0f-0d31-451f-82e7-c1de08843a22]  Added the event {
  event_type: 'CBTSessionCreated',
  test_run: {
    uuid: '8c6b324a-3e86-488c-b318-9d1f2c0588fa',
    integrations: { browserstack: [Object] }
  }
} to 38424:0
2025-11-15T09:22:01.041Z CLI info [testhub:request-queue-handler]  [sathishponnusamy_yQ8Y0R]  [bdtce8o0p6oesdj0yzxhcafygjbpvan7llzmm8zw]  [1361ce0f-0d31-451f-82e7-c1de08843a22]  Added the event {
  event_type: 'TestRunStarted',
  test_run: {
    type: 'test',
    framework: 'Cucumber-TestNG',
    uuid: '8c6b324a-3e86-488c-b318-9d1f2c0588fa',
    name: 'Unsuccessful login with invalid or empty credentials',
    body: {
      lang: 'java',
      code: 'public void io.cucumber.testng.AbstractTestNGCucumberTests.runScenario(io.cucumber.testng.PickleWrapper,io.cucumber.testng.FeatureWrapper)'
    },
    identifier: 'Unsuccessful login with invalid or empty credentials',
    scope: 'Unsuccessful login with invalid or empty credentials',
    scopes: [ 'Login Functionality for OpenCart E-Commerce Website' ],
    file_name: 'SeleniumTestNG/src/test/resources/features/loginpage.feature',
    vc_filepath: 'SeleniumTestNG/src/test/resources/features/loginpage.feature',
    location: 'SeleniumTestNG/src/test/resources/features/loginpage.feature',
    meta: {
      data_provider_name: 'scenarios',
      feature: [Object],
      scenario: [Object],
      examples: [Array]
    },
    result: 'passed',
    duration_in_ms: null,
    started_at: '2025-11-15T09:22:00.657Z',
    finished_at: '2025-11-15T09:22:00.632Z',
    failure: null,
    failure_type: null,
    failure_reason: null,
    retry_of: null,
    custom_metadata: {},
    tags: [],
    customRerunParam: { rerun_name: 'SeleniumTestNG-0' },
    hooks: [],
    product_map: {
      observability: true,
      accessibility: false,
      percy: false,
      automate: true,
      app_automate: false
    }
  },
  logs: []
} to 38424:0
2025-11-15T09:22:01.049Z CLI info [testhub:request-queue-handler]  [sathishponnusamy_yQ8Y0R]  [bdtce8o0p6oesdj0yzxhcafygjbpvan7llzmm8zw]  [1361ce0f-0d31-451f-82e7-c1de08843a22]  Added the event {
  event_type: 'CBTSessionCreated',
  test_run: {
    uuid: '8c6b324a-3e86-488c-b318-9d1f2c0588fa',
    integrations: { browserstack: [Object] }
  }
} to 38424:0
2025-11-15T09:22:01.219Z CLI info [testhub:request-queue-handler]  [sathishponnusamy_yQ8Y0R]  [bdtce8o0p6oesdj0yzxhcafygjbpvan7llzmm8zw]  [1361ce0f-0d31-451f-82e7-c1de08843a22]  Processing batch event [
  {
    event_type: 'CBTSessionCreated',
    test_run: {
      uuid: '83c44c67-a975-4460-b3a6-5c408eb3df53',
      integrations: [Object]
    }
  },
  {
    event_type: 'TestRunFinished',
    test_run: {
      type: 'test',
      framework: 'Cucumber-TestNG',
      uuid: '748e6dab-8322-4242-b661-747f9d80f8cb',
      name: 'Successful login with valid credentials',
      body: [Object],
      identifier: 'Successful login with valid credentials',
      scope: 'Successful login with valid credentials',
      scopes: [Array],
      file_name: 'SeleniumTestNG/src/test/resources/features/loginpage.feature',
      vc_filepath: 'SeleniumTestNG/src/test/resources/features/loginpage.feature',
      location: 'SeleniumTestNG/src/test/resources/features/loginpage.feature',
      meta: [Object],
      result: 'passed',
      duration_in_ms: 26701,
      started_at: '2025-11-15T09:21:33.931Z',
      finished_at: '2025-11-15T09:22:00.632Z',
      failure: null,
      failure_type: null,
      failure_reason: null,
      retry_of: null,
      custom_metadata: {},
      tags: [],
      customRerunParam: [Object],
      hooks: [Array],
      product_map: [Object]
    },
    logs: []
  },
  {
    event_type: 'CBTSessionCreated',
    test_run: {
      uuid: '8c6b324a-3e86-488c-b318-9d1f2c0588fa',
      integrations: [Object]
    }
  },
  {
    event_type: 'TestRunStarted',
    test_run: {
      type: 'test',
      framework: 'Cucumber-TestNG',
      uuid: '8c6b324a-3e86-488c-b318-9d1f2c0588fa',
      name: 'Unsuccessful login with invalid or empty credentials',
      body: [Object],
      identifier: 'Unsuccessful login with invalid or empty credentials',
      scope: 'Unsuccessful login with invalid or empty credentials',
      scopes: [Array],
      file_name: 'SeleniumTestNG/src/test/resources/features/loginpage.feature',
      vc_filepath: 'SeleniumTestNG/src/test/resources/features/loginpage.feature',
      location: 'SeleniumTestNG/src/test/resources/features/loginpage.feature',
      meta: [Object],
      result: 'passed',
      duration_in_ms: null,
      started_at: '2025-11-15T09:22:00.657Z',
      finished_at: '2025-11-15T09:22:00.632Z',
      failure: null,
      failure_type: null,
      failure_reason: null,
      retry_of: null,
      custom_metadata: {},
      tags: [],
      customRerunParam: [Object],
      hooks: [],
      product_map: [Object]
    },
    logs: []
  },
  {
    event_type: 'CBTSessionCreated',
    test_run: {
      uuid: '8c6b324a-3e86-488c-b318-9d1f2c0588fa',
      integrations: [Object]
    }
  }
] to 38424:0
2025-11-15T09:22:01.220Z CLI info  [sathishponnusamy_yQ8Y0R]  [bdtce8o0p6oesdj0yzxhcafygjbpvan7llzmm8zw]  [1361ce0f-0d31-451f-82e7-c1de08843a22]  [PRODUCTION] Making POST request to https://collector-observability.browserstack.com
2025-11-15T09:22:01.628Z CLI info [testhub:request-queue-handler]  [sathishponnusamy_yQ8Y0R]  [bdtce8o0p6oesdj0yzxhcafygjbpvan7llzmm8zw]  [1361ce0f-0d31-451f-82e7-c1de08843a22]  Added the event {
  event_type: 'CBTSessionCreated',
  test_run: {
    uuid: '8c6b324a-3e86-488c-b318-9d1f2c0588fa',
    integrations: { browserstack: [Object] }
  }
} to 38424:0
2025-11-15T09:22:02.155Z CLI info [sdk:service]  [sathishponnusamy_yQ8Y0R]  [bdtce8o0p6oesdj0yzxhcafygjbpvan7llzmm8zw]  [1361ce0f-0d31-451f-82e7-c1de08843a22]  Driver initialized as primary driver: platformIndex=0
2025-11-15T09:22:03.219Z CLI info [testhub:request-queue-handler]  [sathishponnusamy_yQ8Y0R]  [bdtce8o0p6oesdj0yzxhcafygjbpvan7llzmm8zw]  [1361ce0f-0d31-451f-82e7-c1de08843a22]  Processing batch event [
  {
    event_type: 'CBTSessionCreated',
    test_run: {
      uuid: '8c6b324a-3e86-488c-b318-9d1f2c0588fa',
      integrations: [Object]
    }
  }
] to 38424:0
2025-11-15T09:22:03.220Z CLI info  [sathishponnusamy_yQ8Y0R]  [bdtce8o0p6oesdj0yzxhcafygjbpvan7llzmm8zw]  [1361ce0f-0d31-451f-82e7-c1de08843a22]  [PRODUCTION] Making POST request to https://collector-observability.browserstack.com
2025-11-15T09:22:03.565Z CLI info [testhub:request-queue-handler]  [sathishponnusamy_yQ8Y0R]  [bdtce8o0p6oesdj0yzxhcafygjbpvan7llzmm8zw]  [1361ce0f-0d31-451f-82e7-c1de08843a22]  Added the event {
  event_type: 'TestRunFinished',
  test_run: {
    type: 'test',
    framework: 'Cucumber-TestNG',
    uuid: '83c44c67-a975-4460-b3a6-5c408eb3df53',
    name: 'Successful login with valid credentials',
    body: {
      lang: 'java',
      code: 'public void io.cucumber.testng.AbstractTestNGCucumberTests.runScenario(io.cucumber.testng.PickleWrapper,io.cucumber.testng.FeatureWrapper)'
    },
    identifier: 'Successful login with valid credentials',
    scope: 'Successful login with valid credentials',
    scopes: [ 'Login Functionality for OpenCart E-Commerce Website' ],
    file_name: 'SeleniumTestNG/src/test/resources/features/loginpage.feature',
    vc_filepath: 'SeleniumTestNG/src/test/resources/features/loginpage.feature',
    location: 'SeleniumTestNG/src/test/resources/features/loginpage.feature',
    meta: {
      data_provider_name: 'scenarios',
      feature: [Object],
      scenario: [Object],
      steps: [Array]
    },
    result: 'passed',
    duration_in_ms: 29630,
    started_at: '2025-11-15T09:21:33.931Z',
    finished_at: '2025-11-15T09:22:03.561Z',
    failure: null,
    failure_type: null,
    failure_reason: null,
    retry_of: null,
    custom_metadata: {},
    tags: [],
    customRerunParam: { rerun_name: 'SeleniumTestNG-1' },
    hooks: [ '18281ab8-94a5-4bb2-9bcd-866a9ae09d5a' ],
    product_map: {
      observability: true,
      accessibility: false,
      percy: false,
      automate: true,
      app_automate: false
    }
  },
  logs: []
} to 38424:0
2025-11-15T09:22:03.589Z CLI info [testhub:request-queue-handler]  [sathishponnusamy_yQ8Y0R]  [bdtce8o0p6oesdj0yzxhcafygjbpvan7llzmm8zw]  [1361ce0f-0d31-451f-82e7-c1de08843a22]  Added the event {
  event_type: 'CBTSessionCreated',
  test_run: {
    uuid: '3aae0855-508f-426d-b570-f031ad08e1d9',
    integrations: { browserstack: [Object] }
  }
} to 38424:0
2025-11-15T09:22:03.915Z CLI info [testhub:request-queue-handler]  [sathishponnusamy_yQ8Y0R]  [bdtce8o0p6oesdj0yzxhcafygjbpvan7llzmm8zw]  [1361ce0f-0d31-451f-82e7-c1de08843a22]  Added the event {
  event_type: 'TestRunStarted',
  test_run: {
    type: 'test',
    framework: 'Cucumber-TestNG',
    uuid: '3aae0855-508f-426d-b570-f031ad08e1d9',
    name: 'Unsuccessful login with invalid or empty credentials',
    body: {
      lang: 'java',
      code: 'public void io.cucumber.testng.AbstractTestNGCucumberTests.runScenario(io.cucumber.testng.PickleWrapper,io.cucumber.testng.FeatureWrapper)'
    },
    identifier: 'Unsuccessful login with invalid or empty credentials',
    scope: 'Unsuccessful login with invalid or empty credentials',
    scopes: [ 'Login Functionality for OpenCart E-Commerce Website' ],
    file_name: 'SeleniumTestNG/src/test/resources/features/loginpage.feature',
    vc_filepath: 'SeleniumTestNG/src/test/resources/features/loginpage.feature',
    location: 'SeleniumTestNG/src/test/resources/features/loginpage.feature',
    meta: {
      data_provider_name: 'scenarios',
      feature: [Object],
      scenario: [Object],
      examples: [Array]
    },
    result: 'passed',
    duration_in_ms: null,
    started_at: '2025-11-15T09:22:03.584Z',
    finished_at: '2025-11-15T09:22:03.561Z',
    failure: null,
    failure_type: null,
    failure_reason: null,
    retry_of: null,
    custom_metadata: {},
    tags: [],
    customRerunParam: { rerun_name: 'SeleniumTestNG-1' },
    hooks: [],
    product_map: {
      observability: true,
      accessibility: false,
      percy: false,
      automate: true,
      app_automate: false
    }
  },
  logs: []
} to 38424:0
2025-11-15T09:22:03.925Z CLI info [testhub:request-queue-handler]  [sathishponnusamy_yQ8Y0R]  [bdtce8o0p6oesdj0yzxhcafygjbpvan7llzmm8zw]  [1361ce0f-0d31-451f-82e7-c1de08843a22]  Added the event {
  event_type: 'CBTSessionCreated',
  test_run: {
    uuid: '3aae0855-508f-426d-b570-f031ad08e1d9',
    integrations: { browserstack: [Object] }
  }
} to 38424:0
2025-11-15T09:22:04.461Z CLI info [testhub:request-queue-handler]  [sathishponnusamy_yQ8Y0R]  [bdtce8o0p6oesdj0yzxhcafygjbpvan7llzmm8zw]  [1361ce0f-0d31-451f-82e7-c1de08843a22]  Added the event {
  event_type: 'CBTSessionCreated',
  test_run: {
    uuid: '3aae0855-508f-426d-b570-f031ad08e1d9',
    integrations: { browserstack: [Object] }
  }
} to 38424:0
2025-11-15T09:22:05.220Z CLI info [testhub:request-queue-handler]  [sathishponnusamy_yQ8Y0R]  [bdtce8o0p6oesdj0yzxhcafygjbpvan7llzmm8zw]  [1361ce0f-0d31-451f-82e7-c1de08843a22]  Processing batch event [
  {
    event_type: 'TestRunFinished',
    test_run: {
      type: 'test',
      framework: 'Cucumber-TestNG',
      uuid: '83c44c67-a975-4460-b3a6-5c408eb3df53',
      name: 'Successful login with valid credentials',
      body: [Object],
      identifier: 'Successful login with valid credentials',
      scope: 'Successful login with valid credentials',
      scopes: [Array],
      file_name: 'SeleniumTestNG/src/test/resources/features/loginpage.feature',
      vc_filepath: 'SeleniumTestNG/src/test/resources/features/loginpage.feature',
      location: 'SeleniumTestNG/src/test/resources/features/loginpage.feature',
      meta: [Object],
      result: 'passed',
      duration_in_ms: 29630,
      started_at: '2025-11-15T09:21:33.931Z',
      finished_at: '2025-11-15T09:22:03.561Z',
      failure: null,
      failure_type: null,
      failure_reason: null,
      retry_of: null,
      custom_metadata: {},
      tags: [],
      customRerunParam: [Object],
      hooks: [Array],
      product_map: [Object]
    },
    logs: []
  },
  {
    event_type: 'CBTSessionCreated',
    test_run: {
      uuid: '3aae0855-508f-426d-b570-f031ad08e1d9',
      integrations: [Object]
    }
  },
  {
    event_type: 'TestRunStarted',
    test_run: {
      type: 'test',
      framework: 'Cucumber-TestNG',
      uuid: '3aae0855-508f-426d-b570-f031ad08e1d9',
      name: 'Unsuccessful login with invalid or empty credentials',
      body: [Object],
      identifier: 'Unsuccessful login with invalid or empty credentials',
      scope: 'Unsuccessful login with invalid or empty credentials',
      scopes: [Array],
      file_name: 'SeleniumTestNG/src/test/resources/features/loginpage.feature',
      vc_filepath: 'SeleniumTestNG/src/test/resources/features/loginpage.feature',
      location: 'SeleniumTestNG/src/test/resources/features/loginpage.feature',
      meta: [Object],
      result: 'passed',
      duration_in_ms: null,
      started_at: '2025-11-15T09:22:03.584Z',
      finished_at: '2025-11-15T09:22:03.561Z',
      failure: null,
      failure_type: null,
      failure_reason: null,
      retry_of: null,
      custom_metadata: {},
      tags: [],
      customRerunParam: [Object],
      hooks: [],
      product_map: [Object]
    },
    logs: []
  },
  {
    event_type: 'CBTSessionCreated',
    test_run: {
      uuid: '3aae0855-508f-426d-b570-f031ad08e1d9',
      integrations: [Object]
    }
  },
  {
    event_type: 'CBTSessionCreated',
    test_run: {
      uuid: '3aae0855-508f-426d-b570-f031ad08e1d9',
      integrations: [Object]
    }
  }
] to 38424:0
2025-11-15T09:22:05.220Z CLI info  [sathishponnusamy_yQ8Y0R]  [bdtce8o0p6oesdj0yzxhcafygjbpvan7llzmm8zw]  [1361ce0f-0d31-451f-82e7-c1de08843a22]  [PRODUCTION] Making POST request to https://collector-observability.browserstack.com
2025-11-15T09:22:05.294Z CLI info [sdk:service]  [sathishponnusamy_yQ8Y0R]  [bdtce8o0p6oesdj0yzxhcafygjbpvan7llzmm8zw]  [1361ce0f-0d31-451f-82e7-c1de08843a22]  Driver initialized as primary driver: platformIndex=1
2025-11-15T09:22:16.520Z CLI info [testhub:request-queue-handler]  [sathishponnusamy_yQ8Y0R]  [bdtce8o0p6oesdj0yzxhcafygjbpvan7llzmm8zw]  [1361ce0f-0d31-451f-82e7-c1de08843a22]  Added the event {
  event_type: 'CBTSessionCreated',
  test_run: {
    uuid: '3aae0855-508f-426d-b570-f031ad08e1d9',
    integrations: { browserstack: [Object] }
  }
} to 38424:0
2025-11-15T09:22:17.224Z CLI info [testhub:request-queue-handler]  [sathishponnusamy_yQ8Y0R]  [bdtce8o0p6oesdj0yzxhcafygjbpvan7llzmm8zw]  [1361ce0f-0d31-451f-82e7-c1de08843a22]  Processing batch event [
  {
    event_type: 'CBTSessionCreated',
    test_run: {
      uuid: '3aae0855-508f-426d-b570-f031ad08e1d9',
      integrations: [Object]
    }
  }
] to 38424:0
2025-11-15T09:22:17.226Z CLI info  [sathishponnusamy_yQ8Y0R]  [bdtce8o0p6oesdj0yzxhcafygjbpvan7llzmm8zw]  [1361ce0f-0d31-451f-82e7-c1de08843a22]  [PRODUCTION] Making POST request to https://collector-observability.browserstack.com
2025-11-15T09:22:21.200Z CLI info [testhub:request-queue-handler]  [sathishponnusamy_yQ8Y0R]  [bdtce8o0p6oesdj0yzxhcafygjbpvan7llzmm8zw]  [1361ce0f-0d31-451f-82e7-c1de08843a22]  Added the event {
  event_type: 'CBTSessionCreated',
  test_run: {
    uuid: '3aae0855-508f-426d-b570-f031ad08e1d9',
    integrations: { browserstack: [Object] }
  }
} to 38424:0
2025-11-15T09:22:21.225Z CLI info [testhub:request-queue-handler]  [sathishponnusamy_yQ8Y0R]  [bdtce8o0p6oesdj0yzxhcafygjbpvan7llzmm8zw]  [1361ce0f-0d31-451f-82e7-c1de08843a22]  Processing batch event [
  {
    event_type: 'CBTSessionCreated',
    test_run: {
      uuid: '3aae0855-508f-426d-b570-f031ad08e1d9',
      integrations: [Object]
    }
  }
] to 38424:0
2025-11-15T09:22:21.226Z CLI info  [sathishponnusamy_yQ8Y0R]  [bdtce8o0p6oesdj0yzxhcafygjbpvan7llzmm8zw]  [1361ce0f-0d31-451f-82e7-c1de08843a22]  [PRODUCTION] Making POST request to https://collector-observability.browserstack.com
2025-11-15T09:22:23.040Z CLI info [testhub:request-queue-handler]  [sathishponnusamy_yQ8Y0R]  [bdtce8o0p6oesdj0yzxhcafygjbpvan7llzmm8zw]  [1361ce0f-0d31-451f-82e7-c1de08843a22]  Added the event {
  event_type: 'CBTSessionCreated',
  test_run: {
    uuid: '3aae0855-508f-426d-b570-f031ad08e1d9',
    integrations: { browserstack: [Object] }
  }
} to 38424:0
2025-11-15T09:22:23.226Z CLI info [testhub:request-queue-handler]  [sathishponnusamy_yQ8Y0R]  [bdtce8o0p6oesdj0yzxhcafygjbpvan7llzmm8zw]  [1361ce0f-0d31-451f-82e7-c1de08843a22]  Processing batch event [
  {
    event_type: 'CBTSessionCreated',
    test_run: {
      uuid: '3aae0855-508f-426d-b570-f031ad08e1d9',
      integrations: [Object]
    }
  }
] to 38424:0
2025-11-15T09:22:23.227Z CLI info  [sathishponnusamy_yQ8Y0R]  [bdtce8o0p6oesdj0yzxhcafygjbpvan7llzmm8zw]  [1361ce0f-0d31-451f-82e7-c1de08843a22]  [PRODUCTION] Making POST request to https://collector-observability.browserstack.com
2025-11-15T09:22:23.315Z CLI info [testhub:request-queue-handler]  [sathishponnusamy_yQ8Y0R]  [bdtce8o0p6oesdj0yzxhcafygjbpvan7llzmm8zw]  [1361ce0f-0d31-451f-82e7-c1de08843a22]  Added the event {
  event_type: 'CBTSessionCreated',
  test_run: {
    uuid: '8c6b324a-3e86-488c-b318-9d1f2c0588fa',
    integrations: { browserstack: [Object] }
  }
} to 38424:0
2025-11-15T09:22:25.227Z CLI info [testhub:request-queue-handler]  [sathishponnusamy_yQ8Y0R]  [bdtce8o0p6oesdj0yzxhcafygjbpvan7llzmm8zw]  [1361ce0f-0d31-451f-82e7-c1de08843a22]  Processing batch event [
  {
    event_type: 'CBTSessionCreated',
    test_run: {
      uuid: '8c6b324a-3e86-488c-b318-9d1f2c0588fa',
      integrations: [Object]
    }
  }
] to 38424:0
2025-11-15T09:22:25.228Z CLI info  [sathishponnusamy_yQ8Y0R]  [bdtce8o0p6oesdj0yzxhcafygjbpvan7llzmm8zw]  [1361ce0f-0d31-451f-82e7-c1de08843a22]  [PRODUCTION] Making POST request to https://collector-observability.browserstack.com
2025-11-15T09:22:25.549Z CLI info [testhub:request-queue-handler]  [sathishponnusamy_yQ8Y0R]  [bdtce8o0p6oesdj0yzxhcafygjbpvan7llzmm8zw]  [1361ce0f-0d31-451f-82e7-c1de08843a22]  Added the event {
  event_type: 'CBTSessionCreated',
  test_run: {
    uuid: '3aae0855-508f-426d-b570-f031ad08e1d9',
    integrations: { browserstack: [Object] }
  }
} to 38424:0
2025-11-15T09:22:27.046Z CLI info [testhub:request-queue-handler]  [sathishponnusamy_yQ8Y0R]  [bdtce8o0p6oesdj0yzxhcafygjbpvan7llzmm8zw]  [1361ce0f-0d31-451f-82e7-c1de08843a22]  Added the event {
  event_type: 'CBTSessionCreated',
  test_run: {
    uuid: '3aae0855-508f-426d-b570-f031ad08e1d9',
    integrations: { browserstack: [Object] }
  }
} to 38424:0
2025-11-15T09:22:27.227Z CLI info [testhub:request-queue-handler]  [sathishponnusamy_yQ8Y0R]  [bdtce8o0p6oesdj0yzxhcafygjbpvan7llzmm8zw]  [1361ce0f-0d31-451f-82e7-c1de08843a22]  Processing batch event [
  {
    event_type: 'CBTSessionCreated',
    test_run: {
      uuid: '3aae0855-508f-426d-b570-f031ad08e1d9',
      integrations: [Object]
    }
  },
  {
    event_type: 'CBTSessionCreated',
    test_run: {
      uuid: '3aae0855-508f-426d-b570-f031ad08e1d9',
      integrations: [Object]
    }
  }
] to 38424:0
2025-11-15T09:22:27.228Z CLI info  [sathishponnusamy_yQ8Y0R]  [bdtce8o0p6oesdj0yzxhcafygjbpvan7llzmm8zw]  [1361ce0f-0d31-451f-82e7-c1de08843a22]  [PRODUCTION] Making POST request to https://collector-observability.browserstack.com
2025-11-15T09:22:28.345Z CLI info [testhub:request-queue-handler]  [sathishponnusamy_yQ8Y0R]  [bdtce8o0p6oesdj0yzxhcafygjbpvan7llzmm8zw]  [1361ce0f-0d31-451f-82e7-c1de08843a22]  Added the event {
  event_type: 'CBTSessionCreated',
  test_run: {
    uuid: '8c6b324a-3e86-488c-b318-9d1f2c0588fa',
    integrations: { browserstack: [Object] }
  }
} to 38424:0
2025-11-15T09:22:29.158Z CLI info [testhub:request-queue-handler]  [sathishponnusamy_yQ8Y0R]  [bdtce8o0p6oesdj0yzxhcafygjbpvan7llzmm8zw]  [1361ce0f-0d31-451f-82e7-c1de08843a22]  Added the event {
  event_type: 'CBTSessionCreated',
  test_run: {
    uuid: 'ac2d1f63-d97b-405a-896b-a64100c110d2',
    integrations: { browserstack: [Object] }
  }
} to 38424:0
2025-11-15T09:22:29.228Z CLI info [testhub:request-queue-handler]  [sathishponnusamy_yQ8Y0R]  [bdtce8o0p6oesdj0yzxhcafygjbpvan7llzmm8zw]  [1361ce0f-0d31-451f-82e7-c1de08843a22]  Processing batch event [
  {
    event_type: 'CBTSessionCreated',
    test_run: {
      uuid: '8c6b324a-3e86-488c-b318-9d1f2c0588fa',
      integrations: [Object]
    }
  },
  {
    event_type: 'CBTSessionCreated',
    test_run: {
      uuid: 'ac2d1f63-d97b-405a-896b-a64100c110d2',
      integrations: [Object]
    }
  }
] to 38424:0
2025-11-15T09:22:29.229Z CLI info  [sathishponnusamy_yQ8Y0R]  [bdtce8o0p6oesdj0yzxhcafygjbpvan7llzmm8zw]  [1361ce0f-0d31-451f-82e7-c1de08843a22]  [PRODUCTION] Making POST request to https://collector-observability.browserstack.com
2025-11-15T09:22:29.968Z CLI info [testhub:request-queue-handler]  [sathishponnusamy_yQ8Y0R]  [bdtce8o0p6oesdj0yzxhcafygjbpvan7llzmm8zw]  [1361ce0f-0d31-451f-82e7-c1de08843a22]  Added the event {
  event_type: 'TestRunFinished',
  test_run: {
    type: 'test',
    framework: 'Cucumber-TestNG',
    uuid: '3aae0855-508f-426d-b570-f031ad08e1d9',
    name: 'Unsuccessful login with invalid or empty credentials',
    body: {
      lang: 'java',
      code: 'public void io.cucumber.testng.AbstractTestNGCucumberTests.runScenario(io.cucumber.testng.PickleWrapper,io.cucumber.testng.FeatureWrapper)'
    },
    identifier: 'Unsuccessful login with invalid or empty credentials',
    scope: 'Unsuccessful login with invalid or empty credentials',
    scopes: [ 'Login Functionality for OpenCart E-Commerce Website' ],
    file_name: 'SeleniumTestNG/src/test/resources/features/loginpage.feature',
    vc_filepath: 'SeleniumTestNG/src/test/resources/features/loginpage.feature',
    location: 'SeleniumTestNG/src/test/resources/features/loginpage.feature',
    meta: {
      data_provider_name: 'scenarios',
      feature: [Object],
      scenario: [Object],
      steps: [Array],
      examples: [Array]
    },
    result: 'passed',
    duration_in_ms: 26379,
    started_at: '2025-11-15T09:22:03.584Z',
    finished_at: '2025-11-15T09:22:29.963Z',
    failure: null,
    failure_type: null,
    failure_reason: null,
    retry_of: null,
    custom_metadata: {},
    tags: [],
    customRerunParam: { rerun_name: 'SeleniumTestNG-1' },
    hooks: [],
    product_map: {
      observability: true,
      accessibility: false,
      percy: false,
      automate: true,
      app_automate: false
    }
  },
  logs: []
} to 38424:0
2025-11-15T09:22:29.989Z CLI info [testhub:request-queue-handler]  [sathishponnusamy_yQ8Y0R]  [bdtce8o0p6oesdj0yzxhcafygjbpvan7llzmm8zw]  [1361ce0f-0d31-451f-82e7-c1de08843a22]  Added the event {
  event_type: 'CBTSessionCreated',
  test_run: {
    uuid: 'dcfa4e1a-8255-46b5-b934-497fb44d421b',
    integrations: { browserstack: [Object] }
  }
} to 38424:0
2025-11-15T09:22:30.651Z CLI info [testhub:request-queue-handler]  [sathishponnusamy_yQ8Y0R]  [bdtce8o0p6oesdj0yzxhcafygjbpvan7llzmm8zw]  [1361ce0f-0d31-451f-82e7-c1de08843a22]  Added the event {
  event_type: 'TestRunStarted',
  test_run: {
    type: 'test',
    framework: 'Cucumber-TestNG',
    uuid: 'dcfa4e1a-8255-46b5-b934-497fb44d421b',
    name: 'Unsuccessful login with invalid or empty credentials',
    body: {
      lang: 'java',
      code: 'public void io.cucumber.testng.AbstractTestNGCucumberTests.runScenario(io.cucumber.testng.PickleWrapper,io.cucumber.testng.FeatureWrapper)'
    },
    identifier: 'Unsuccessful login with invalid or empty credentials',
    scope: 'Unsuccessful login with invalid or empty credentials',
    scopes: [ 'Login Functionality for OpenCart E-Commerce Website' ],
    file_name: 'SeleniumTestNG/src/test/resources/features/loginpage.feature',
    vc_filepath: 'SeleniumTestNG/src/test/resources/features/loginpage.feature',
    location: 'SeleniumTestNG/src/test/resources/features/loginpage.feature',
    meta: {
      data_provider_name: 'scenarios',
      feature: [Object],
      scenario: [Object],
      examples: [Array]
    },
    result: 'passed',
    duration_in_ms: null,
    started_at: '2025-11-15T09:22:29.985Z',
    finished_at: '2025-11-15T09:22:29.963Z',
    failure: null,
    failure_type: null,
    failure_reason: null,
    retry_of: null,
    custom_metadata: {},
    tags: [],
    customRerunParam: { rerun_name: 'SeleniumTestNG-1' },
    hooks: [],
    product_map: {
      observability: true,
      accessibility: false,
      percy: false,
      automate: true,
      app_automate: false
    }
  },
  logs: []
} to 38424:0
2025-11-15T09:22:30.661Z CLI info [testhub:request-queue-handler]  [sathishponnusamy_yQ8Y0R]  [bdtce8o0p6oesdj0yzxhcafygjbpvan7llzmm8zw]  [1361ce0f-0d31-451f-82e7-c1de08843a22]  Added the event {
  event_type: 'CBTSessionCreated',
  test_run: {
    uuid: 'dcfa4e1a-8255-46b5-b934-497fb44d421b',
    integrations: { browserstack: [Object] }
  }
} to 38424:0
2025-11-15T09:22:31.228Z CLI info [testhub:request-queue-handler]  [sathishponnusamy_yQ8Y0R]  [bdtce8o0p6oesdj0yzxhcafygjbpvan7llzmm8zw]  [1361ce0f-0d31-451f-82e7-c1de08843a22]  Processing batch event [
  {
    event_type: 'TestRunFinished',
    test_run: {
      type: 'test',
      framework: 'Cucumber-TestNG',
      uuid: '3aae0855-508f-426d-b570-f031ad08e1d9',
      name: 'Unsuccessful login with invalid or empty credentials',
      body: [Object],
      identifier: 'Unsuccessful login with invalid or empty credentials',
      scope: 'Unsuccessful login with invalid or empty credentials',
      scopes: [Array],
      file_name: 'SeleniumTestNG/src/test/resources/features/loginpage.feature',
      vc_filepath: 'SeleniumTestNG/src/test/resources/features/loginpage.feature',
      location: 'SeleniumTestNG/src/test/resources/features/loginpage.feature',
      meta: [Object],
      result: 'passed',
      duration_in_ms: 26379,
      started_at: '2025-11-15T09:22:03.584Z',
      finished_at: '2025-11-15T09:22:29.963Z',
      failure: null,
      failure_type: null,
      failure_reason: null,
      retry_of: null,
      custom_metadata: {},
      tags: [],
      customRerunParam: [Object],
      hooks: [],
      product_map: [Object]
    },
    logs: []
  },
  {
    event_type: 'CBTSessionCreated',
    test_run: {
      uuid: 'dcfa4e1a-8255-46b5-b934-497fb44d421b',
      integrations: [Object]
    }
  },
  {
    event_type: 'TestRunStarted',
    test_run: {
      type: 'test',
      framework: 'Cucumber-TestNG',
      uuid: 'dcfa4e1a-8255-46b5-b934-497fb44d421b',
      name: 'Unsuccessful login with invalid or empty credentials',
      body: [Object],
      identifier: 'Unsuccessful login with invalid or empty credentials',
      scope: 'Unsuccessful login with invalid or empty credentials',
      scopes: [Array],
      file_name: 'SeleniumTestNG/src/test/resources/features/loginpage.feature',
      vc_filepath: 'SeleniumTestNG/src/test/resources/features/loginpage.feature',
      location: 'SeleniumTestNG/src/test/resources/features/loginpage.feature',
      meta: [Object],
      result: 'passed',
      duration_in_ms: null,
      started_at: '2025-11-15T09:22:29.985Z',
      finished_at: '2025-11-15T09:22:29.963Z',
      failure: null,
      failure_type: null,
      failure_reason: null,
      retry_of: null,
      custom_metadata: {},
      tags: [],
      customRerunParam: [Object],
      hooks: [],
      product_map: [Object]
    },
    logs: []
  },
  {
    event_type: 'CBTSessionCreated',
    test_run: {
      uuid: 'dcfa4e1a-8255-46b5-b934-497fb44d421b',
      integrations: [Object]
    }
  }
] to 38424:0
2025-11-15T09:22:31.229Z CLI info  [sathishponnusamy_yQ8Y0R]  [bdtce8o0p6oesdj0yzxhcafygjbpvan7llzmm8zw]  [1361ce0f-0d31-451f-82e7-c1de08843a22]  [PRODUCTION] Making POST request to https://collector-observability.browserstack.com
2025-11-15T09:22:31.615Z CLI info [testhub:request-queue-handler]  [sathishponnusamy_yQ8Y0R]  [bdtce8o0p6oesdj0yzxhcafygjbpvan7llzmm8zw]  [1361ce0f-0d31-451f-82e7-c1de08843a22]  Added the event {
  event_type: 'CBTSessionCreated',
  test_run: {
    uuid: '8c6b324a-3e86-488c-b318-9d1f2c0588fa',
    integrations: { browserstack: [Object] }
  }
} to 38424:0
2025-11-15T09:22:31.726Z CLI info [testhub:request-queue-handler]  [sathishponnusamy_yQ8Y0R]  [bdtce8o0p6oesdj0yzxhcafygjbpvan7llzmm8zw]  [1361ce0f-0d31-451f-82e7-c1de08843a22]  Added the event {
  event_type: 'CBTSessionCreated',
  test_run: {
    uuid: 'dcfa4e1a-8255-46b5-b934-497fb44d421b',
    integrations: { browserstack: [Object] }
  }
} to 38424:0
2025-11-15T09:22:32.272Z CLI info [sdk:service]  [sathishponnusamy_yQ8Y0R]  [bdtce8o0p6oesdj0yzxhcafygjbpvan7llzmm8zw]  [1361ce0f-0d31-451f-82e7-c1de08843a22]  Driver initialized as primary driver: platformIndex=1
2025-11-15T09:22:33.228Z CLI info [testhub:request-queue-handler]  [sathishponnusamy_yQ8Y0R]  [bdtce8o0p6oesdj0yzxhcafygjbpvan7llzmm8zw]  [1361ce0f-0d31-451f-82e7-c1de08843a22]  Processing batch event [
  {
    event_type: 'CBTSessionCreated',
    test_run: {
      uuid: '8c6b324a-3e86-488c-b318-9d1f2c0588fa',
      integrations: [Object]
    }
  },
  {
    event_type: 'CBTSessionCreated',
    test_run: {
      uuid: 'dcfa4e1a-8255-46b5-b934-497fb44d421b',
      integrations: [Object]
    }
  }
] to 38424:0
2025-11-15T09:22:33.232Z CLI info  [sathishponnusamy_yQ8Y0R]  [bdtce8o0p6oesdj0yzxhcafygjbpvan7llzmm8zw]  [1361ce0f-0d31-451f-82e7-c1de08843a22]  [PRODUCTION] Making POST request to https://collector-observability.browserstack.com
2025-11-15T09:22:34.021Z CLI info [testhub:request-queue-handler]  [sathishponnusamy_yQ8Y0R]  [bdtce8o0p6oesdj0yzxhcafygjbpvan7llzmm8zw]  [1361ce0f-0d31-451f-82e7-c1de08843a22]  Added the event {
  event_type: 'CBTSessionCreated',
  test_run: {
    uuid: '8c6b324a-3e86-488c-b318-9d1f2c0588fa',
    integrations: { browserstack: [Object] }
  }
} to 38424:0
2025-11-15T09:22:34.398Z CLI info [testhub:request-queue-handler]  [sathishponnusamy_yQ8Y0R]  [bdtce8o0p6oesdj0yzxhcafygjbpvan7llzmm8zw]  [1361ce0f-0d31-451f-82e7-c1de08843a22]  Added the event {
  event_type: 'CBTSessionCreated',
  test_run: {
    uuid: 'ac2d1f63-d97b-405a-896b-a64100c110d2',
    integrations: { browserstack: [Object] }
  }
} to 38424:0
2025-11-15T09:22:35.228Z CLI info [testhub:request-queue-handler]  [sathishponnusamy_yQ8Y0R]  [bdtce8o0p6oesdj0yzxhcafygjbpvan7llzmm8zw]  [1361ce0f-0d31-451f-82e7-c1de08843a22]  Processing batch event [
  {
    event_type: 'CBTSessionCreated',
    test_run: {
      uuid: '8c6b324a-3e86-488c-b318-9d1f2c0588fa',
      integrations: [Object]
    }
  },
  {
    event_type: 'CBTSessionCreated',
    test_run: {
      uuid: 'ac2d1f63-d97b-405a-896b-a64100c110d2',
      integrations: [Object]
    }
  }
] to 38424:0
2025-11-15T09:22:35.229Z CLI info  [sathishponnusamy_yQ8Y0R]  [bdtce8o0p6oesdj0yzxhcafygjbpvan7llzmm8zw]  [1361ce0f-0d31-451f-82e7-c1de08843a22]  [PRODUCTION] Making POST request to https://collector-observability.browserstack.com
2025-11-15T09:22:35.705Z CLI info [testhub:request-queue-handler]  [sathishponnusamy_yQ8Y0R]  [bdtce8o0p6oesdj0yzxhcafygjbpvan7llzmm8zw]  [1361ce0f-0d31-451f-82e7-c1de08843a22]  Added the event {
  event_type: 'CBTSessionCreated',
  test_run: {
    uuid: '8c6b324a-3e86-488c-b318-9d1f2c0588fa',
    integrations: { browserstack: [Object] }
  }
} to 38424:0
2025-11-15T09:22:37.229Z CLI info [testhub:request-queue-handler]  [sathishponnusamy_yQ8Y0R]  [bdtce8o0p6oesdj0yzxhcafygjbpvan7llzmm8zw]  [1361ce0f-0d31-451f-82e7-c1de08843a22]  Processing batch event [
  {
    event_type: 'CBTSessionCreated',
    test_run: {
      uuid: '8c6b324a-3e86-488c-b318-9d1f2c0588fa',
      integrations: [Object]
    }
  }
] to 38424:0
2025-11-15T09:22:37.231Z CLI info  [sathishponnusamy_yQ8Y0R]  [bdtce8o0p6oesdj0yzxhcafygjbpvan7llzmm8zw]  [1361ce0f-0d31-451f-82e7-c1de08843a22]  [PRODUCTION] Making POST request to https://collector-observability.browserstack.com
2025-11-15T09:22:37.622Z CLI info [testhub:request-queue-handler]  [sathishponnusamy_yQ8Y0R]  [bdtce8o0p6oesdj0yzxhcafygjbpvan7llzmm8zw]  [1361ce0f-0d31-451f-82e7-c1de08843a22]  Added the event {
  event_type: 'CBTSessionCreated',
  test_run: {
    uuid: 'ac2d1f63-d97b-405a-896b-a64100c110d2',
    integrations: { browserstack: [Object] }
  }
} to 38424:0
2025-11-15T09:22:39.229Z CLI info [testhub:request-queue-handler]  [sathishponnusamy_yQ8Y0R]  [bdtce8o0p6oesdj0yzxhcafygjbpvan7llzmm8zw]  [1361ce0f-0d31-451f-82e7-c1de08843a22]  Processing batch event [
  {
    event_type: 'CBTSessionCreated',
    test_run: {
      uuid: 'ac2d1f63-d97b-405a-896b-a64100c110d2',
      integrations: [Object]
    }
  }
] to 38424:0
2025-11-15T09:22:39.230Z CLI info  [sathishponnusamy_yQ8Y0R]  [bdtce8o0p6oesdj0yzxhcafygjbpvan7llzmm8zw]  [1361ce0f-0d31-451f-82e7-c1de08843a22]  [PRODUCTION] Making POST request to https://collector-observability.browserstack.com
2025-11-15T09:22:39.251Z CLI info [testhub:request-queue-handler]  [sathishponnusamy_yQ8Y0R]  [bdtce8o0p6oesdj0yzxhcafygjbpvan7llzmm8zw]  [1361ce0f-0d31-451f-82e7-c1de08843a22]  Added the event {
  event_type: 'TestRunFinished',
  test_run: {
    type: 'test',
    framework: 'Cucumber-TestNG',
    uuid: '8c6b324a-3e86-488c-b318-9d1f2c0588fa',
    name: 'Unsuccessful login with invalid or empty credentials',
    body: {
      lang: 'java',
      code: 'public void io.cucumber.testng.AbstractTestNGCucumberTests.runScenario(io.cucumber.testng.PickleWrapper,io.cucumber.testng.FeatureWrapper)'
    },
    identifier: 'Unsuccessful login with invalid or empty credentials',
    scope: 'Unsuccessful login with invalid or empty credentials',
    scopes: [ 'Login Functionality for OpenCart E-Commerce Website' ],
    file_name: 'SeleniumTestNG/src/test/resources/features/loginpage.feature',
    vc_filepath: 'SeleniumTestNG/src/test/resources/features/loginpage.feature',
    location: 'SeleniumTestNG/src/test/resources/features/loginpage.feature',
    meta: {
      data_provider_name: 'scenarios',
      feature: [Object],
      scenario: [Object],
      steps: [Array],
      examples: [Array]
    },
    result: 'passed',
    duration_in_ms: 38590,
    started_at: '2025-11-15T09:22:00.657Z',
    finished_at: '2025-11-15T09:22:39.247Z',
    failure: null,
    failure_type: null,
    failure_reason: null,
    retry_of: null,
    custom_metadata: {},
    tags: [],
    customRerunParam: { rerun_name: 'SeleniumTestNG-0' },
    hooks: [],
    product_map: {
      observability: true,
      accessibility: false,
      percy: false,
      automate: true,
      app_automate: false
    }
  },
  logs: []
} to 38424:0
2025-11-15T09:22:39.267Z CLI info [testhub:request-queue-handler]  [sathishponnusamy_yQ8Y0R]  [bdtce8o0p6oesdj0yzxhcafygjbpvan7llzmm8zw]  [1361ce0f-0d31-451f-82e7-c1de08843a22]  Added the event {
  event_type: 'CBTSessionCreated',
  test_run: {
    uuid: '9f607224-cbc3-4825-8644-3345f5d1e1de',
    integrations: { browserstack: [Object] }
  }
} to 38424:0
2025-11-15T09:22:39.552Z CLI info [testhub:request-queue-handler]  [sathishponnusamy_yQ8Y0R]  [bdtce8o0p6oesdj0yzxhcafygjbpvan7llzmm8zw]  [1361ce0f-0d31-451f-82e7-c1de08843a22]  Added the event {
  event_type: 'TestRunStarted',
  test_run: {
    type: 'test',
    framework: 'Cucumber-TestNG',
    uuid: '9f607224-cbc3-4825-8644-3345f5d1e1de',
    name: 'Unsuccessful login with invalid or empty credentials',
    body: {
      lang: 'java',
      code: 'public void io.cucumber.testng.AbstractTestNGCucumberTests.runScenario(io.cucumber.testng.PickleWrapper,io.cucumber.testng.FeatureWrapper)'
    },
    identifier: 'Unsuccessful login with invalid or empty credentials',
    scope: 'Unsuccessful login with invalid or empty credentials',
    scopes: [ 'Login Functionality for OpenCart E-Commerce Website' ],
    file_name: 'SeleniumTestNG/src/test/resources/features/loginpage.feature',
    vc_filepath: 'SeleniumTestNG/src/test/resources/features/loginpage.feature',
    location: 'SeleniumTestNG/src/test/resources/features/loginpage.feature',
    meta: {
      data_provider_name: 'scenarios',
      feature: [Object],
      scenario: [Object],
      examples: [Array]
    },
    result: 'passed',
    duration_in_ms: null,
    started_at: '2025-11-15T09:22:39.263Z',
    finished_at: '2025-11-15T09:22:39.247Z',
    failure: null,
    failure_type: null,
    failure_reason: null,
    retry_of: null,
    custom_metadata: {},
    tags: [],
    customRerunParam: { rerun_name: 'SeleniumTestNG-0' },
    hooks: [],
    product_map: {
      observability: true,
      accessibility: false,
      percy: false,
      automate: true,
      app_automate: false
    }
  },
  logs: []
} to 38424:0
2025-11-15T09:22:39.554Z CLI info [testhub:request-queue-handler]  [sathishponnusamy_yQ8Y0R]  [bdtce8o0p6oesdj0yzxhcafygjbpvan7llzmm8zw]  [1361ce0f-0d31-451f-82e7-c1de08843a22]  Added the event {
  event_type: 'CBTSessionCreated',
  test_run: {
    uuid: 'ac2d1f63-d97b-405a-896b-a64100c110d2',
    integrations: { browserstack: [Object] }
  }
} to 38424:0
2025-11-15T09:22:39.563Z CLI info [testhub:request-queue-handler]  [sathishponnusamy_yQ8Y0R]  [bdtce8o0p6oesdj0yzxhcafygjbpvan7llzmm8zw]  [1361ce0f-0d31-451f-82e7-c1de08843a22]  Added the event {
  event_type: 'CBTSessionCreated',
  test_run: {
    uuid: '9f607224-cbc3-4825-8644-3345f5d1e1de',
    integrations: { browserstack: [Object] }
  }
} to 38424:0
2025-11-15T09:22:40.091Z CLI info [testhub:request-queue-handler]  [sathishponnusamy_yQ8Y0R]  [bdtce8o0p6oesdj0yzxhcafygjbpvan7llzmm8zw]  [1361ce0f-0d31-451f-82e7-c1de08843a22]  Added the event {
  event_type: 'CBTSessionCreated',
  test_run: {
    uuid: '9f607224-cbc3-4825-8644-3345f5d1e1de',
    integrations: { browserstack: [Object] }
  }
} to 38424:0
2025-11-15T09:22:40.420Z CLI info [testhub:request-queue-handler]  [sathishponnusamy_yQ8Y0R]  [bdtce8o0p6oesdj0yzxhcafygjbpvan7llzmm8zw]  [1361ce0f-0d31-451f-82e7-c1de08843a22]  Added the event {
  event_type: 'CBTSessionCreated',
  test_run: {
    uuid: 'dcfa4e1a-8255-46b5-b934-497fb44d421b',
    integrations: { browserstack: [Object] }
  }
} to 38424:0
2025-11-15T09:22:40.645Z CLI info [sdk:service]  [sathishponnusamy_yQ8Y0R]  [bdtce8o0p6oesdj0yzxhcafygjbpvan7llzmm8zw]  [1361ce0f-0d31-451f-82e7-c1de08843a22]  Driver initialized as primary driver: platformIndex=0
2025-11-15T09:22:40.953Z CLI info [testhub:request-queue-handler]  [sathishponnusamy_yQ8Y0R]  [bdtce8o0p6oesdj0yzxhcafygjbpvan7llzmm8zw]  [1361ce0f-0d31-451f-82e7-c1de08843a22]  Added the event {
  event_type: 'CBTSessionCreated',
  test_run: {
    uuid: 'ac2d1f63-d97b-405a-896b-a64100c110d2',
    integrations: { browserstack: [Object] }
  }
} to 38424:0
2025-11-15T09:22:41.233Z CLI info [testhub:request-queue-handler]  [sathishponnusamy_yQ8Y0R]  [bdtce8o0p6oesdj0yzxhcafygjbpvan7llzmm8zw]  [1361ce0f-0d31-451f-82e7-c1de08843a22]  Processing batch event [
  {
    event_type: 'TestRunFinished',
    test_run: {
      type: 'test',
      framework: 'Cucumber-TestNG',
      uuid: '8c6b324a-3e86-488c-b318-9d1f2c0588fa',
      name: 'Unsuccessful login with invalid or empty credentials',
      body: [Object],
      identifier: 'Unsuccessful login with invalid or empty credentials',
      scope: 'Unsuccessful login with invalid or empty credentials',
      scopes: [Array],
      file_name: 'SeleniumTestNG/src/test/resources/features/loginpage.feature',
      vc_filepath: 'SeleniumTestNG/src/test/resources/features/loginpage.feature',
      location: 'SeleniumTestNG/src/test/resources/features/loginpage.feature',
      meta: [Object],
      result: 'passed',
      duration_in_ms: 38590,
      started_at: '2025-11-15T09:22:00.657Z',
      finished_at: '2025-11-15T09:22:39.247Z',
      failure: null,
      failure_type: null,
      failure_reason: null,
      retry_of: null,
      custom_metadata: {},
      tags: [],
      customRerunParam: [Object],
      hooks: [],
      product_map: [Object]
    },
    logs: []
  },
  {
    event_type: 'CBTSessionCreated',
    test_run: {
      uuid: '9f607224-cbc3-4825-8644-3345f5d1e1de',
      integrations: [Object]
    }
  },
  {
    event_type: 'TestRunStarted',
    test_run: {
      type: 'test',
      framework: 'Cucumber-TestNG',
      uuid: '9f607224-cbc3-4825-8644-3345f5d1e1de',
      name: 'Unsuccessful login with invalid or empty credentials',
      body: [Object],
      identifier: 'Unsuccessful login with invalid or empty credentials',
      scope: 'Unsuccessful login with invalid or empty credentials',
      scopes: [Array],
      file_name: 'SeleniumTestNG/src/test/resources/features/loginpage.feature',
      vc_filepath: 'SeleniumTestNG/src/test/resources/features/loginpage.feature',
      location: 'SeleniumTestNG/src/test/resources/features/loginpage.feature',
      meta: [Object],
      result: 'passed',
      duration_in_ms: null,
      started_at: '2025-11-15T09:22:39.263Z',
      finished_at: '2025-11-15T09:22:39.247Z',
      failure: null,
      failure_type: null,
      failure_reason: null,
      retry_of: null,
      custom_metadata: {},
      tags: [],
      customRerunParam: [Object],
      hooks: [],
      product_map: [Object]
    },
    logs: []
  },
  {
    event_type: 'CBTSessionCreated',
    test_run: {
      uuid: 'ac2d1f63-d97b-405a-896b-a64100c110d2',
      integrations: [Object]
    }
  },
  {
    event_type: 'CBTSessionCreated',
    test_run: {
      uuid: '9f607224-cbc3-4825-8644-3345f5d1e1de',
      integrations: [Object]
    }
  },
  {
    event_type: 'CBTSessionCreated',
    test_run: {
      uuid: '9f607224-cbc3-4825-8644-3345f5d1e1de',
      integrations: [Object]
    }
  },
  {
    event_type: 'CBTSessionCreated',
    test_run: {
      uuid: 'dcfa4e1a-8255-46b5-b934-497fb44d421b',
      integrations: [Object]
    }
  },
  {
    event_type: 'CBTSessionCreated',
    test_run: {
      uuid: 'ac2d1f63-d97b-405a-896b-a64100c110d2',
      integrations: [Object]
    }
  }
] to 38424:0
2025-11-15T09:22:41.235Z CLI info  [sathishponnusamy_yQ8Y0R]  [bdtce8o0p6oesdj0yzxhcafygjbpvan7llzmm8zw]  [1361ce0f-0d31-451f-82e7-c1de08843a22]  [PRODUCTION] Making POST request to https://collector-observability.browserstack.com
2025-11-15T09:22:43.712Z CLI info [testhub:request-queue-handler]  [sathishponnusamy_yQ8Y0R]  [bdtce8o0p6oesdj0yzxhcafygjbpvan7llzmm8zw]  [1361ce0f-0d31-451f-82e7-c1de08843a22]  Added the event {
  event_type: 'TestRunFinished',
  test_run: {
    type: 'test',
    framework: 'Cucumber-TestNG',
    uuid: 'ac2d1f63-d97b-405a-896b-a64100c110d2',
    name: 'Successful login with valid credentials',
    body: {
      lang: 'java',
      code: 'public void io.cucumber.testng.AbstractTestNGCucumberTests.runScenario(io.cucumber.testng.PickleWrapper,io.cucumber.testng.FeatureWrapper)'
    },
    identifier: 'Successful login with valid credentials',
    scope: 'Successful login with valid credentials',
    scopes: [ 'Login Functionality for OpenCart E-Commerce Website' ],
    file_name: 'SeleniumTestNG/src/test/resources/features/loginpage.feature',
    vc_filepath: 'SeleniumTestNG/src/test/resources/features/loginpage.feature',
    location: 'SeleniumTestNG/src/test/resources/features/loginpage.feature',
    meta: {
      data_provider_name: 'scenarios',
      feature: [Object],
      scenario: [Object],
      steps: [Array]
    },
    result: 'failed',
    duration_in_ms: 69775,
    started_at: '2025-11-15T09:21:33.931Z',
    finished_at: '2025-11-15T09:22:43.706Z',
    failure: [ [Object] ],
    failure_type: 'AssertionError',
    failure_reason: 'java.lang.AssertionError: expected [true] but found [false]',
    retry_of: null,
    custom_metadata: {},
    tags: [],
    customRerunParam: { rerun_name: 'SeleniumTestNG-2' },
    hooks: [ '99ed50b5-83d9-4aa7-8976-8e256f4b4b8a' ],
    product_map: {
      observability: true,
      accessibility: false,
      percy: false,
      automate: true,
      app_automate: false
    }
  },
  logs: []
} to 38424:0
2025-11-15T09:22:43.744Z CLI info [testhub:request-queue-handler]  [sathishponnusamy_yQ8Y0R]  [bdtce8o0p6oesdj0yzxhcafygjbpvan7llzmm8zw]  [1361ce0f-0d31-451f-82e7-c1de08843a22]  Added the event {
  event_type: 'CBTSessionCreated',
  test_run: {
    uuid: 'a996dfb7-a282-40ad-92d7-068e7419ef65',
    integrations: { browserstack: [Object] }
  }
} to 38424:0
2025-11-15T09:22:44.032Z CLI info [testhub:request-queue-handler]  [sathishponnusamy_yQ8Y0R]  [bdtce8o0p6oesdj0yzxhcafygjbpvan7llzmm8zw]  [1361ce0f-0d31-451f-82e7-c1de08843a22]  Added the event {
  event_type: 'TestRunStarted',
  test_run: {
    type: 'test',
    framework: 'Cucumber-TestNG',
    uuid: 'a996dfb7-a282-40ad-92d7-068e7419ef65',
    name: 'Unsuccessful login with invalid or empty credentials',
    body: {
      lang: 'java',
      code: 'public void io.cucumber.testng.AbstractTestNGCucumberTests.runScenario(io.cucumber.testng.PickleWrapper,io.cucumber.testng.FeatureWrapper)'
    },
    identifier: 'Unsuccessful login with invalid or empty credentials',
    scope: 'Unsuccessful login with invalid or empty credentials',
    scopes: [ 'Login Functionality for OpenCart E-Commerce Website' ],
    file_name: 'SeleniumTestNG/src/test/resources/features/loginpage.feature',
    vc_filepath: 'SeleniumTestNG/src/test/resources/features/loginpage.feature',
    location: 'SeleniumTestNG/src/test/resources/features/loginpage.feature',
    meta: {
      data_provider_name: 'scenarios',
      feature: [Object],
      scenario: [Object],
      examples: [Array]
    },
    result: 'failed',
    duration_in_ms: null,
    started_at: '2025-11-15T09:22:43.740Z',
    finished_at: '2025-11-15T09:22:43.706Z',
    failure: [ [Object] ],
    failure_type: 'AssertionError',
    failure_reason: 'java.lang.AssertionError: expected [true] but found [false]',
    retry_of: null,
    custom_metadata: {},
    tags: [],
    customRerunParam: { rerun_name: 'SeleniumTestNG-2' },
    hooks: [],
    product_map: {
      observability: true,
      accessibility: false,
      percy: false,
      automate: true,
      app_automate: false
    }
  },
  logs: []
} to 38424:0
2025-11-15T09:22:44.059Z CLI info [testhub:request-queue-handler]  [sathishponnusamy_yQ8Y0R]  [bdtce8o0p6oesdj0yzxhcafygjbpvan7llzmm8zw]  [1361ce0f-0d31-451f-82e7-c1de08843a22]  Added the event {
  event_type: 'CBTSessionCreated',
  test_run: {
    uuid: 'a996dfb7-a282-40ad-92d7-068e7419ef65',
    integrations: { browserstack: [Object] }
  }
} to 38424:0
2025-11-15T09:22:44.649Z CLI info [testhub:request-queue-handler]  [sathishponnusamy_yQ8Y0R]  [bdtce8o0p6oesdj0yzxhcafygjbpvan7llzmm8zw]  [1361ce0f-0d31-451f-82e7-c1de08843a22]  Added the event {
  event_type: 'CBTSessionCreated',
  test_run: {
    uuid: 'a996dfb7-a282-40ad-92d7-068e7419ef65',
    integrations: { browserstack: [Object] }
  }
} to 38424:0
2025-11-15T09:22:45.179Z CLI info [sdk:service]  [sathishponnusamy_yQ8Y0R]  [bdtce8o0p6oesdj0yzxhcafygjbpvan7llzmm8zw]  [1361ce0f-0d31-451f-82e7-c1de08843a22]  Driver initialized as primary driver: platformIndex=2
2025-11-15T09:22:45.231Z CLI info [testhub:request-queue-handler]  [sathishponnusamy_yQ8Y0R]  [bdtce8o0p6oesdj0yzxhcafygjbpvan7llzmm8zw]  [1361ce0f-0d31-451f-82e7-c1de08843a22]  Processing batch event [
  {
    event_type: 'TestRunFinished',
    test_run: {
      type: 'test',
      framework: 'Cucumber-TestNG',
      uuid: 'ac2d1f63-d97b-405a-896b-a64100c110d2',
      name: 'Successful login with valid credentials',
      body: [Object],
      identifier: 'Successful login with valid credentials',
      scope: 'Successful login with valid credentials',
      scopes: [Array],
      file_name: 'SeleniumTestNG/src/test/resources/features/loginpage.feature',
      vc_filepath: 'SeleniumTestNG/src/test/resources/features/loginpage.feature',
      location: 'SeleniumTestNG/src/test/resources/features/loginpage.feature',
      meta: [Object],
      result: 'failed',
      duration_in_ms: 69775,
      started_at: '2025-11-15T09:21:33.931Z',
      finished_at: '2025-11-15T09:22:43.706Z',
      failure: [Array],
      failure_type: 'AssertionError',
      failure_reason: 'java.lang.AssertionError: expected [true] but found [false]',
      retry_of: null,
      custom_metadata: {},
      tags: [],
      customRerunParam: [Object],
      hooks: [Array],
      product_map: [Object]
    },
    logs: []
  },
  {
    event_type: 'CBTSessionCreated',
    test_run: {
      uuid: 'a996dfb7-a282-40ad-92d7-068e7419ef65',
      integrations: [Object]
    }
  },
  {
    event_type: 'TestRunStarted',
    test_run: {
      type: 'test',
      framework: 'Cucumber-TestNG',
      uuid: 'a996dfb7-a282-40ad-92d7-068e7419ef65',
      name: 'Unsuccessful login with invalid or empty credentials',
      body: [Object],
      identifier: 'Unsuccessful login with invalid or empty credentials',
      scope: 'Unsuccessful login with invalid or empty credentials',
      scopes: [Array],
      file_name: 'SeleniumTestNG/src/test/resources/features/loginpage.feature',
      vc_filepath: 'SeleniumTestNG/src/test/resources/features/loginpage.feature',
      location: 'SeleniumTestNG/src/test/resources/features/loginpage.feature',
      meta: [Object],
      result: 'failed',
      duration_in_ms: null,
      started_at: '2025-11-15T09:22:43.740Z',
      finished_at: '2025-11-15T09:22:43.706Z',
      failure: [Array],
      failure_type: 'AssertionError',
      failure_reason: 'java.lang.AssertionError: expected [true] but found [false]',
      retry_of: null,
      custom_metadata: {},
      tags: [],
      customRerunParam: [Object],
      hooks: [],
      product_map: [Object]
    },
    logs: []
  },
  {
    event_type: 'CBTSessionCreated',
    test_run: {
      uuid: 'a996dfb7-a282-40ad-92d7-068e7419ef65',
      integrations: [Object]
    }
  },
  {
    event_type: 'CBTSessionCreated',
    test_run: {
      uuid: 'a996dfb7-a282-40ad-92d7-068e7419ef65',
      integrations: [Object]
    }
  }
] to 38424:0
2025-11-15T09:22:45.232Z CLI info  [sathishponnusamy_yQ8Y0R]  [bdtce8o0p6oesdj0yzxhcafygjbpvan7llzmm8zw]  [1361ce0f-0d31-451f-82e7-c1de08843a22]  [PRODUCTION] Making POST request to https://collector-observability.browserstack.com
2025-11-15T09:22:45.479Z CLI info [testhub:request-queue-handler]  [sathishponnusamy_yQ8Y0R]  [bdtce8o0p6oesdj0yzxhcafygjbpvan7llzmm8zw]  [1361ce0f-0d31-451f-82e7-c1de08843a22]  Added the event {
  event_type: 'CBTSessionCreated',
  test_run: {
    uuid: 'dcfa4e1a-8255-46b5-b934-497fb44d421b',
    integrations: { browserstack: [Object] }
  }
} to 38424:0
2025-11-15T09:22:47.087Z CLI info [testhub:request-queue-handler]  [sathishponnusamy_yQ8Y0R]  [bdtce8o0p6oesdj0yzxhcafygjbpvan7llzmm8zw]  [1361ce0f-0d31-451f-82e7-c1de08843a22]  Added the event {
  event_type: 'CBTSessionCreated',
  test_run: {
    uuid: 'dcfa4e1a-8255-46b5-b934-497fb44d421b',
    integrations: { browserstack: [Object] }
  }
} to 38424:0
2025-11-15T09:22:47.232Z CLI info [testhub:request-queue-handler]  [sathishponnusamy_yQ8Y0R]  [bdtce8o0p6oesdj0yzxhcafygjbpvan7llzmm8zw]  [1361ce0f-0d31-451f-82e7-c1de08843a22]  Processing batch event [
  {
    event_type: 'CBTSessionCreated',
    test_run: {
      uuid: 'dcfa4e1a-8255-46b5-b934-497fb44d421b',
      integrations: [Object]
    }
  },
  {
    event_type: 'CBTSessionCreated',
    test_run: {
      uuid: 'dcfa4e1a-8255-46b5-b934-497fb44d421b',
      integrations: [Object]
    }
  }
] to 38424:0
2025-11-15T09:22:47.234Z CLI info  [sathishponnusamy_yQ8Y0R]  [bdtce8o0p6oesdj0yzxhcafygjbpvan7llzmm8zw]  [1361ce0f-0d31-451f-82e7-c1de08843a22]  [PRODUCTION] Making POST request to https://collector-observability.browserstack.com
2025-11-15T09:22:48.419Z CLI info [testhub:request-queue-handler]  [sathishponnusamy_yQ8Y0R]  [bdtce8o0p6oesdj0yzxhcafygjbpvan7llzmm8zw]  [1361ce0f-0d31-451f-82e7-c1de08843a22]  Added the event {
  event_type: 'CBTSessionCreated',
  test_run: {
    uuid: '9f607224-cbc3-4825-8644-3345f5d1e1de',
    integrations: { browserstack: [Object] }
  }
} to 38424:0
2025-11-15T09:22:49.232Z CLI info [testhub:request-queue-handler]  [sathishponnusamy_yQ8Y0R]  [bdtce8o0p6oesdj0yzxhcafygjbpvan7llzmm8zw]  [1361ce0f-0d31-451f-82e7-c1de08843a22]  Processing batch event [
  {
    event_type: 'CBTSessionCreated',
    test_run: {
      uuid: '9f607224-cbc3-4825-8644-3345f5d1e1de',
      integrations: [Object]
    }
  }
] to 38424:0
2025-11-15T09:22:49.233Z CLI info  [sathishponnusamy_yQ8Y0R]  [bdtce8o0p6oesdj0yzxhcafygjbpvan7llzmm8zw]  [1361ce0f-0d31-451f-82e7-c1de08843a22]  [PRODUCTION] Making POST request to https://collector-observability.browserstack.com
2025-11-15T09:22:49.856Z CLI info [testhub:request-queue-handler]  [sathishponnusamy_yQ8Y0R]  [bdtce8o0p6oesdj0yzxhcafygjbpvan7llzmm8zw]  [1361ce0f-0d31-451f-82e7-c1de08843a22]  Added the event {
  event_type: 'CBTSessionCreated',
  test_run: {
    uuid: 'dcfa4e1a-8255-46b5-b934-497fb44d421b',
    integrations: { browserstack: [Object] }
  }
} to 38424:0
2025-11-15T09:22:51.132Z CLI info [testhub:request-queue-handler]  [sathishponnusamy_yQ8Y0R]  [bdtce8o0p6oesdj0yzxhcafygjbpvan7llzmm8zw]  [1361ce0f-0d31-451f-82e7-c1de08843a22]  Added the event {
  event_type: 'CBTSessionCreated',
  test_run: {
    uuid: 'dcfa4e1a-8255-46b5-b934-497fb44d421b',
    integrations: { browserstack: [Object] }
  }
} to 38424:0
2025-11-15T09:22:51.237Z CLI info [testhub:request-queue-handler]  [sathishponnusamy_yQ8Y0R]  [bdtce8o0p6oesdj0yzxhcafygjbpvan7llzmm8zw]  [1361ce0f-0d31-451f-82e7-c1de08843a22]  Processing batch event [
  {
    event_type: 'CBTSessionCreated',
    test_run: {
      uuid: 'dcfa4e1a-8255-46b5-b934-497fb44d421b',
      integrations: [Object]
    }
  },
  {
    event_type: 'CBTSessionCreated',
    test_run: {
      uuid: 'dcfa4e1a-8255-46b5-b934-497fb44d421b',
      integrations: [Object]
    }
  }
] to 38424:0
2025-11-15T09:22:51.238Z CLI info  [sathishponnusamy_yQ8Y0R]  [bdtce8o0p6oesdj0yzxhcafygjbpvan7llzmm8zw]  [1361ce0f-0d31-451f-82e7-c1de08843a22]  [PRODUCTION] Making POST request to https://collector-observability.browserstack.com
2025-11-15T09:22:52.891Z CLI info [testhub:request-queue-handler]  [sathishponnusamy_yQ8Y0R]  [bdtce8o0p6oesdj0yzxhcafygjbpvan7llzmm8zw]  [1361ce0f-0d31-451f-82e7-c1de08843a22]  Added the event {
  event_type: 'CBTSessionCreated',
  test_run: {
    uuid: '9f607224-cbc3-4825-8644-3345f5d1e1de',
    integrations: { browserstack: [Object] }
  }
} to 38424:0
2025-11-15T09:22:53.238Z CLI info [testhub:request-queue-handler]  [sathishponnusamy_yQ8Y0R]  [bdtce8o0p6oesdj0yzxhcafygjbpvan7llzmm8zw]  [1361ce0f-0d31-451f-82e7-c1de08843a22]  Processing batch event [
  {
    event_type: 'CBTSessionCreated',
    test_run: {
      uuid: '9f607224-cbc3-4825-8644-3345f5d1e1de',
      integrations: [Object]
    }
  }
] to 38424:0
2025-11-15T09:22:53.240Z CLI info  [sathishponnusamy_yQ8Y0R]  [bdtce8o0p6oesdj0yzxhcafygjbpvan7llzmm8zw]  [1361ce0f-0d31-451f-82e7-c1de08843a22]  [PRODUCTION] Making POST request to https://collector-observability.browserstack.com
2025-11-15T09:22:53.891Z CLI info [testhub:request-queue-handler]  [sathishponnusamy_yQ8Y0R]  [bdtce8o0p6oesdj0yzxhcafygjbpvan7llzmm8zw]  [1361ce0f-0d31-451f-82e7-c1de08843a22]  Added the event {
  event_type: 'TestRunFinished',
  test_run: {
    type: 'test',
    framework: 'Cucumber-TestNG',
    uuid: 'dcfa4e1a-8255-46b5-b934-497fb44d421b',
    name: 'Unsuccessful login with invalid or empty credentials',
    body: {
      lang: 'java',
      code: 'public void io.cucumber.testng.AbstractTestNGCucumberTests.runScenario(io.cucumber.testng.PickleWrapper,io.cucumber.testng.FeatureWrapper)'
    },
    identifier: 'Unsuccessful login with invalid or empty credentials',
    scope: 'Unsuccessful login with invalid or empty credentials',
    scopes: [ 'Login Functionality for OpenCart E-Commerce Website' ],
    file_name: 'SeleniumTestNG/src/test/resources/features/loginpage.feature',
    vc_filepath: 'SeleniumTestNG/src/test/resources/features/loginpage.feature',
    location: 'SeleniumTestNG/src/test/resources/features/loginpage.feature',
    meta: {
      data_provider_name: 'scenarios',
      feature: [Object],
      scenario: [Object],
      steps: [Array],
      examples: [Array]
    },
    result: 'passed',
    duration_in_ms: 23901,
    started_at: '2025-11-15T09:22:29.985Z',
    finished_at: '2025-11-15T09:22:53.886Z',
    failure: null,
    failure_type: null,
    failure_reason: null,
    retry_of: null,
    custom_metadata: {},
    tags: [],
    customRerunParam: { rerun_name: 'SeleniumTestNG-1' },
    hooks: [],
    product_map: {
      observability: true,
      accessibility: false,
      percy: false,
      automate: true,
      app_automate: false
    }
  },
  logs: []
} to 38424:0
2025-11-15T09:22:53.911Z CLI info [testhub:request-queue-handler]  [sathishponnusamy_yQ8Y0R]  [bdtce8o0p6oesdj0yzxhcafygjbpvan7llzmm8zw]  [1361ce0f-0d31-451f-82e7-c1de08843a22]  Added the event {
  event_type: 'CBTSessionCreated',
  test_run: {
    uuid: 'ffc36b90-8bc9-4bb9-aeb7-eb203d038f22',
    integrations: { browserstack: [Object] }
  }
} to 38424:0
2025-11-15T09:22:54.182Z CLI info [testhub:request-queue-handler]  [sathishponnusamy_yQ8Y0R]  [bdtce8o0p6oesdj0yzxhcafygjbpvan7llzmm8zw]  [1361ce0f-0d31-451f-82e7-c1de08843a22]  Added the event {
  event_type: 'TestRunStarted',
  test_run: {
    type: 'test',
    framework: 'Cucumber-TestNG',
    uuid: 'ffc36b90-8bc9-4bb9-aeb7-eb203d038f22',
    name: 'Navigating to the forgotten password page',
    body: {
      lang: 'java',
      code: 'public void io.cucumber.testng.AbstractTestNGCucumberTests.runScenario(io.cucumber.testng.PickleWrapper,io.cucumber.testng.FeatureWrapper)'
    },
    identifier: 'Navigating to the forgotten password page',
    scope: 'Navigating to the forgotten password page',
    scopes: [ 'Login Functionality for OpenCart E-Commerce Website' ],
    file_name: 'SeleniumTestNG/src/test/resources/features/loginpage.feature',
    vc_filepath: 'SeleniumTestNG/src/test/resources/features/loginpage.feature',
    location: 'SeleniumTestNG/src/test/resources/features/loginpage.feature',
    meta: {
      data_provider_name: 'scenarios',
      feature: [Object],
      scenario: [Object]
    },
    result: 'passed',
    duration_in_ms: null,
    started_at: '2025-11-15T09:22:53.908Z',
    finished_at: '2025-11-15T09:22:53.886Z',
    failure: null,
    failure_type: null,
    failure_reason: null,
    retry_of: null,
    custom_metadata: {},
    tags: [],
    customRerunParam: { rerun_name: 'SeleniumTestNG-1' },
    hooks: [],
    product_map: {
      observability: true,
      accessibility: false,
      percy: false,
      automate: true,
      app_automate: false
    }
  },
  logs: []
} to 38424:0
2025-11-15T09:22:54.189Z CLI info [testhub:request-queue-handler]  [sathishponnusamy_yQ8Y0R]  [bdtce8o0p6oesdj0yzxhcafygjbpvan7llzmm8zw]  [1361ce0f-0d31-451f-82e7-c1de08843a22]  Added the event {
  event_type: 'CBTSessionCreated',
  test_run: {
    uuid: 'ffc36b90-8bc9-4bb9-aeb7-eb203d038f22',
    integrations: { browserstack: [Object] }
  }
} to 38424:0
2025-11-15T09:22:54.845Z CLI info [testhub:request-queue-handler]  [sathishponnusamy_yQ8Y0R]  [bdtce8o0p6oesdj0yzxhcafygjbpvan7llzmm8zw]  [1361ce0f-0d31-451f-82e7-c1de08843a22]  Added the event {
  event_type: 'CBTSessionCreated',
  test_run: {
    uuid: 'ffc36b90-8bc9-4bb9-aeb7-eb203d038f22',
    integrations: { browserstack: [Object] }
  }
} to 38424:0
2025-11-15T09:22:55.238Z CLI info [testhub:request-queue-handler]  [sathishponnusamy_yQ8Y0R]  [bdtce8o0p6oesdj0yzxhcafygjbpvan7llzmm8zw]  [1361ce0f-0d31-451f-82e7-c1de08843a22]  Processing batch event [
  {
    event_type: 'TestRunFinished',
    test_run: {
      type: 'test',
      framework: 'Cucumber-TestNG',
      uuid: 'dcfa4e1a-8255-46b5-b934-497fb44d421b',
      name: 'Unsuccessful login with invalid or empty credentials',
      body: [Object],
      identifier: 'Unsuccessful login with invalid or empty credentials',
      scope: 'Unsuccessful login with invalid or empty credentials',
      scopes: [Array],
      file_name: 'SeleniumTestNG/src/test/resources/features/loginpage.feature',
      vc_filepath: 'SeleniumTestNG/src/test/resources/features/loginpage.feature',
      location: 'SeleniumTestNG/src/test/resources/features/loginpage.feature',
      meta: [Object],
      result: 'passed',
      duration_in_ms: 23901,
      started_at: '2025-11-15T09:22:29.985Z',
      finished_at: '2025-11-15T09:22:53.886Z',
      failure: null,
      failure_type: null,
      failure_reason: null,
      retry_of: null,
      custom_metadata: {},
      tags: [],
      customRerunParam: [Object],
      hooks: [],
      product_map: [Object]
    },
    logs: []
  },
  {
    event_type: 'CBTSessionCreated',
    test_run: {
      uuid: 'ffc36b90-8bc9-4bb9-aeb7-eb203d038f22',
      integrations: [Object]
    }
  },
  {
    event_type: 'TestRunStarted',
    test_run: {
      type: 'test',
      framework: 'Cucumber-TestNG',
      uuid: 'ffc36b90-8bc9-4bb9-aeb7-eb203d038f22',
      name: 'Navigating to the forgotten password page',
      body: [Object],
      identifier: 'Navigating to the forgotten password page',
      scope: 'Navigating to the forgotten password page',
      scopes: [Array],
      file_name: 'SeleniumTestNG/src/test/resources/features/loginpage.feature',
      vc_filepath: 'SeleniumTestNG/src/test/resources/features/loginpage.feature',
      location: 'SeleniumTestNG/src/test/resources/features/loginpage.feature',
      meta: [Object],
      result: 'passed',
      duration_in_ms: null,
      started_at: '2025-11-15T09:22:53.908Z',
      finished_at: '2025-11-15T09:22:53.886Z',
      failure: null,
      failure_type: null,
      failure_reason: null,
      retry_of: null,
      custom_metadata: {},
      tags: [],
      customRerunParam: [Object],
      hooks: [],
      product_map: [Object]
    },
    logs: []
  },
  {
    event_type: 'CBTSessionCreated',
    test_run: {
      uuid: 'ffc36b90-8bc9-4bb9-aeb7-eb203d038f22',
      integrations: [Object]
    }
  },
  {
    event_type: 'CBTSessionCreated',
    test_run: {
      uuid: 'ffc36b90-8bc9-4bb9-aeb7-eb203d038f22',
      integrations: [Object]
    }
  }
] to 38424:0
2025-11-15T09:22:55.239Z CLI info  [sathishponnusamy_yQ8Y0R]  [bdtce8o0p6oesdj0yzxhcafygjbpvan7llzmm8zw]  [1361ce0f-0d31-451f-82e7-c1de08843a22]  [PRODUCTION] Making POST request to https://collector-observability.browserstack.com
2025-11-15T09:22:55.431Z CLI info [sdk:service]  [sathishponnusamy_yQ8Y0R]  [bdtce8o0p6oesdj0yzxhcafygjbpvan7llzmm8zw]  [1361ce0f-0d31-451f-82e7-c1de08843a22]  Driver initialized as primary driver: platformIndex=1
2025-11-15T09:22:55.595Z CLI info [testhub:request-queue-handler]  [sathishponnusamy_yQ8Y0R]  [bdtce8o0p6oesdj0yzxhcafygjbpvan7llzmm8zw]  [1361ce0f-0d31-451f-82e7-c1de08843a22]  Added the event {
  event_type: 'CBTSessionCreated',
  test_run: {
    uuid: '9f607224-cbc3-4825-8644-3345f5d1e1de',
    integrations: { browserstack: [Object] }
  }
} to 38424:0
2025-11-15T09:22:57.240Z CLI info [testhub:request-queue-handler]  [sathishponnusamy_yQ8Y0R]  [bdtce8o0p6oesdj0yzxhcafygjbpvan7llzmm8zw]  [1361ce0f-0d31-451f-82e7-c1de08843a22]  Processing batch event [
  {
    event_type: 'CBTSessionCreated',
    test_run: {
      uuid: '9f607224-cbc3-4825-8644-3345f5d1e1de',
      integrations: [Object]
    }
  }
] to 38424:0
2025-11-15T09:22:57.242Z CLI info  [sathishponnusamy_yQ8Y0R]  [bdtce8o0p6oesdj0yzxhcafygjbpvan7llzmm8zw]  [1361ce0f-0d31-451f-82e7-c1de08843a22]  [PRODUCTION] Making POST request to https://collector-observability.browserstack.com
2025-11-15T09:22:58.027Z CLI info [testhub:request-queue-handler]  [sathishponnusamy_yQ8Y0R]  [bdtce8o0p6oesdj0yzxhcafygjbpvan7llzmm8zw]  [1361ce0f-0d31-451f-82e7-c1de08843a22]  Added the event {
  event_type: 'CBTSessionCreated',
  test_run: {
    uuid: '9f607224-cbc3-4825-8644-3345f5d1e1de',
    integrations: { browserstack: [Object] }
  }
} to 38424:0
2025-11-15T09:22:59.241Z CLI info [testhub:request-queue-handler]  [sathishponnusamy_yQ8Y0R]  [bdtce8o0p6oesdj0yzxhcafygjbpvan7llzmm8zw]  [1361ce0f-0d31-451f-82e7-c1de08843a22]  Processing batch event [
  {
    event_type: 'CBTSessionCreated',
    test_run: {
      uuid: '9f607224-cbc3-4825-8644-3345f5d1e1de',
      integrations: [Object]
    }
  }
] to 38424:0
2025-11-15T09:22:59.242Z CLI info  [sathishponnusamy_yQ8Y0R]  [bdtce8o0p6oesdj0yzxhcafygjbpvan7llzmm8zw]  [1361ce0f-0d31-451f-82e7-c1de08843a22]  [PRODUCTION] Making POST request to https://collector-observability.browserstack.com
2025-11-15T09:22:59.857Z CLI info [testhub:request-queue-handler]  [sathishponnusamy_yQ8Y0R]  [bdtce8o0p6oesdj0yzxhcafygjbpvan7llzmm8zw]  [1361ce0f-0d31-451f-82e7-c1de08843a22]  Added the event {
  event_type: 'CBTSessionCreated',
  test_run: {
    uuid: '9f607224-cbc3-4825-8644-3345f5d1e1de',
    integrations: { browserstack: [Object] }
  }
} to 38424:0
2025-11-15T09:23:01.244Z CLI info [testhub:request-queue-handler]  [sathishponnusamy_yQ8Y0R]  [bdtce8o0p6oesdj0yzxhcafygjbpvan7llzmm8zw]  [1361ce0f-0d31-451f-82e7-c1de08843a22]  Processing batch event [
  {
    event_type: 'CBTSessionCreated',
    test_run: {
      uuid: '9f607224-cbc3-4825-8644-3345f5d1e1de',
      integrations: [Object]
    }
  }
] to 38424:0
2025-11-15T09:23:01.245Z CLI info  [sathishponnusamy_yQ8Y0R]  [bdtce8o0p6oesdj0yzxhcafygjbpvan7llzmm8zw]  [1361ce0f-0d31-451f-82e7-c1de08843a22]  [PRODUCTION] Making POST request to https://collector-observability.browserstack.com
2025-11-15T09:23:03.199Z CLI info [testhub:request-queue-handler]  [sathishponnusamy_yQ8Y0R]  [bdtce8o0p6oesdj0yzxhcafygjbpvan7llzmm8zw]  [1361ce0f-0d31-451f-82e7-c1de08843a22]  Added the event {
  event_type: 'TestRunFinished',
  test_run: {
    type: 'test',
    framework: 'Cucumber-TestNG',
    uuid: '9f607224-cbc3-4825-8644-3345f5d1e1de',
    name: 'Unsuccessful login with invalid or empty credentials',
    body: {
      lang: 'java',
      code: 'public void io.cucumber.testng.AbstractTestNGCucumberTests.runScenario(io.cucumber.testng.PickleWrapper,io.cucumber.testng.FeatureWrapper)'
    },
    identifier: 'Unsuccessful login with invalid or empty credentials',
    scope: 'Unsuccessful login with invalid or empty credentials',
    scopes: [ 'Login Functionality for OpenCart E-Commerce Website' ],
    file_name: 'SeleniumTestNG/src/test/resources/features/loginpage.feature',
    vc_filepath: 'SeleniumTestNG/src/test/resources/features/loginpage.feature',
    location: 'SeleniumTestNG/src/test/resources/features/loginpage.feature',
    meta: {
      data_provider_name: 'scenarios',
      feature: [Object],
      scenario: [Object],
      steps: [Array],
      examples: [Array]
    },
    result: 'passed',
    duration_in_ms: 23932,
    started_at: '2025-11-15T09:22:39.263Z',
    finished_at: '2025-11-15T09:23:03.195Z',
    failure: null,
    failure_type: null,
    failure_reason: null,
    retry_of: null,
    custom_metadata: {},
    tags: [],
    customRerunParam: { rerun_name: 'SeleniumTestNG-0' },
    hooks: [],
    product_map: {
      observability: true,
      accessibility: false,
      percy: false,
      automate: true,
      app_automate: false
    }
  },
  logs: []
} to 38424:0
2025-11-15T09:23:03.223Z CLI info [testhub:request-queue-handler]  [sathishponnusamy_yQ8Y0R]  [bdtce8o0p6oesdj0yzxhcafygjbpvan7llzmm8zw]  [1361ce0f-0d31-451f-82e7-c1de08843a22]  Added the event {
  event_type: 'CBTSessionCreated',
  test_run: {
    uuid: '70feeb1b-520e-4627-a0f7-5c4f3ca2761c',
    integrations: { browserstack: [Object] }
  }
} to 38424:0
2025-11-15T09:23:03.245Z CLI info [testhub:request-queue-handler]  [sathishponnusamy_yQ8Y0R]  [bdtce8o0p6oesdj0yzxhcafygjbpvan7llzmm8zw]  [1361ce0f-0d31-451f-82e7-c1de08843a22]  Processing batch event [
  {
    event_type: 'TestRunFinished',
    test_run: {
      type: 'test',
      framework: 'Cucumber-TestNG',
      uuid: '9f607224-cbc3-4825-8644-3345f5d1e1de',
      name: 'Unsuccessful login with invalid or empty credentials',
      body: [Object],
      identifier: 'Unsuccessful login with invalid or empty credentials',
      scope: 'Unsuccessful login with invalid or empty credentials',
      scopes: [Array],
      file_name: 'SeleniumTestNG/src/test/resources/features/loginpage.feature',
      vc_filepath: 'SeleniumTestNG/src/test/resources/features/loginpage.feature',
      location: 'SeleniumTestNG/src/test/resources/features/loginpage.feature',
      meta: [Object],
      result: 'passed',
      duration_in_ms: 23932,
      started_at: '2025-11-15T09:22:39.263Z',
      finished_at: '2025-11-15T09:23:03.195Z',
      failure: null,
      failure_type: null,
      failure_reason: null,
      retry_of: null,
      custom_metadata: {},
      tags: [],
      customRerunParam: [Object],
      hooks: [],
      product_map: [Object]
    },
    logs: []
  },
  {
    event_type: 'CBTSessionCreated',
    test_run: {
      uuid: '70feeb1b-520e-4627-a0f7-5c4f3ca2761c',
      integrations: [Object]
    }
  }
] to 38424:0
2025-11-15T09:23:03.246Z CLI info  [sathishponnusamy_yQ8Y0R]  [bdtce8o0p6oesdj0yzxhcafygjbpvan7llzmm8zw]  [1361ce0f-0d31-451f-82e7-c1de08843a22]  [PRODUCTION] Making POST request to https://collector-observability.browserstack.com
2025-11-15T09:23:03.541Z CLI info [testhub:request-queue-handler]  [sathishponnusamy_yQ8Y0R]  [bdtce8o0p6oesdj0yzxhcafygjbpvan7llzmm8zw]  [1361ce0f-0d31-451f-82e7-c1de08843a22]  Added the event {
  event_type: 'TestRunStarted',
  test_run: {
    type: 'test',
    framework: 'Cucumber-TestNG',
    uuid: '70feeb1b-520e-4627-a0f7-5c4f3ca2761c',
    name: 'Navigating to the forgotten password page',
    body: {
      lang: 'java',
      code: 'public void io.cucumber.testng.AbstractTestNGCucumberTests.runScenario(io.cucumber.testng.PickleWrapper,io.cucumber.testng.FeatureWrapper)'
    },
    identifier: 'Navigating to the forgotten password page',
    scope: 'Navigating to the forgotten password page',
    scopes: [ 'Login Functionality for OpenCart E-Commerce Website' ],
    file_name: 'SeleniumTestNG/src/test/resources/features/loginpage.feature',
    vc_filepath: 'SeleniumTestNG/src/test/resources/features/loginpage.feature',
    location: 'SeleniumTestNG/src/test/resources/features/loginpage.feature',
    meta: {
      data_provider_name: 'scenarios',
      feature: [Object],
      scenario: [Object]
    },
    result: 'passed',
    duration_in_ms: null,
    started_at: '2025-11-15T09:23:03.218Z',
    finished_at: '2025-11-15T09:23:03.195Z',
    failure: null,
    failure_type: null,
    failure_reason: null,
    retry_of: null,
    custom_metadata: {},
    tags: [],
    customRerunParam: { rerun_name: 'SeleniumTestNG-0' },
    hooks: [],
    product_map: {
      observability: true,
      accessibility: false,
      percy: false,
      automate: true,
      app_automate: false
    }
  },
  logs: []
} to 38424:0
2025-11-15T09:23:03.548Z CLI info [testhub:request-queue-handler]  [sathishponnusamy_yQ8Y0R]  [bdtce8o0p6oesdj0yzxhcafygjbpvan7llzmm8zw]  [1361ce0f-0d31-451f-82e7-c1de08843a22]  Added the event {
  event_type: 'CBTSessionCreated',
  test_run: {
    uuid: '70feeb1b-520e-4627-a0f7-5c4f3ca2761c',
    integrations: { browserstack: [Object] }
  }
} to 38424:0
2025-11-15T09:23:03.850Z CLI info [testhub:request-queue-handler]  [sathishponnusamy_yQ8Y0R]  [bdtce8o0p6oesdj0yzxhcafygjbpvan7llzmm8zw]  [1361ce0f-0d31-451f-82e7-c1de08843a22]  Added the event {
  event_type: 'CBTSessionCreated',
  test_run: {
    uuid: 'ffc36b90-8bc9-4bb9-aeb7-eb203d038f22',
    integrations: { browserstack: [Object] }
  }
} to 38424:0
2025-11-15T09:23:04.108Z CLI info [testhub:request-queue-handler]  [sathishponnusamy_yQ8Y0R]  [bdtce8o0p6oesdj0yzxhcafygjbpvan7llzmm8zw]  [1361ce0f-0d31-451f-82e7-c1de08843a22]  Added the event {
  event_type: 'CBTSessionCreated',
  test_run: {
    uuid: '70feeb1b-520e-4627-a0f7-5c4f3ca2761c',
    integrations: { browserstack: [Object] }
  }
} to 38424:0
2025-11-15T09:23:04.661Z CLI info [sdk:service]  [sathishponnusamy_yQ8Y0R]  [bdtce8o0p6oesdj0yzxhcafygjbpvan7llzmm8zw]  [1361ce0f-0d31-451f-82e7-c1de08843a22]  Driver initialized as primary driver: platformIndex=0
2025-11-15T09:23:05.246Z CLI info [testhub:request-queue-handler]  [sathishponnusamy_yQ8Y0R]  [bdtce8o0p6oesdj0yzxhcafygjbpvan7llzmm8zw]  [1361ce0f-0d31-451f-82e7-c1de08843a22]  Processing batch event [
  {
    event_type: 'TestRunStarted',
    test_run: {
      type: 'test',
      framework: 'Cucumber-TestNG',
      uuid: '70feeb1b-520e-4627-a0f7-5c4f3ca2761c',
      name: 'Navigating to the forgotten password page',
      body: [Object],
      identifier: 'Navigating to the forgotten password page',
      scope: 'Navigating to the forgotten password page',
      scopes: [Array],
      file_name: 'SeleniumTestNG/src/test/resources/features/loginpage.feature',
      vc_filepath: 'SeleniumTestNG/src/test/resources/features/loginpage.feature',
      location: 'SeleniumTestNG/src/test/resources/features/loginpage.feature',
      meta: [Object],
      result: 'passed',
      duration_in_ms: null,
      started_at: '2025-11-15T09:23:03.218Z',
      finished_at: '2025-11-15T09:23:03.195Z',
      failure: null,
      failure_type: null,
      failure_reason: null,
      retry_of: null,
      custom_metadata: {},
      tags: [],
      customRerunParam: [Object],
      hooks: [],
      product_map: [Object]
    },
    logs: []
  },
  {
    event_type: 'CBTSessionCreated',
    test_run: {
      uuid: '70feeb1b-520e-4627-a0f7-5c4f3ca2761c',
      integrations: [Object]
    }
  },
  {
    event_type: 'CBTSessionCreated',
    test_run: {
      uuid: 'ffc36b90-8bc9-4bb9-aeb7-eb203d038f22',
      integrations: [Object]
    }
  },
  {
    event_type: 'CBTSessionCreated',
    test_run: {
      uuid: '70feeb1b-520e-4627-a0f7-5c4f3ca2761c',
      integrations: [Object]
    }
  }
] to 38424:0
2025-11-15T09:23:05.247Z CLI info  [sathishponnusamy_yQ8Y0R]  [bdtce8o0p6oesdj0yzxhcafygjbpvan7llzmm8zw]  [1361ce0f-0d31-451f-82e7-c1de08843a22]  [PRODUCTION] Making POST request to https://collector-observability.browserstack.com
2025-11-15T09:23:07.003Z CLI info [testhub:request-queue-handler]  [sathishponnusamy_yQ8Y0R]  [bdtce8o0p6oesdj0yzxhcafygjbpvan7llzmm8zw]  [1361ce0f-0d31-451f-82e7-c1de08843a22]  Added the event {
  event_type: 'CBTSessionCreated',
  test_run: {
    uuid: 'a996dfb7-a282-40ad-92d7-068e7419ef65',
    integrations: { browserstack: [Object] }
  }
} to 38424:0
2025-11-15T09:23:07.248Z CLI info [testhub:request-queue-handler]  [sathishponnusamy_yQ8Y0R]  [bdtce8o0p6oesdj0yzxhcafygjbpvan7llzmm8zw]  [1361ce0f-0d31-451f-82e7-c1de08843a22]  Processing batch event [
  {
    event_type: 'CBTSessionCreated',
    test_run: {
      uuid: 'a996dfb7-a282-40ad-92d7-068e7419ef65',
      integrations: [Object]
    }
  }
] to 38424:0
2025-11-15T09:23:07.249Z CLI info  [sathishponnusamy_yQ8Y0R]  [bdtce8o0p6oesdj0yzxhcafygjbpvan7llzmm8zw]  [1361ce0f-0d31-451f-82e7-c1de08843a22]  [PRODUCTION] Making POST request to https://collector-observability.browserstack.com
2025-11-15T09:23:08.731Z CLI info [testhub:request-queue-handler]  [sathishponnusamy_yQ8Y0R]  [bdtce8o0p6oesdj0yzxhcafygjbpvan7llzmm8zw]  [1361ce0f-0d31-451f-82e7-c1de08843a22]  Added the event {
  event_type: 'CBTSessionCreated',
  test_run: {
    uuid: 'ffc36b90-8bc9-4bb9-aeb7-eb203d038f22',
    integrations: { browserstack: [Object] }
  }
} to 38424:0
2025-11-15T09:23:09.248Z CLI info [testhub:request-queue-handler]  [sathishponnusamy_yQ8Y0R]  [bdtce8o0p6oesdj0yzxhcafygjbpvan7llzmm8zw]  [1361ce0f-0d31-451f-82e7-c1de08843a22]  Processing batch event [
  {
    event_type: 'CBTSessionCreated',
    test_run: {
      uuid: 'ffc36b90-8bc9-4bb9-aeb7-eb203d038f22',
      integrations: [Object]
    }
  }
] to 38424:0
2025-11-15T09:23:09.249Z CLI info  [sathishponnusamy_yQ8Y0R]  [bdtce8o0p6oesdj0yzxhcafygjbpvan7llzmm8zw]  [1361ce0f-0d31-451f-82e7-c1de08843a22]  [PRODUCTION] Making POST request to https://collector-observability.browserstack.com
2025-11-15T09:23:10.631Z CLI info [testhub:request-queue-handler]  [sathishponnusamy_yQ8Y0R]  [bdtce8o0p6oesdj0yzxhcafygjbpvan7llzmm8zw]  [1361ce0f-0d31-451f-82e7-c1de08843a22]  Added the event {
  event_type: 'CBTSessionCreated',
  test_run: {
    uuid: 'ffc36b90-8bc9-4bb9-aeb7-eb203d038f22',
    integrations: { browserstack: [Object] }
  }
} to 38424:0
2025-11-15T09:23:11.248Z CLI info [testhub:request-queue-handler]  [sathishponnusamy_yQ8Y0R]  [bdtce8o0p6oesdj0yzxhcafygjbpvan7llzmm8zw]  [1361ce0f-0d31-451f-82e7-c1de08843a22]  Processing batch event [
  {
    event_type: 'CBTSessionCreated',
    test_run: {
      uuid: 'ffc36b90-8bc9-4bb9-aeb7-eb203d038f22',
      integrations: [Object]
    }
  }
] to 38424:0
2025-11-15T09:23:11.249Z CLI info  [sathishponnusamy_yQ8Y0R]  [bdtce8o0p6oesdj0yzxhcafygjbpvan7llzmm8zw]  [1361ce0f-0d31-451f-82e7-c1de08843a22]  [PRODUCTION] Making POST request to https://collector-observability.browserstack.com
2025-11-15T09:23:11.942Z CLI info [testhub:request-queue-handler]  [sathishponnusamy_yQ8Y0R]  [bdtce8o0p6oesdj0yzxhcafygjbpvan7llzmm8zw]  [1361ce0f-0d31-451f-82e7-c1de08843a22]  Added the event {
  event_type: 'CBTSessionCreated',
  test_run: {
    uuid: 'ffc36b90-8bc9-4bb9-aeb7-eb203d038f22',
    integrations: { browserstack: [Object] }
  }
} to 38424:0
2025-11-15T09:23:12.087Z CLI info [testhub:request-queue-handler]  [sathishponnusamy_yQ8Y0R]  [bdtce8o0p6oesdj0yzxhcafygjbpvan7llzmm8zw]  [1361ce0f-0d31-451f-82e7-c1de08843a22]  Added the event {
  event_type: 'CBTSessionCreated',
  test_run: {
    uuid: 'a996dfb7-a282-40ad-92d7-068e7419ef65',
    integrations: { browserstack: [Object] }
  }
} to 38424:0
2025-11-15T09:23:12.455Z CLI info [testhub:request-queue-handler]  [sathishponnusamy_yQ8Y0R]  [bdtce8o0p6oesdj0yzxhcafygjbpvan7llzmm8zw]  [1361ce0f-0d31-451f-82e7-c1de08843a22]  Added the event {
  event_type: 'CBTSessionCreated',
  test_run: {
    uuid: '70feeb1b-520e-4627-a0f7-5c4f3ca2761c',
    integrations: { browserstack: [Object] }
  }
} to 38424:0
2025-11-15T09:23:13.250Z CLI info [testhub:request-queue-handler]  [sathishponnusamy_yQ8Y0R]  [bdtce8o0p6oesdj0yzxhcafygjbpvan7llzmm8zw]  [1361ce0f-0d31-451f-82e7-c1de08843a22]  Processing batch event [
  {
    event_type: 'CBTSessionCreated',
    test_run: {
      uuid: 'ffc36b90-8bc9-4bb9-aeb7-eb203d038f22',
      integrations: [Object]
    }
  },
  {
    event_type: 'CBTSessionCreated',
    test_run: {
      uuid: 'a996dfb7-a282-40ad-92d7-068e7419ef65',
      integrations: [Object]
    }
  },
  {
    event_type: 'CBTSessionCreated',
    test_run: {
      uuid: '70feeb1b-520e-4627-a0f7-5c4f3ca2761c',
      integrations: [Object]
    }
  }
] to 38424:0
2025-11-15T09:23:13.256Z CLI info  [sathishponnusamy_yQ8Y0R]  [bdtce8o0p6oesdj0yzxhcafygjbpvan7llzmm8zw]  [1361ce0f-0d31-451f-82e7-c1de08843a22]  [PRODUCTION] Making POST request to https://collector-observability.browserstack.com
2025-11-15T09:23:14.719Z CLI info [testhub:request-queue-handler]  [sathishponnusamy_yQ8Y0R]  [bdtce8o0p6oesdj0yzxhcafygjbpvan7llzmm8zw]  [1361ce0f-0d31-451f-82e7-c1de08843a22]  Added the event {
  event_type: 'TestRunFinished',
  test_run: {
    type: 'test',
    framework: 'Cucumber-TestNG',
    uuid: 'ffc36b90-8bc9-4bb9-aeb7-eb203d038f22',
    name: 'Navigating to the forgotten password page',
    body: {
      lang: 'java',
      code: 'public void io.cucumber.testng.AbstractTestNGCucumberTests.runScenario(io.cucumber.testng.PickleWrapper,io.cucumber.testng.FeatureWrapper)'
    },
    identifier: 'Navigating to the forgotten password page',
    scope: 'Navigating to the forgotten password page',
    scopes: [ 'Login Functionality for OpenCart E-Commerce Website' ],
    file_name: 'SeleniumTestNG/src/test/resources/features/loginpage.feature',
    vc_filepath: 'SeleniumTestNG/src/test/resources/features/loginpage.feature',
    location: 'SeleniumTestNG/src/test/resources/features/loginpage.feature',
    meta: {
      data_provider_name: 'scenarios',
      feature: [Object],
      scenario: [Object],
      steps: [Array]
    },
    result: 'passed',
    duration_in_ms: 20807,
    started_at: '2025-11-15T09:22:53.908Z',
    finished_at: '2025-11-15T09:23:14.715Z',
    failure: null,
    failure_type: null,
    failure_reason: null,
    retry_of: null,
    custom_metadata: {},
    tags: [],
    customRerunParam: { rerun_name: 'SeleniumTestNG-1' },
    hooks: [],
    product_map: {
      observability: true,
      accessibility: false,
      percy: false,
      automate: true,
      app_automate: false
    }
  },
  logs: []
} to 38424:0
2025-11-15T09:23:14.726Z CLI info [testhub:request-queue-handler]  [sathishponnusamy_yQ8Y0R]  [bdtce8o0p6oesdj0yzxhcafygjbpvan7llzmm8zw]  [1361ce0f-0d31-451f-82e7-c1de08843a22]  Added the event {
  event_type: 'CBTSessionCreated',
  test_run: {
    uuid: 'a996dfb7-a282-40ad-92d7-068e7419ef65',
    integrations: { browserstack: [Object] }
  }
} to 38424:0
2025-11-15T09:23:14.742Z CLI info [testhub:request-queue-handler]  [sathishponnusamy_yQ8Y0R]  [bdtce8o0p6oesdj0yzxhcafygjbpvan7llzmm8zw]  [1361ce0f-0d31-451f-82e7-c1de08843a22]  Added the event {
  event_type: 'HookRunStarted',
  hook_run: {
    type: 'hook',
    hook_type: 'AFTER_CLASS',
    framework: 'Cucumber-TestNG',
    uuid: '9b188bc5-27a7-4108-b7c7-b8a151640741',
    name: 'tearDownClass',
    result: 'pending',
    test_run_id: '2814550e-798a-4996-bfd6-d5bcd831b5c8',
    body: { lang: 'java', code: null },
    scope: 'Default Suite.runner.TestRunner',
    custom_metadata: {},
    tags: [],
    scopes: [ 'Default Suite', 'runner.TestRunner' ],
    file_name: 'SeleniumTestNG/src/test/java/runner/TestRunner.java',
    vc_filepath: 'SeleniumTestNG/src/test/java/runner/TestRunner.java',
    location: 'SeleniumTestNG/src/test/java/runner/TestRunner.java',
    started_at: '2025-11-15T09:23:14.739Z'
  },
  logs: []
} to 38424:0
2025-11-15T09:23:15.251Z CLI info [testhub:request-queue-handler]  [sathishponnusamy_yQ8Y0R]  [bdtce8o0p6oesdj0yzxhcafygjbpvan7llzmm8zw]  [1361ce0f-0d31-451f-82e7-c1de08843a22]  Processing batch event [
  {
    event_type: 'TestRunFinished',
    test_run: {
      type: 'test',
      framework: 'Cucumber-TestNG',
      uuid: 'ffc36b90-8bc9-4bb9-aeb7-eb203d038f22',
      name: 'Navigating to the forgotten password page',
      body: [Object],
      identifier: 'Navigating to the forgotten password page',
      scope: 'Navigating to the forgotten password page',
      scopes: [Array],
      file_name: 'SeleniumTestNG/src/test/resources/features/loginpage.feature',
      vc_filepath: 'SeleniumTestNG/src/test/resources/features/loginpage.feature',
      location: 'SeleniumTestNG/src/test/resources/features/loginpage.feature',
      meta: [Object],
      result: 'passed',
      duration_in_ms: 20807,
      started_at: '2025-11-15T09:22:53.908Z',
      finished_at: '2025-11-15T09:23:14.715Z',
      failure: null,
      failure_type: null,
      failure_reason: null,
      retry_of: null,
      custom_metadata: {},
      tags: [],
      customRerunParam: [Object],
      hooks: [],
      product_map: [Object]
    },
    logs: []
  },
  {
    event_type: 'CBTSessionCreated',
    test_run: {
      uuid: 'a996dfb7-a282-40ad-92d7-068e7419ef65',
      integrations: [Object]
    }
  },
  {
    event_type: 'HookRunStarted',
    hook_run: {
      type: 'hook',
      hook_type: 'AFTER_CLASS',
      framework: 'Cucumber-TestNG',
      uuid: '9b188bc5-27a7-4108-b7c7-b8a151640741',
      name: 'tearDownClass',
      result: 'pending',
      test_run_id: '2814550e-798a-4996-bfd6-d5bcd831b5c8',
      body: [Object],
      scope: 'Default Suite.runner.TestRunner',
      custom_metadata: {},
      tags: [],
      scopes: [Array],
      file_name: 'SeleniumTestNG/src/test/java/runner/TestRunner.java',
      vc_filepath: 'SeleniumTestNG/src/test/java/runner/TestRunner.java',
      location: 'SeleniumTestNG/src/test/java/runner/TestRunner.java',
      started_at: '2025-11-15T09:23:14.739Z'
    },
    logs: []
  }
] to 38424:0
2025-11-15T09:23:15.252Z CLI info  [sathishponnusamy_yQ8Y0R]  [bdtce8o0p6oesdj0yzxhcafygjbpvan7llzmm8zw]  [1361ce0f-0d31-451f-82e7-c1de08843a22]  [PRODUCTION] Making POST request to https://collector-observability.browserstack.com
2025-11-15T09:23:15.586Z CLI info [testhub:request-queue-handler]  [sathishponnusamy_yQ8Y0R]  [bdtce8o0p6oesdj0yzxhcafygjbpvan7llzmm8zw]  [1361ce0f-0d31-451f-82e7-c1de08843a22]  Added the event {
  event_type: 'LogCreated',
  logs: [
    {
      testFrameworkName: 'Cucumber-TestNG',
      testFrameworkVersion: '7.11.0',
      testFrameworkState: 'LOG',
      timestamp: '2025-11-15T09:23:15.571Z',
      uuid: '9b188bc5-27a7-4108-b7c7-b8a151640741',
      kind: 'TEST_LOG',
      message: '"┌──────────────────────────────────────────────────────────────────────────┐\\n│ View your Cucumber Report at:                                            │\\n│ https://reports.cucumber.io/reports/787c56d3-5755-41ec-8702-6cbdc54cebfd │\\n│                                                                          │\\n│ This report will self-destruct in 24h.                                   │\\n└──────────────────────────────────────────────────────────────────────────┘"',
      level: 'ERROR',
      test_run_uuid: '9b188bc5-27a7-4108-b7c7-b8a151640741'
    }
  ]
} to 38424:0
2025-11-15T09:23:15.605Z CLI info [testhub:request-queue-handler]  [sathishponnusamy_yQ8Y0R]  [bdtce8o0p6oesdj0yzxhcafygjbpvan7llzmm8zw]  [1361ce0f-0d31-451f-82e7-c1de08843a22]  Added the event {
  event_type: 'HookRunFinished',
  hook_run: {
    type: 'hook',
    hook_type: 'AFTER_CLASS',
    framework: 'Cucumber-TestNG',
    uuid: '9b188bc5-27a7-4108-b7c7-b8a151640741',
    name: 'tearDownClass',
    result: 'passed',
    test_run_id: '2814550e-798a-4996-bfd6-d5bcd831b5c8',
    body: { lang: 'java', code: null },
    scope: 'Default Suite.runner.TestRunner',
    custom_metadata: {},
    tags: [],
    scopes: [ 'Default Suite', 'runner.TestRunner' ],
    file_name: 'SeleniumTestNG/src/test/java/runner/TestRunner.java',
    vc_filepath: 'SeleniumTestNG/src/test/java/runner/TestRunner.java',
    location: 'SeleniumTestNG/src/test/java/runner/TestRunner.java',
    started_at: '2025-11-15T09:23:14.739Z',
    finished_at: '2025-11-15T09:23:15.602Z'
  },
  logs: []
} to 38424:0
2025-11-15T09:23:16.960Z CLI info [testhub:request-queue-handler]  [sathishponnusamy_yQ8Y0R]  [bdtce8o0p6oesdj0yzxhcafygjbpvan7llzmm8zw]  [1361ce0f-0d31-451f-82e7-c1de08843a22]  Added the event {
  event_type: 'CBTSessionCreated',
  test_run: {
    uuid: 'a996dfb7-a282-40ad-92d7-068e7419ef65',
    integrations: { browserstack: [Object] }
  }
} to 38424:0
2025-11-15T09:23:17.194Z CLI info [testhub:request-queue-handler]  [sathishponnusamy_yQ8Y0R]  [bdtce8o0p6oesdj0yzxhcafygjbpvan7llzmm8zw]  [1361ce0f-0d31-451f-82e7-c1de08843a22]  Added the event {
  event_type: 'CBTSessionCreated',
  test_run: {
    uuid: '70feeb1b-520e-4627-a0f7-5c4f3ca2761c',
    integrations: { browserstack: [Object] }
  }
} to 38424:0
2025-11-15T09:23:17.253Z CLI info [testhub:request-queue-handler]  [sathishponnusamy_yQ8Y0R]  [bdtce8o0p6oesdj0yzxhcafygjbpvan7llzmm8zw]  [1361ce0f-0d31-451f-82e7-c1de08843a22]  Processing batch event [
  { event_type: 'LogCreated', logs: [ [Object] ] },
  {
    event_type: 'HookRunFinished',
    hook_run: {
      type: 'hook',
      hook_type: 'AFTER_CLASS',
      framework: 'Cucumber-TestNG',
      uuid: '9b188bc5-27a7-4108-b7c7-b8a151640741',
      name: 'tearDownClass',
      result: 'passed',
      test_run_id: '2814550e-798a-4996-bfd6-d5bcd831b5c8',
      body: [Object],
      scope: 'Default Suite.runner.TestRunner',
      custom_metadata: {},
      tags: [],
      scopes: [Array],
      file_name: 'SeleniumTestNG/src/test/java/runner/TestRunner.java',
      vc_filepath: 'SeleniumTestNG/src/test/java/runner/TestRunner.java',
      location: 'SeleniumTestNG/src/test/java/runner/TestRunner.java',
      started_at: '2025-11-15T09:23:14.739Z',
      finished_at: '2025-11-15T09:23:15.602Z'
    },
    logs: []
  },
  {
    event_type: 'CBTSessionCreated',
    test_run: {
      uuid: 'a996dfb7-a282-40ad-92d7-068e7419ef65',
      integrations: [Object]
    }
  },
  {
    event_type: 'CBTSessionCreated',
    test_run: {
      uuid: '70feeb1b-520e-4627-a0f7-5c4f3ca2761c',
      integrations: [Object]
    }
  }
] to 38424:0
2025-11-15T09:23:17.254Z CLI info  [sathishponnusamy_yQ8Y0R]  [bdtce8o0p6oesdj0yzxhcafygjbpvan7llzmm8zw]  [1361ce0f-0d31-451f-82e7-c1de08843a22]  [PRODUCTION] Making POST request to https://collector-observability.browserstack.com
2025-11-15T09:23:19.403Z CLI info [testhub:request-queue-handler]  [sathishponnusamy_yQ8Y0R]  [bdtce8o0p6oesdj0yzxhcafygjbpvan7llzmm8zw]  [1361ce0f-0d31-451f-82e7-c1de08843a22]  Added the event {
  event_type: 'CBTSessionCreated',
  test_run: {
    uuid: '70feeb1b-520e-4627-a0f7-5c4f3ca2761c',
    integrations: { browserstack: [Object] }
  }
} to 38424:0
2025-11-15T09:23:21.040Z CLI info [testhub:request-queue-handler]  [sathishponnusamy_yQ8Y0R]  [bdtce8o0p6oesdj0yzxhcafygjbpvan7llzmm8zw]  [1361ce0f-0d31-451f-82e7-c1de08843a22]  Added the event {
  event_type: 'CBTSessionCreated',
  test_run: {
    uuid: '70feeb1b-520e-4627-a0f7-5c4f3ca2761c',
    integrations: { browserstack: [Object] }
  }
} to 38424:0
2025-11-15T09:23:21.254Z CLI info [testhub:request-queue-handler]  [sathishponnusamy_yQ8Y0R]  [bdtce8o0p6oesdj0yzxhcafygjbpvan7llzmm8zw]  [1361ce0f-0d31-451f-82e7-c1de08843a22]  Processing batch event [
  {
    event_type: 'CBTSessionCreated',
    test_run: {
      uuid: '70feeb1b-520e-4627-a0f7-5c4f3ca2761c',
      integrations: [Object]
    }
  },
  {
    event_type: 'CBTSessionCreated',
    test_run: {
      uuid: '70feeb1b-520e-4627-a0f7-5c4f3ca2761c',
      integrations: [Object]
    }
  }
] to 38424:0
2025-11-15T09:23:21.255Z CLI info  [sathishponnusamy_yQ8Y0R]  [bdtce8o0p6oesdj0yzxhcafygjbpvan7llzmm8zw]  [1361ce0f-0d31-451f-82e7-c1de08843a22]  [PRODUCTION] Making POST request to https://collector-observability.browserstack.com
2025-11-15T09:23:24.136Z CLI info [testhub:request-queue-handler]  [sathishponnusamy_yQ8Y0R]  [bdtce8o0p6oesdj0yzxhcafygjbpvan7llzmm8zw]  [1361ce0f-0d31-451f-82e7-c1de08843a22]  Added the event {
  event_type: 'TestRunFinished',
  test_run: {
    type: 'test',
    framework: 'Cucumber-TestNG',
    uuid: '70feeb1b-520e-4627-a0f7-5c4f3ca2761c',
    name: 'Navigating to the forgotten password page',
    body: {
      lang: 'java',
      code: 'public void io.cucumber.testng.AbstractTestNGCucumberTests.runScenario(io.cucumber.testng.PickleWrapper,io.cucumber.testng.FeatureWrapper)'
    },
    identifier: 'Navigating to the forgotten password page',
    scope: 'Navigating to the forgotten password page',
    scopes: [ 'Login Functionality for OpenCart E-Commerce Website' ],
    file_name: 'SeleniumTestNG/src/test/resources/features/loginpage.feature',
    vc_filepath: 'SeleniumTestNG/src/test/resources/features/loginpage.feature',
    location: 'SeleniumTestNG/src/test/resources/features/loginpage.feature',
    meta: {
      data_provider_name: 'scenarios',
      feature: [Object],
      scenario: [Object],
      steps: [Array]
    },
    result: 'passed',
    duration_in_ms: 20912,
    started_at: '2025-11-15T09:23:03.218Z',
    finished_at: '2025-11-15T09:23:24.130Z',
    failure: null,
    failure_type: null,
    failure_reason: null,
    retry_of: null,
    custom_metadata: {},
    tags: [],
    customRerunParam: { rerun_name: 'SeleniumTestNG-0' },
    hooks: [],
    product_map: {
      observability: true,
      accessibility: false,
      percy: false,
      automate: true,
      app_automate: false
    }
  },
  logs: []
} to 38424:0
2025-11-15T09:23:24.172Z CLI info [testhub:request-queue-handler]  [sathishponnusamy_yQ8Y0R]  [bdtce8o0p6oesdj0yzxhcafygjbpvan7llzmm8zw]  [1361ce0f-0d31-451f-82e7-c1de08843a22]  Added the event {
  event_type: 'HookRunStarted',
  hook_run: {
    type: 'hook',
    hook_type: 'AFTER_CLASS',
    framework: 'Cucumber-TestNG',
    uuid: '41102cda-1f9f-41dc-a205-0a1dbe680ef2',
    name: 'tearDownClass',
    result: 'pending',
    test_run_id: '48299d1e-0e56-4b2f-9c15-e0ca522b3498',
    body: { lang: 'java', code: null },
    scope: 'Default Suite.runner.TestRunner',
    custom_metadata: {},
    tags: [],
    scopes: [ 'Default Suite', 'runner.TestRunner' ],
    file_name: 'SeleniumTestNG/src/test/java/runner/TestRunner.java',
    vc_filepath: 'SeleniumTestNG/src/test/java/runner/TestRunner.java',
    location: 'SeleniumTestNG/src/test/java/runner/TestRunner.java',
    started_at: '2025-11-15T09:23:24.163Z'
  },
  logs: []
} to 38424:0
2025-11-15T09:23:25.092Z CLI info [testhub:request-queue-handler]  [sathishponnusamy_yQ8Y0R]  [bdtce8o0p6oesdj0yzxhcafygjbpvan7llzmm8zw]  [1361ce0f-0d31-451f-82e7-c1de08843a22]  Added the event {
  event_type: 'LogCreated',
  logs: [
    {
      testFrameworkName: 'Cucumber-TestNG',
      testFrameworkVersion: '7.11.0',
      testFrameworkState: 'LOG',
      timestamp: '2025-11-15T09:23:25.088Z',
      uuid: '41102cda-1f9f-41dc-a205-0a1dbe680ef2',
      kind: 'TEST_LOG',
      message: '"┌──────────────────────────────────────────────────────────────────────────┐\\n│ View your Cucumber Report at:                                            │\\n│ https://reports.cucumber.io/reports/4baea692-6dfc-44bd-ac0b-61616ccb7e0b │\\n│                                                                          │\\n│ This report will self-destruct in 24h.                                   │\\n└──────────────────────────────────────────────────────────────────────────┘"',
      level: 'ERROR',
      test_run_uuid: '41102cda-1f9f-41dc-a205-0a1dbe680ef2'
    }
  ]
} to 38424:0
2025-11-15T09:23:25.111Z CLI info [testhub:request-queue-handler]  [sathishponnusamy_yQ8Y0R]  [bdtce8o0p6oesdj0yzxhcafygjbpvan7llzmm8zw]  [1361ce0f-0d31-451f-82e7-c1de08843a22]  Added the event {
  event_type: 'HookRunFinished',
  hook_run: {
    type: 'hook',
    hook_type: 'AFTER_CLASS',
    framework: 'Cucumber-TestNG',
    uuid: '41102cda-1f9f-41dc-a205-0a1dbe680ef2',
    name: 'tearDownClass',
    result: 'passed',
    test_run_id: '48299d1e-0e56-4b2f-9c15-e0ca522b3498',
    body: { lang: 'java', code: null },
    scope: 'Default Suite.runner.TestRunner',
    custom_metadata: {},
    tags: [],
    scopes: [ 'Default Suite', 'runner.TestRunner' ],
    file_name: 'SeleniumTestNG/src/test/java/runner/TestRunner.java',
    vc_filepath: 'SeleniumTestNG/src/test/java/runner/TestRunner.java',
    location: 'SeleniumTestNG/src/test/java/runner/TestRunner.java',
    started_at: '2025-11-15T09:23:24.163Z',
    finished_at: '2025-11-15T09:23:25.107Z'
  },
  logs: []
} to 38424:0
2025-11-15T09:23:25.256Z CLI info [testhub:request-queue-handler]  [sathishponnusamy_yQ8Y0R]  [bdtce8o0p6oesdj0yzxhcafygjbpvan7llzmm8zw]  [1361ce0f-0d31-451f-82e7-c1de08843a22]  Processing batch event [
  {
    event_type: 'TestRunFinished',
    test_run: {
      type: 'test',
      framework: 'Cucumber-TestNG',
      uuid: '70feeb1b-520e-4627-a0f7-5c4f3ca2761c',
      name: 'Navigating to the forgotten password page',
      body: [Object],
      identifier: 'Navigating to the forgotten password page',
      scope: 'Navigating to the forgotten password page',
      scopes: [Array],
      file_name: 'SeleniumTestNG/src/test/resources/features/loginpage.feature',
      vc_filepath: 'SeleniumTestNG/src/test/resources/features/loginpage.feature',
      location: 'SeleniumTestNG/src/test/resources/features/loginpage.feature',
      meta: [Object],
      result: 'passed',
      duration_in_ms: 20912,
      started_at: '2025-11-15T09:23:03.218Z',
      finished_at: '2025-11-15T09:23:24.130Z',
      failure: null,
      failure_type: null,
      failure_reason: null,
      retry_of: null,
      custom_metadata: {},
      tags: [],
      customRerunParam: [Object],
      hooks: [],
      product_map: [Object]
    },
    logs: []
  },
  {
    event_type: 'HookRunStarted',
    hook_run: {
      type: 'hook',
      hook_type: 'AFTER_CLASS',
      framework: 'Cucumber-TestNG',
      uuid: '41102cda-1f9f-41dc-a205-0a1dbe680ef2',
      name: 'tearDownClass',
      result: 'pending',
      test_run_id: '48299d1e-0e56-4b2f-9c15-e0ca522b3498',
      body: [Object],
      scope: 'Default Suite.runner.TestRunner',
      custom_metadata: {},
      tags: [],
      scopes: [Array],
      file_name: 'SeleniumTestNG/src/test/java/runner/TestRunner.java',
      vc_filepath: 'SeleniumTestNG/src/test/java/runner/TestRunner.java',
      location: 'SeleniumTestNG/src/test/java/runner/TestRunner.java',
      started_at: '2025-11-15T09:23:24.163Z'
    },
    logs: []
  },
  { event_type: 'LogCreated', logs: [ [Object] ] },
  {
    event_type: 'HookRunFinished',
    hook_run: {
      type: 'hook',
      hook_type: 'AFTER_CLASS',
      framework: 'Cucumber-TestNG',
      uuid: '41102cda-1f9f-41dc-a205-0a1dbe680ef2',
      name: 'tearDownClass',
      result: 'passed',
      test_run_id: '48299d1e-0e56-4b2f-9c15-e0ca522b3498',
      body: [Object],
      scope: 'Default Suite.runner.TestRunner',
      custom_metadata: {},
      tags: [],
      scopes: [Array],
      file_name: 'SeleniumTestNG/src/test/java/runner/TestRunner.java',
      vc_filepath: 'SeleniumTestNG/src/test/java/runner/TestRunner.java',
      location: 'SeleniumTestNG/src/test/java/runner/TestRunner.java',
      started_at: '2025-11-15T09:23:24.163Z',
      finished_at: '2025-11-15T09:23:25.107Z'
    },
    logs: []
  }
] to 38424:0
2025-11-15T09:23:25.258Z CLI info  [sathishponnusamy_yQ8Y0R]  [bdtce8o0p6oesdj0yzxhcafygjbpvan7llzmm8zw]  [1361ce0f-0d31-451f-82e7-c1de08843a22]  [PRODUCTION] Making POST request to https://collector-observability.browserstack.com
2025-11-15T09:27:18.549Z CLI info [testhub:request-queue-handler]  [sathishponnusamy_yQ8Y0R]  [bdtce8o0p6oesdj0yzxhcafygjbpvan7llzmm8zw]  [1361ce0f-0d31-451f-82e7-c1de08843a22]  Added the event {
  event_type: 'CBTSessionCreated',
  test_run: {
    uuid: 'a996dfb7-a282-40ad-92d7-068e7419ef65',
    integrations: { browserstack: [Object] }
  }
} to 38424:0
2025-11-15T09:27:19.369Z CLI info [testhub:request-queue-handler]  [sathishponnusamy_yQ8Y0R]  [bdtce8o0p6oesdj0yzxhcafygjbpvan7llzmm8zw]  [1361ce0f-0d31-451f-82e7-c1de08843a22]  Processing batch event [
  {
    event_type: 'CBTSessionCreated',
    test_run: {
      uuid: 'a996dfb7-a282-40ad-92d7-068e7419ef65',
      integrations: [Object]
    }
  }
] to 38424:0
2025-11-15T09:27:19.371Z CLI info  [sathishponnusamy_yQ8Y0R]  [bdtce8o0p6oesdj0yzxhcafygjbpvan7llzmm8zw]  [1361ce0f-0d31-451f-82e7-c1de08843a22]  [PRODUCTION] Making POST request to https://collector-observability.browserstack.com
2025-11-15T09:27:22.459Z CLI info [testhub:request-queue-handler]  [sathishponnusamy_yQ8Y0R]  [bdtce8o0p6oesdj0yzxhcafygjbpvan7llzmm8zw]  [1361ce0f-0d31-451f-82e7-c1de08843a22]  Added the event {
  event_type: 'TestRunFinished',
  test_run: {
    type: 'test',
    framework: 'Cucumber-TestNG',
    uuid: 'a996dfb7-a282-40ad-92d7-068e7419ef65',
    name: 'Unsuccessful login with invalid or empty credentials',
    body: {
      lang: 'java',
      code: 'public void io.cucumber.testng.AbstractTestNGCucumberTests.runScenario(io.cucumber.testng.PickleWrapper,io.cucumber.testng.FeatureWrapper)'
    },
    identifier: 'Unsuccessful login with invalid or empty credentials',
    scope: 'Unsuccessful login with invalid or empty credentials',
    scopes: [ 'Login Functionality for OpenCart E-Commerce Website' ],
    file_name: 'SeleniumTestNG/src/test/resources/features/loginpage.feature',
    vc_filepath: 'SeleniumTestNG/src/test/resources/features/loginpage.feature',
    location: 'SeleniumTestNG/src/test/resources/features/loginpage.feature',
    meta: {
      data_provider_name: 'scenarios',
      feature: [Object],
      scenario: [Object],
      steps: [Array],
      examples: [Array]
    },
    result: 'failed',
    duration_in_ms: 278712,
    started_at: '2025-11-15T09:22:43.740Z',
    finished_at: '2025-11-15T09:27:22.452Z',
    failure: [ [Object] ],
    failure_type: 'UnhandledError',
    failure_reason: "java.lang.ClassCastException: class java.util.LinkedHashMap cannot be cast to class org.openqa.selenium.WebElement (java.util.LinkedHashMap is in module java.base of loader 'bootstrap'; org.openqa.selenium.WebElement is in unnamed module of loader 'app')",
    retry_of: null,
    custom_metadata: {},
    tags: [],
    customRerunParam: { rerun_name: 'SeleniumTestNG-2' },
    hooks: [],
    product_map: {
      observability: true,
      accessibility: false,
      percy: false,
      automate: true,
      app_automate: false
    }
  },
  logs: []
} to 38424:0
2025-11-15T09:27:22.504Z CLI info [testhub:request-queue-handler]  [sathishponnusamy_yQ8Y0R]  [bdtce8o0p6oesdj0yzxhcafygjbpvan7llzmm8zw]  [1361ce0f-0d31-451f-82e7-c1de08843a22]  Added the event {
  event_type: 'CBTSessionCreated',
  test_run: {
    uuid: '0c6dae46-c026-46da-bec7-1faacee6ca8c',
    integrations: { browserstack: [Object] }
  }
} to 38424:0
2025-11-15T09:27:22.790Z CLI info [testhub:request-queue-handler]  [sathishponnusamy_yQ8Y0R]  [bdtce8o0p6oesdj0yzxhcafygjbpvan7llzmm8zw]  [1361ce0f-0d31-451f-82e7-c1de08843a22]  Added the event {
  event_type: 'TestRunStarted',
  test_run: {
    type: 'test',
    framework: 'Cucumber-TestNG',
    uuid: '0c6dae46-c026-46da-bec7-1faacee6ca8c',
    name: 'Unsuccessful login with invalid or empty credentials',
    body: {
      lang: 'java',
      code: 'public void io.cucumber.testng.AbstractTestNGCucumberTests.runScenario(io.cucumber.testng.PickleWrapper,io.cucumber.testng.FeatureWrapper)'
    },
    identifier: 'Unsuccessful login with invalid or empty credentials',
    scope: 'Unsuccessful login with invalid or empty credentials',
    scopes: [ 'Login Functionality for OpenCart E-Commerce Website' ],
    file_name: 'SeleniumTestNG/src/test/resources/features/loginpage.feature',
    vc_filepath: 'SeleniumTestNG/src/test/resources/features/loginpage.feature',
    location: 'SeleniumTestNG/src/test/resources/features/loginpage.feature',
    meta: {
      data_provider_name: 'scenarios',
      feature: [Object],
      scenario: [Object],
      examples: [Array]
    },
    result: 'failed',
    duration_in_ms: null,
    started_at: '2025-11-15T09:27:22.491Z',
    finished_at: '2025-11-15T09:27:22.452Z',
    failure: [ [Object] ],
    failure_type: 'UnhandledError',
    failure_reason: "java.lang.ClassCastException: class java.util.LinkedHashMap cannot be cast to class org.openqa.selenium.WebElement (java.util.LinkedHashMap is in module java.base of loader 'bootstrap'; org.openqa.selenium.WebElement is in unnamed module of loader 'app')",
    retry_of: null,
    custom_metadata: {},
    tags: [],
    customRerunParam: { rerun_name: 'SeleniumTestNG-2' },
    hooks: [],
    product_map: {
      observability: true,
      accessibility: false,
      percy: false,
      automate: true,
      app_automate: false
    }
  },
  logs: []
} to 38424:0
2025-11-15T09:27:22.800Z CLI info [testhub:request-queue-handler]  [sathishponnusamy_yQ8Y0R]  [bdtce8o0p6oesdj0yzxhcafygjbpvan7llzmm8zw]  [1361ce0f-0d31-451f-82e7-c1de08843a22]  Added the event {
  event_type: 'CBTSessionCreated',
  test_run: {
    uuid: '0c6dae46-c026-46da-bec7-1faacee6ca8c',
    integrations: { browserstack: [Object] }
  }
} to 38424:0
2025-11-15T09:27:23.335Z CLI info [testhub:request-queue-handler]  [sathishponnusamy_yQ8Y0R]  [bdtce8o0p6oesdj0yzxhcafygjbpvan7llzmm8zw]  [1361ce0f-0d31-451f-82e7-c1de08843a22]  Added the event {
  event_type: 'CBTSessionCreated',
  test_run: {
    uuid: '0c6dae46-c026-46da-bec7-1faacee6ca8c',
    integrations: { browserstack: [Object] }
  }
} to 38424:0
2025-11-15T09:27:23.370Z CLI info [testhub:request-queue-handler]  [sathishponnusamy_yQ8Y0R]  [bdtce8o0p6oesdj0yzxhcafygjbpvan7llzmm8zw]  [1361ce0f-0d31-451f-82e7-c1de08843a22]  Processing batch event [
  {
    event_type: 'TestRunFinished',
    test_run: {
      type: 'test',
      framework: 'Cucumber-TestNG',
      uuid: 'a996dfb7-a282-40ad-92d7-068e7419ef65',
      name: 'Unsuccessful login with invalid or empty credentials',
      body: [Object],
      identifier: 'Unsuccessful login with invalid or empty credentials',
      scope: 'Unsuccessful login with invalid or empty credentials',
      scopes: [Array],
      file_name: 'SeleniumTestNG/src/test/resources/features/loginpage.feature',
      vc_filepath: 'SeleniumTestNG/src/test/resources/features/loginpage.feature',
      location: 'SeleniumTestNG/src/test/resources/features/loginpage.feature',
      meta: [Object],
      result: 'failed',
      duration_in_ms: 278712,
      started_at: '2025-11-15T09:22:43.740Z',
      finished_at: '2025-11-15T09:27:22.452Z',
      failure: [Array],
      failure_type: 'UnhandledError',
      failure_reason: "java.lang.ClassCastException: class java.util.LinkedHashMap cannot be cast to class org.openqa.selenium.WebElement (java.util.LinkedHashMap is in module java.base of loader 'bootstrap'; org.openqa.selenium.WebElement is in unnamed module of loader 'app')",
      retry_of: null,
      custom_metadata: {},
      tags: [],
      customRerunParam: [Object],
      hooks: [],
      product_map: [Object]
    },
    logs: []
  },
  {
    event_type: 'CBTSessionCreated',
    test_run: {
      uuid: '0c6dae46-c026-46da-bec7-1faacee6ca8c',
      integrations: [Object]
    }
  },
  {
    event_type: 'TestRunStarted',
    test_run: {
      type: 'test',
      framework: 'Cucumber-TestNG',
      uuid: '0c6dae46-c026-46da-bec7-1faacee6ca8c',
      name: 'Unsuccessful login with invalid or empty credentials',
      body: [Object],
      identifier: 'Unsuccessful login with invalid or empty credentials',
      scope: 'Unsuccessful login with invalid or empty credentials',
      scopes: [Array],
      file_name: 'SeleniumTestNG/src/test/resources/features/loginpage.feature',
      vc_filepath: 'SeleniumTestNG/src/test/resources/features/loginpage.feature',
      location: 'SeleniumTestNG/src/test/resources/features/loginpage.feature',
      meta: [Object],
      result: 'failed',
      duration_in_ms: null,
      started_at: '2025-11-15T09:27:22.491Z',
      finished_at: '2025-11-15T09:27:22.452Z',
      failure: [Array],
      failure_type: 'UnhandledError',
      failure_reason: "java.lang.ClassCastException: class java.util.LinkedHashMap cannot be cast to class org.openqa.selenium.WebElement (java.util.LinkedHashMap is in module java.base of loader 'bootstrap'; org.openqa.selenium.WebElement is in unnamed module of loader 'app')",
      retry_of: null,
      custom_metadata: {},
      tags: [],
      customRerunParam: [Object],
      hooks: [],
      product_map: [Object]
    },
    logs: []
  },
  {
    event_type: 'CBTSessionCreated',
    test_run: {
      uuid: '0c6dae46-c026-46da-bec7-1faacee6ca8c',
      integrations: [Object]
    }
  },
  {
    event_type: 'CBTSessionCreated',
    test_run: {
      uuid: '0c6dae46-c026-46da-bec7-1faacee6ca8c',
      integrations: [Object]
    }
  }
] to 38424:0
2025-11-15T09:27:23.371Z CLI info  [sathishponnusamy_yQ8Y0R]  [bdtce8o0p6oesdj0yzxhcafygjbpvan7llzmm8zw]  [1361ce0f-0d31-451f-82e7-c1de08843a22]  [PRODUCTION] Making POST request to https://collector-observability.browserstack.com
2025-11-15T09:27:23.950Z CLI info [sdk:service]  [sathishponnusamy_yQ8Y0R]  [bdtce8o0p6oesdj0yzxhcafygjbpvan7llzmm8zw]  [1361ce0f-0d31-451f-82e7-c1de08843a22]  Driver initialized as primary driver: platformIndex=2
2025-11-15T09:27:46.507Z CLI info [testhub:request-queue-handler]  [sathishponnusamy_yQ8Y0R]  [bdtce8o0p6oesdj0yzxhcafygjbpvan7llzmm8zw]  [1361ce0f-0d31-451f-82e7-c1de08843a22]  Added the event {
  event_type: 'CBTSessionCreated',
  test_run: {
    uuid: '0c6dae46-c026-46da-bec7-1faacee6ca8c',
    integrations: { browserstack: [Object] }
  }
} to 38424:0
2025-11-15T09:27:47.383Z CLI info [testhub:request-queue-handler]  [sathishponnusamy_yQ8Y0R]  [bdtce8o0p6oesdj0yzxhcafygjbpvan7llzmm8zw]  [1361ce0f-0d31-451f-82e7-c1de08843a22]  Processing batch event [
  {
    event_type: 'CBTSessionCreated',
    test_run: {
      uuid: '0c6dae46-c026-46da-bec7-1faacee6ca8c',
      integrations: [Object]
    }
  }
] to 38424:0
2025-11-15T09:27:47.386Z CLI info  [sathishponnusamy_yQ8Y0R]  [bdtce8o0p6oesdj0yzxhcafygjbpvan7llzmm8zw]  [1361ce0f-0d31-451f-82e7-c1de08843a22]  [PRODUCTION] Making POST request to https://collector-observability.browserstack.com
2025-11-15T09:27:52.047Z CLI info [testhub:request-queue-handler]  [sathishponnusamy_yQ8Y0R]  [bdtce8o0p6oesdj0yzxhcafygjbpvan7llzmm8zw]  [1361ce0f-0d31-451f-82e7-c1de08843a22]  Added the event {
  event_type: 'CBTSessionCreated',
  test_run: {
    uuid: '0c6dae46-c026-46da-bec7-1faacee6ca8c',
    integrations: { browserstack: [Object] }
  }
} to 38424:0
2025-11-15T09:27:53.384Z CLI info [testhub:request-queue-handler]  [sathishponnusamy_yQ8Y0R]  [bdtce8o0p6oesdj0yzxhcafygjbpvan7llzmm8zw]  [1361ce0f-0d31-451f-82e7-c1de08843a22]  Processing batch event [
  {
    event_type: 'CBTSessionCreated',
    test_run: {
      uuid: '0c6dae46-c026-46da-bec7-1faacee6ca8c',
      integrations: [Object]
    }
  }
] to 38424:0
2025-11-15T09:27:53.384Z CLI info  [sathishponnusamy_yQ8Y0R]  [bdtce8o0p6oesdj0yzxhcafygjbpvan7llzmm8zw]  [1361ce0f-0d31-451f-82e7-c1de08843a22]  [PRODUCTION] Making POST request to https://collector-observability.browserstack.com
2025-11-15T09:27:55.429Z CLI info [testhub:request-queue-handler]  [sathishponnusamy_yQ8Y0R]  [bdtce8o0p6oesdj0yzxhcafygjbpvan7llzmm8zw]  [1361ce0f-0d31-451f-82e7-c1de08843a22]  Added the event {
  event_type: 'CBTSessionCreated',
  test_run: {
    uuid: '0c6dae46-c026-46da-bec7-1faacee6ca8c',
    integrations: { browserstack: [Object] }
  }
} to 38424:0
2025-11-15T09:27:57.385Z CLI info [testhub:request-queue-handler]  [sathishponnusamy_yQ8Y0R]  [bdtce8o0p6oesdj0yzxhcafygjbpvan7llzmm8zw]  [1361ce0f-0d31-451f-82e7-c1de08843a22]  Processing batch event [
  {
    event_type: 'CBTSessionCreated',
    test_run: {
      uuid: '0c6dae46-c026-46da-bec7-1faacee6ca8c',
      integrations: [Object]
    }
  }
] to 38424:0
2025-11-15T09:27:57.387Z CLI info  [sathishponnusamy_yQ8Y0R]  [bdtce8o0p6oesdj0yzxhcafygjbpvan7llzmm8zw]  [1361ce0f-0d31-451f-82e7-c1de08843a22]  [PRODUCTION] Making POST request to https://collector-observability.browserstack.com
2025-11-15T09:27:59.518Z CLI info [testhub:request-queue-handler]  [sathishponnusamy_yQ8Y0R]  [bdtce8o0p6oesdj0yzxhcafygjbpvan7llzmm8zw]  [1361ce0f-0d31-451f-82e7-c1de08843a22]  Added the event {
  event_type: 'CBTSessionCreated',
  test_run: {
    uuid: '0c6dae46-c026-46da-bec7-1faacee6ca8c',
    integrations: { browserstack: [Object] }
  }
} to 38424:0
2025-11-15T09:28:01.388Z CLI info [testhub:request-queue-handler]  [sathishponnusamy_yQ8Y0R]  [bdtce8o0p6oesdj0yzxhcafygjbpvan7llzmm8zw]  [1361ce0f-0d31-451f-82e7-c1de08843a22]  Processing batch event [
  {
    event_type: 'CBTSessionCreated',
    test_run: {
      uuid: '0c6dae46-c026-46da-bec7-1faacee6ca8c',
      integrations: [Object]
    }
  }
] to 38424:0
2025-11-15T09:28:01.391Z CLI info  [sathishponnusamy_yQ8Y0R]  [bdtce8o0p6oesdj0yzxhcafygjbpvan7llzmm8zw]  [1361ce0f-0d31-451f-82e7-c1de08843a22]  [PRODUCTION] Making POST request to https://collector-observability.browserstack.com
2025-11-15T09:32:01.057Z CLI info [testhub:request-queue-handler]  [sathishponnusamy_yQ8Y0R]  [bdtce8o0p6oesdj0yzxhcafygjbpvan7llzmm8zw]  [1361ce0f-0d31-451f-82e7-c1de08843a22]  Added the event {
  event_type: 'CBTSessionCreated',
  test_run: {
    uuid: '0c6dae46-c026-46da-bec7-1faacee6ca8c',
    integrations: { browserstack: [Object] }
  }
} to 38424:0
2025-11-15T09:32:01.508Z CLI info [testhub:request-queue-handler]  [sathishponnusamy_yQ8Y0R]  [bdtce8o0p6oesdj0yzxhcafygjbpvan7llzmm8zw]  [1361ce0f-0d31-451f-82e7-c1de08843a22]  Processing batch event [
  {
    event_type: 'CBTSessionCreated',
    test_run: {
      uuid: '0c6dae46-c026-46da-bec7-1faacee6ca8c',
      integrations: [Object]
    }
  }
] to 38424:0
2025-11-15T09:32:01.509Z CLI info  [sathishponnusamy_yQ8Y0R]  [bdtce8o0p6oesdj0yzxhcafygjbpvan7llzmm8zw]  [1361ce0f-0d31-451f-82e7-c1de08843a22]  [PRODUCTION] Making POST request to https://collector-observability.browserstack.com
2025-11-15T09:32:04.410Z CLI info [testhub:request-queue-handler]  [sathishponnusamy_yQ8Y0R]  [bdtce8o0p6oesdj0yzxhcafygjbpvan7llzmm8zw]  [1361ce0f-0d31-451f-82e7-c1de08843a22]  Added the event {
  event_type: 'TestRunFinished',
  test_run: {
    type: 'test',
    framework: 'Cucumber-TestNG',
    uuid: '0c6dae46-c026-46da-bec7-1faacee6ca8c',
    name: 'Unsuccessful login with invalid or empty credentials',
    body: {
      lang: 'java',
      code: 'public void io.cucumber.testng.AbstractTestNGCucumberTests.runScenario(io.cucumber.testng.PickleWrapper,io.cucumber.testng.FeatureWrapper)'
    },
    identifier: 'Unsuccessful login with invalid or empty credentials',
    scope: 'Unsuccessful login with invalid or empty credentials',
    scopes: [ 'Login Functionality for OpenCart E-Commerce Website' ],
    file_name: 'SeleniumTestNG/src/test/resources/features/loginpage.feature',
    vc_filepath: 'SeleniumTestNG/src/test/resources/features/loginpage.feature',
    location: 'SeleniumTestNG/src/test/resources/features/loginpage.feature',
    meta: {
      data_provider_name: 'scenarios',
      feature: [Object],
      scenario: [Object],
      steps: [Array],
      examples: [Array]
    },
    result: 'failed',
    duration_in_ms: 281915,
    started_at: '2025-11-15T09:27:22.491Z',
    finished_at: '2025-11-15T09:32:04.406Z',
    failure: [ [Object] ],
    failure_type: 'UnhandledError',
    failure_reason: "java.lang.ClassCastException: class java.util.LinkedHashMap cannot be cast to class org.openqa.selenium.WebElement (java.util.LinkedHashMap is in module java.base of loader 'bootstrap'; org.openqa.selenium.WebElement is in unnamed module of loader 'app')",
    retry_of: null,
    custom_metadata: {},
    tags: [],
    customRerunParam: { rerun_name: 'SeleniumTestNG-2' },
    hooks: [],
    product_map: {
      observability: true,
      accessibility: false,
      percy: false,
      automate: true,
      app_automate: false
    }
  },
  logs: []
} to 38424:0
2025-11-15T09:32:04.434Z CLI info [testhub:request-queue-handler]  [sathishponnusamy_yQ8Y0R]  [bdtce8o0p6oesdj0yzxhcafygjbpvan7llzmm8zw]  [1361ce0f-0d31-451f-82e7-c1de08843a22]  Added the event {
  event_type: 'CBTSessionCreated',
  test_run: {
    uuid: '241b736c-689a-42a7-a0e6-08e2dbc7913f',
    integrations: { browserstack: [Object] }
  }
} to 38424:0
2025-11-15T09:32:04.945Z CLI info [testhub:request-queue-handler]  [sathishponnusamy_yQ8Y0R]  [bdtce8o0p6oesdj0yzxhcafygjbpvan7llzmm8zw]  [1361ce0f-0d31-451f-82e7-c1de08843a22]  Added the event {
  event_type: 'TestRunStarted',
  test_run: {
    type: 'test',
    framework: 'Cucumber-TestNG',
    uuid: '241b736c-689a-42a7-a0e6-08e2dbc7913f',
    name: 'Navigating to the forgotten password page',
    body: {
      lang: 'java',
      code: 'public void io.cucumber.testng.AbstractTestNGCucumberTests.runScenario(io.cucumber.testng.PickleWrapper,io.cucumber.testng.FeatureWrapper)'
    },
    identifier: 'Navigating to the forgotten password page',
    scope: 'Navigating to the forgotten password page',
    scopes: [ 'Login Functionality for OpenCart E-Commerce Website' ],
    file_name: 'SeleniumTestNG/src/test/resources/features/loginpage.feature',
    vc_filepath: 'SeleniumTestNG/src/test/resources/features/loginpage.feature',
    location: 'SeleniumTestNG/src/test/resources/features/loginpage.feature',
    meta: {
      data_provider_name: 'scenarios',
      feature: [Object],
      scenario: [Object]
    },
    result: 'failed',
    duration_in_ms: null,
    started_at: '2025-11-15T09:32:04.428Z',
    finished_at: '2025-11-15T09:32:04.406Z',
    failure: [ [Object] ],
    failure_type: 'UnhandledError',
    failure_reason: "java.lang.ClassCastException: class java.util.LinkedHashMap cannot be cast to class org.openqa.selenium.WebElement (java.util.LinkedHashMap is in module java.base of loader 'bootstrap'; org.openqa.selenium.WebElement is in unnamed module of loader 'app')",
    retry_of: null,
    custom_metadata: {},
    tags: [],
    customRerunParam: { rerun_name: 'SeleniumTestNG-2' },
    hooks: [],
    product_map: {
      observability: true,
      accessibility: false,
      percy: false,
      automate: true,
      app_automate: false
    }
  },
  logs: []
} to 38424:0
2025-11-15T09:32:04.956Z CLI info [testhub:request-queue-handler]  [sathishponnusamy_yQ8Y0R]  [bdtce8o0p6oesdj0yzxhcafygjbpvan7llzmm8zw]  [1361ce0f-0d31-451f-82e7-c1de08843a22]  Added the event {
  event_type: 'CBTSessionCreated',
  test_run: {
    uuid: '241b736c-689a-42a7-a0e6-08e2dbc7913f',
    integrations: { browserstack: [Object] }
  }
} to 38424:0
2025-11-15T09:32:05.510Z CLI info [testhub:request-queue-handler]  [sathishponnusamy_yQ8Y0R]  [bdtce8o0p6oesdj0yzxhcafygjbpvan7llzmm8zw]  [1361ce0f-0d31-451f-82e7-c1de08843a22]  Processing batch event [
  {
    event_type: 'TestRunFinished',
    test_run: {
      type: 'test',
      framework: 'Cucumber-TestNG',
      uuid: '0c6dae46-c026-46da-bec7-1faacee6ca8c',
      name: 'Unsuccessful login with invalid or empty credentials',
      body: [Object],
      identifier: 'Unsuccessful login with invalid or empty credentials',
      scope: 'Unsuccessful login with invalid or empty credentials',
      scopes: [Array],
      file_name: 'SeleniumTestNG/src/test/resources/features/loginpage.feature',
      vc_filepath: 'SeleniumTestNG/src/test/resources/features/loginpage.feature',
      location: 'SeleniumTestNG/src/test/resources/features/loginpage.feature',
      meta: [Object],
      result: 'failed',
      duration_in_ms: 281915,
      started_at: '2025-11-15T09:27:22.491Z',
      finished_at: '2025-11-15T09:32:04.406Z',
      failure: [Array],
      failure_type: 'UnhandledError',
      failure_reason: "java.lang.ClassCastException: class java.util.LinkedHashMap cannot be cast to class org.openqa.selenium.WebElement (java.util.LinkedHashMap is in module java.base of loader 'bootstrap'; org.openqa.selenium.WebElement is in unnamed module of loader 'app')",
      retry_of: null,
      custom_metadata: {},
      tags: [],
      customRerunParam: [Object],
      hooks: [],
      product_map: [Object]
    },
    logs: []
  },
  {
    event_type: 'CBTSessionCreated',
    test_run: {
      uuid: '241b736c-689a-42a7-a0e6-08e2dbc7913f',
      integrations: [Object]
    }
  },
  {
    event_type: 'TestRunStarted',
    test_run: {
      type: 'test',
      framework: 'Cucumber-TestNG',
      uuid: '241b736c-689a-42a7-a0e6-08e2dbc7913f',
      name: 'Navigating to the forgotten password page',
      body: [Object],
      identifier: 'Navigating to the forgotten password page',
      scope: 'Navigating to the forgotten password page',
      scopes: [Array],
      file_name: 'SeleniumTestNG/src/test/resources/features/loginpage.feature',
      vc_filepath: 'SeleniumTestNG/src/test/resources/features/loginpage.feature',
      location: 'SeleniumTestNG/src/test/resources/features/loginpage.feature',
      meta: [Object],
      result: 'failed',
      duration_in_ms: null,
      started_at: '2025-11-15T09:32:04.428Z',
      finished_at: '2025-11-15T09:32:04.406Z',
      failure: [Array],
      failure_type: 'UnhandledError',
      failure_reason: "java.lang.ClassCastException: class java.util.LinkedHashMap cannot be cast to class org.openqa.selenium.WebElement (java.util.LinkedHashMap is in module java.base of loader 'bootstrap'; org.openqa.selenium.WebElement is in unnamed module of loader 'app')",
      retry_of: null,
      custom_metadata: {},
      tags: [],
      customRerunParam: [Object],
      hooks: [],
      product_map: [Object]
    },
    logs: []
  },
  {
    event_type: 'CBTSessionCreated',
    test_run: {
      uuid: '241b736c-689a-42a7-a0e6-08e2dbc7913f',
      integrations: [Object]
    }
  }
] to 38424:0
2025-11-15T09:32:05.511Z CLI info  [sathishponnusamy_yQ8Y0R]  [bdtce8o0p6oesdj0yzxhcafygjbpvan7llzmm8zw]  [1361ce0f-0d31-451f-82e7-c1de08843a22]  [PRODUCTION] Making POST request to https://collector-observability.browserstack.com
2025-11-15T09:32:06.059Z CLI info [testhub:request-queue-handler]  [sathishponnusamy_yQ8Y0R]  [bdtce8o0p6oesdj0yzxhcafygjbpvan7llzmm8zw]  [1361ce0f-0d31-451f-82e7-c1de08843a22]  Added the event {
  event_type: 'CBTSessionCreated',
  test_run: {
    uuid: '241b736c-689a-42a7-a0e6-08e2dbc7913f',
    integrations: { browserstack: [Object] }
  }
} to 38424:0
2025-11-15T09:32:06.651Z CLI info [sdk:service]  [sathishponnusamy_yQ8Y0R]  [bdtce8o0p6oesdj0yzxhcafygjbpvan7llzmm8zw]  [1361ce0f-0d31-451f-82e7-c1de08843a22]  Driver initialized as primary driver: platformIndex=2
2025-11-15T09:32:07.512Z CLI info [testhub:request-queue-handler]  [sathishponnusamy_yQ8Y0R]  [bdtce8o0p6oesdj0yzxhcafygjbpvan7llzmm8zw]  [1361ce0f-0d31-451f-82e7-c1de08843a22]  Processing batch event [
  {
    event_type: 'CBTSessionCreated',
    test_run: {
      uuid: '241b736c-689a-42a7-a0e6-08e2dbc7913f',
      integrations: [Object]
    }
  }
] to 38424:0
2025-11-15T09:32:07.513Z CLI info  [sathishponnusamy_yQ8Y0R]  [bdtce8o0p6oesdj0yzxhcafygjbpvan7llzmm8zw]  [1361ce0f-0d31-451f-82e7-c1de08843a22]  [PRODUCTION] Making POST request to https://collector-observability.browserstack.com
2025-11-15T09:32:29.364Z CLI info [testhub:request-queue-handler]  [sathishponnusamy_yQ8Y0R]  [bdtce8o0p6oesdj0yzxhcafygjbpvan7llzmm8zw]  [1361ce0f-0d31-451f-82e7-c1de08843a22]  Added the event {
  event_type: 'CBTSessionCreated',
  test_run: {
    uuid: '241b736c-689a-42a7-a0e6-08e2dbc7913f',
    integrations: { browserstack: [Object] }
  }
} to 38424:0
2025-11-15T09:32:29.522Z CLI info [testhub:request-queue-handler]  [sathishponnusamy_yQ8Y0R]  [bdtce8o0p6oesdj0yzxhcafygjbpvan7llzmm8zw]  [1361ce0f-0d31-451f-82e7-c1de08843a22]  Processing batch event [
  {
    event_type: 'CBTSessionCreated',
    test_run: {
      uuid: '241b736c-689a-42a7-a0e6-08e2dbc7913f',
      integrations: [Object]
    }
  }
] to 38424:0
2025-11-15T09:32:29.522Z CLI info  [sathishponnusamy_yQ8Y0R]  [bdtce8o0p6oesdj0yzxhcafygjbpvan7llzmm8zw]  [1361ce0f-0d31-451f-82e7-c1de08843a22]  [PRODUCTION] Making POST request to https://collector-observability.browserstack.com
2025-11-15T09:32:34.367Z CLI info [testhub:request-queue-handler]  [sathishponnusamy_yQ8Y0R]  [bdtce8o0p6oesdj0yzxhcafygjbpvan7llzmm8zw]  [1361ce0f-0d31-451f-82e7-c1de08843a22]  Added the event {
  event_type: 'CBTSessionCreated',
  test_run: {
    uuid: '241b736c-689a-42a7-a0e6-08e2dbc7913f',
    integrations: { browserstack: [Object] }
  }
} to 38424:0
2025-11-15T09:32:35.523Z CLI info [testhub:request-queue-handler]  [sathishponnusamy_yQ8Y0R]  [bdtce8o0p6oesdj0yzxhcafygjbpvan7llzmm8zw]  [1361ce0f-0d31-451f-82e7-c1de08843a22]  Processing batch event [
  {
    event_type: 'CBTSessionCreated',
    test_run: {
      uuid: '241b736c-689a-42a7-a0e6-08e2dbc7913f',
      integrations: [Object]
    }
  }
] to 38424:0
2025-11-15T09:32:35.525Z CLI info  [sathishponnusamy_yQ8Y0R]  [bdtce8o0p6oesdj0yzxhcafygjbpvan7llzmm8zw]  [1361ce0f-0d31-451f-82e7-c1de08843a22]  [PRODUCTION] Making POST request to https://collector-observability.browserstack.com
2025-11-15T09:32:36.815Z CLI info [testhub:request-queue-handler]  [sathishponnusamy_yQ8Y0R]  [bdtce8o0p6oesdj0yzxhcafygjbpvan7llzmm8zw]  [1361ce0f-0d31-451f-82e7-c1de08843a22]  Added the event {
  event_type: 'CBTSessionCreated',
  test_run: {
    uuid: '241b736c-689a-42a7-a0e6-08e2dbc7913f',
    integrations: { browserstack: [Object] }
  }
} to 38424:0
2025-11-15T09:32:37.524Z CLI info [testhub:request-queue-handler]  [sathishponnusamy_yQ8Y0R]  [bdtce8o0p6oesdj0yzxhcafygjbpvan7llzmm8zw]  [1361ce0f-0d31-451f-82e7-c1de08843a22]  Processing batch event [
  {
    event_type: 'CBTSessionCreated',
    test_run: {
      uuid: '241b736c-689a-42a7-a0e6-08e2dbc7913f',
      integrations: [Object]
    }
  }
] to 38424:0
2025-11-15T09:32:37.526Z CLI info  [sathishponnusamy_yQ8Y0R]  [bdtce8o0p6oesdj0yzxhcafygjbpvan7llzmm8zw]  [1361ce0f-0d31-451f-82e7-c1de08843a22]  [PRODUCTION] Making POST request to https://collector-observability.browserstack.com
2025-11-15T09:32:38.157Z CLI info [testhub:request-queue-handler]  [sathishponnusamy_yQ8Y0R]  [bdtce8o0p6oesdj0yzxhcafygjbpvan7llzmm8zw]  [1361ce0f-0d31-451f-82e7-c1de08843a22]  Added the event {
  event_type: 'CBTSessionCreated',
  test_run: {
    uuid: '241b736c-689a-42a7-a0e6-08e2dbc7913f',
    integrations: { browserstack: [Object] }
  }
} to 38424:0
2025-11-15T09:32:39.524Z CLI info [testhub:request-queue-handler]  [sathishponnusamy_yQ8Y0R]  [bdtce8o0p6oesdj0yzxhcafygjbpvan7llzmm8zw]  [1361ce0f-0d31-451f-82e7-c1de08843a22]  Processing batch event [
  {
    event_type: 'CBTSessionCreated',
    test_run: {
      uuid: '241b736c-689a-42a7-a0e6-08e2dbc7913f',
      integrations: [Object]
    }
  }
] to 38424:0
2025-11-15T09:32:39.525Z CLI info  [sathishponnusamy_yQ8Y0R]  [bdtce8o0p6oesdj0yzxhcafygjbpvan7llzmm8zw]  [1361ce0f-0d31-451f-82e7-c1de08843a22]  [PRODUCTION] Making POST request to https://collector-observability.browserstack.com
2025-11-15T09:32:41.220Z CLI info [testhub:request-queue-handler]  [sathishponnusamy_yQ8Y0R]  [bdtce8o0p6oesdj0yzxhcafygjbpvan7llzmm8zw]  [1361ce0f-0d31-451f-82e7-c1de08843a22]  Added the event {
  event_type: 'TestRunFinished',
  test_run: {
    type: 'test',
    framework: 'Cucumber-TestNG',
    uuid: '241b736c-689a-42a7-a0e6-08e2dbc7913f',
    name: 'Navigating to the forgotten password page',
    body: {
      lang: 'java',
      code: 'public void io.cucumber.testng.AbstractTestNGCucumberTests.runScenario(io.cucumber.testng.PickleWrapper,io.cucumber.testng.FeatureWrapper)'
    },
    identifier: 'Navigating to the forgotten password page',
    scope: 'Navigating to the forgotten password page',
    scopes: [ 'Login Functionality for OpenCart E-Commerce Website' ],
    file_name: 'SeleniumTestNG/src/test/resources/features/loginpage.feature',
    vc_filepath: 'SeleniumTestNG/src/test/resources/features/loginpage.feature',
    location: 'SeleniumTestNG/src/test/resources/features/loginpage.feature',
    meta: {
      data_provider_name: 'scenarios',
      feature: [Object],
      scenario: [Object],
      steps: [Array]
    },
    result: 'passed',
    duration_in_ms: 36787,
    started_at: '2025-11-15T09:32:04.428Z',
    finished_at: '2025-11-15T09:32:41.215Z',
    failure: null,
    failure_type: null,
    failure_reason: null,
    retry_of: null,
    custom_metadata: {},
    tags: [],
    customRerunParam: { rerun_name: 'SeleniumTestNG-2' },
    hooks: [],
    product_map: {
      observability: true,
      accessibility: false,
      percy: false,
      automate: true,
      app_automate: false
    }
  },
  logs: []
} to 38424:0
2025-11-15T09:32:41.245Z CLI info [testhub:request-queue-handler]  [sathishponnusamy_yQ8Y0R]  [bdtce8o0p6oesdj0yzxhcafygjbpvan7llzmm8zw]  [1361ce0f-0d31-451f-82e7-c1de08843a22]  Added the event {
  event_type: 'HookRunStarted',
  hook_run: {
    type: 'hook',
    hook_type: 'AFTER_CLASS',
    framework: 'Cucumber-TestNG',
    uuid: '738797d1-ef3e-49e3-8e2f-57309ef59370',
    name: 'tearDownClass',
    result: 'pending',
    test_run_id: 'c7553348-db58-4439-93c1-db1e781dbae8',
    body: { lang: 'java', code: null },
    scope: 'Default Suite.runner.TestRunner',
    custom_metadata: {},
    tags: [],
    scopes: [ 'Default Suite', 'runner.TestRunner' ],
    file_name: 'SeleniumTestNG/src/test/java/runner/TestRunner.java',
    vc_filepath: 'SeleniumTestNG/src/test/java/runner/TestRunner.java',
    location: 'SeleniumTestNG/src/test/java/runner/TestRunner.java',
    started_at: '2025-11-15T09:32:41.242Z'
  },
  logs: []
} to 38424:0
2025-11-15T09:32:41.527Z CLI info [testhub:request-queue-handler]  [sathishponnusamy_yQ8Y0R]  [bdtce8o0p6oesdj0yzxhcafygjbpvan7llzmm8zw]  [1361ce0f-0d31-451f-82e7-c1de08843a22]  Processing batch event [
  {
    event_type: 'TestRunFinished',
    test_run: {
      type: 'test',
      framework: 'Cucumber-TestNG',
      uuid: '241b736c-689a-42a7-a0e6-08e2dbc7913f',
      name: 'Navigating to the forgotten password page',
      body: [Object],
      identifier: 'Navigating to the forgotten password page',
      scope: 'Navigating to the forgotten password page',
      scopes: [Array],
      file_name: 'SeleniumTestNG/src/test/resources/features/loginpage.feature',
      vc_filepath: 'SeleniumTestNG/src/test/resources/features/loginpage.feature',
      location: 'SeleniumTestNG/src/test/resources/features/loginpage.feature',
      meta: [Object],
      result: 'passed',
      duration_in_ms: 36787,
      started_at: '2025-11-15T09:32:04.428Z',
      finished_at: '2025-11-15T09:32:41.215Z',
      failure: null,
      failure_type: null,
      failure_reason: null,
      retry_of: null,
      custom_metadata: {},
      tags: [],
      customRerunParam: [Object],
      hooks: [],
      product_map: [Object]
    },
    logs: []
  },
  {
    event_type: 'HookRunStarted',
    hook_run: {
      type: 'hook',
      hook_type: 'AFTER_CLASS',
      framework: 'Cucumber-TestNG',
      uuid: '738797d1-ef3e-49e3-8e2f-57309ef59370',
      name: 'tearDownClass',
      result: 'pending',
      test_run_id: 'c7553348-db58-4439-93c1-db1e781dbae8',
      body: [Object],
      scope: 'Default Suite.runner.TestRunner',
      custom_metadata: {},
      tags: [],
      scopes: [Array],
      file_name: 'SeleniumTestNG/src/test/java/runner/TestRunner.java',
      vc_filepath: 'SeleniumTestNG/src/test/java/runner/TestRunner.java',
      location: 'SeleniumTestNG/src/test/java/runner/TestRunner.java',
      started_at: '2025-11-15T09:32:41.242Z'
    },
    logs: []
  }
] to 38424:0
2025-11-15T09:32:41.528Z CLI info  [sathishponnusamy_yQ8Y0R]  [bdtce8o0p6oesdj0yzxhcafygjbpvan7llzmm8zw]  [1361ce0f-0d31-451f-82e7-c1de08843a22]  [PRODUCTION] Making POST request to https://collector-observability.browserstack.com
2025-11-15T09:32:42.225Z CLI info [testhub:request-queue-handler]  [sathishponnusamy_yQ8Y0R]  [bdtce8o0p6oesdj0yzxhcafygjbpvan7llzmm8zw]  [1361ce0f-0d31-451f-82e7-c1de08843a22]  Added the event {
  event_type: 'LogCreated',
  logs: [
    {
      testFrameworkName: 'Cucumber-TestNG',
      testFrameworkVersion: '7.11.0',
      testFrameworkState: 'LOG',
      timestamp: '2025-11-15T09:32:42.223Z',
      uuid: '738797d1-ef3e-49e3-8e2f-57309ef59370',
      kind: 'TEST_LOG',
      message: '"┌──────────────────────────────────────────────────────────────────────────┐\\n│ View your Cucumber Report at:                                            │\\n│ https://reports.cucumber.io/reports/591f877d-c90c-4674-bf7a-7b2c68111d88 │\\n│                                                                          │\\n│ This report will self-destruct in 24h.                                   │\\n└──────────────────────────────────────────────────────────────────────────┘"',
      level: 'ERROR',
      test_run_uuid: '738797d1-ef3e-49e3-8e2f-57309ef59370'
    }
  ]
} to 38424:0
2025-11-15T09:32:42.247Z CLI info [testhub:request-queue-handler]  [sathishponnusamy_yQ8Y0R]  [bdtce8o0p6oesdj0yzxhcafygjbpvan7llzmm8zw]  [1361ce0f-0d31-451f-82e7-c1de08843a22]  Added the event {
  event_type: 'HookRunFinished',
  hook_run: {
    type: 'hook',
    hook_type: 'AFTER_CLASS',
    framework: 'Cucumber-TestNG',
    uuid: '738797d1-ef3e-49e3-8e2f-57309ef59370',
    name: 'tearDownClass',
    result: 'passed',
    test_run_id: 'c7553348-db58-4439-93c1-db1e781dbae8',
    body: { lang: 'java', code: null },
    scope: 'Default Suite.runner.TestRunner',
    custom_metadata: {},
    tags: [],
    scopes: [ 'Default Suite', 'runner.TestRunner' ],
    file_name: 'SeleniumTestNG/src/test/java/runner/TestRunner.java',
    vc_filepath: 'SeleniumTestNG/src/test/java/runner/TestRunner.java',
    location: 'SeleniumTestNG/src/test/java/runner/TestRunner.java',
    started_at: '2025-11-15T09:32:41.242Z',
    finished_at: '2025-11-15T09:32:42.244Z'
  },
  logs: []
} to 38424:0
2025-11-15T09:32:43.529Z CLI info [testhub:request-queue-handler]  [sathishponnusamy_yQ8Y0R]  [bdtce8o0p6oesdj0yzxhcafygjbpvan7llzmm8zw]  [1361ce0f-0d31-451f-82e7-c1de08843a22]  Processing batch event [
  { event_type: 'LogCreated', logs: [ [Object] ] },
  {
    event_type: 'HookRunFinished',
    hook_run: {
      type: 'hook',
      hook_type: 'AFTER_CLASS',
      framework: 'Cucumber-TestNG',
      uuid: '738797d1-ef3e-49e3-8e2f-57309ef59370',
      name: 'tearDownClass',
      result: 'passed',
      test_run_id: 'c7553348-db58-4439-93c1-db1e781dbae8',
      body: [Object],
      scope: 'Default Suite.runner.TestRunner',
      custom_metadata: {},
      tags: [],
      scopes: [Array],
      file_name: 'SeleniumTestNG/src/test/java/runner/TestRunner.java',
      vc_filepath: 'SeleniumTestNG/src/test/java/runner/TestRunner.java',
      location: 'SeleniumTestNG/src/test/java/runner/TestRunner.java',
      started_at: '2025-11-15T09:32:41.242Z',
      finished_at: '2025-11-15T09:32:42.244Z'
    },
    logs: []
  }
] to 38424:0
2025-11-15T09:32:43.531Z CLI info  [sathishponnusamy_yQ8Y0R]  [bdtce8o0p6oesdj0yzxhcafygjbpvan7llzmm8zw]  [1361ce0f-0d31-451f-82e7-c1de08843a22]  [PRODUCTION] Making POST request to https://collector-observability.browserstack.com
2025-11-15T09:32:43.945Z CLI info  [sathishponnusamy_yQ8Y0R]  [bdtce8o0p6oesdj0yzxhcafygjbpvan7llzmm8zw]  [1361ce0f-0d31-451f-82e7-c1de08843a22]  [PRODUCTION] Making PUT request to https://collector-observability.browserstack.com
2025-11-15T09:32:44.265Z CLI info [testhub:module]  [sathishponnusamy_yQ8Y0R]  [bdtce8o0p6oesdj0yzxhcafygjbpvan7llzmm8zw]  [1361ce0f-0d31-451f-82e7-c1de08843a22]  stopBuild: bdtce8o0p6oesdj0yzxhcafygjbpvan7llzmm8zw request={"finished_at":"2025-11-15T09:32:42.729Z","finished_metadata":[],"custom_metadata":{}} response={"data":""}
2025-11-15T09:32:44.267Z CLI info  [sathishponnusamy_yQ8Y0R]  [bdtce8o0p6oesdj0yzxhcafygjbpvan7llzmm8zw]  [1361ce0f-0d31-451f-82e7-c1de08843a22]  [PRODUCTION] Making POST request to https://api.browserstack.com
2025-11-15T09:32:44.271Z CLI info [TEST REPORTING AND ANALYTICS:module]  [sathishponnusamy_yQ8Y0R]  [bdtce8o0p6oesdj0yzxhcafygjbpvan7llzmm8zw]  [1361ce0f-0d31-451f-82e7-c1de08843a22]  Visit https://automation.browserstack.com/builds/bdtce8o0p6oesdj0yzxhcafygjbpvan7llzmm8zw to view build report, insights, and many more debugging information all at one place!
2025-11-15T09:32:46.877Z CLI info  [sathishponnusamy_yQ8Y0R]  [bdtce8o0p6oesdj0yzxhcafygjbpvan7llzmm8zw]  [1361ce0f-0d31-451f-82e7-c1de08843a22]  [PRODUCTION] Making GET request to https://api.browserstack.com
2025-11-15T09:32:47.059Z CLI info  [sathishponnusamy_yQ8Y0R]  [bdtce8o0p6oesdj0yzxhcafygjbpvan7llzmm8zw]  [1361ce0f-0d31-451f-82e7-c1de08843a22]  [PRODUCTION] Making POST request to https://eds.browserstack.com
2025-11-15T09:32:47.546Z CLI info [main]  [sathishponnusamy_yQ8Y0R]  [bdtce8o0p6oesdj0yzxhcafygjbpvan7llzmm8zw]  [1361ce0f-0d31-451f-82e7-c1de08843a22]  Received graceful signal termination, performing cleanup
2025-11-15T09:46:03.396Z CLI info [main]     Server listening on port: 5400
2025-11-15T09:46:03.832Z CLI info     Config : {"userName":"sathishponnusamy_yQ8Y0R","accessKey":"yyxPBXzPZhsqhzuNmPGs","projectName":"SeleniumTestNG","buildName":"browserstack build","buildIdentifier":"#${BUILD_NUMBER}","platforms":[{"os":"OS X","osVersion":"Big Sur","browserName":"Chrome","browserVersion":"latest"},{"os":"Windows","osVersion":"10","browserName":"Edge","browserVersion":"latest"},{"deviceName":"Samsung Galaxy S22 Ultra","browserName":"chrome","osVersion":"12.0"}],"parallelsPerPlatform":1,"source":"java:intellij:2.0.0-IC","browserstackLocal":true,"debug":false,"networkLogs":false,"consoleLogs":"errors"}
2025-11-15T09:46:03.843Z CLI info [testhub:module]  [sathishponnusamy_yQ8Y0R]   [aae1058f-e7c8-4310-a48f-6eb5bff610e2]  Starting testhub from 39128:0
2025-11-15T09:46:03.844Z CLI info  [sathishponnusamy_yQ8Y0R]   [aae1058f-e7c8-4310-a48f-6eb5bff610e2]  [PRODUCTION] Making POST request to https://sdk.browserstack.com
2025-11-15T09:46:04.876Z CLI info [testhub:module]  [sathishponnusamy_yQ8Y0R]   [aae1058f-e7c8-4310-a48f-6eb5bff610e2]  startBuild: response=yeqzw2uopn6qst6jsqublmljm0jnqwsk9avxmtvz
2025-11-15T09:46:04.878Z CLI info  [sathishponnusamy_yQ8Y0R]  [yeqzw2uopn6qst6jsqublmljm0jnqwsk9avxmtvz]  [aae1058f-e7c8-4310-a48f-6eb5bff610e2]  [PRODUCTION] Making POST request to https://api.browserstack.com
2025-11-15T09:46:08.035Z CLI info  [sathishponnusamy_yQ8Y0R]  [yeqzw2uopn6qst6jsqublmljm0jnqwsk9avxmtvz]  [aae1058f-e7c8-4310-a48f-6eb5bff610e2]  [PRODUCTION] Making GET request to https://hub.browserstack.com
2025-11-15T09:46:08.138Z CLI info  [sathishponnusamy_yQ8Y0R]  [yeqzw2uopn6qst6jsqublmljm0jnqwsk9avxmtvz]  [aae1058f-e7c8-4310-a48f-6eb5bff610e2]  [PRODUCTION] Making GET request to https://hub-euw.browserstack.com
2025-11-15T09:46:08.229Z CLI info  [sathishponnusamy_yQ8Y0R]  [yeqzw2uopn6qst6jsqublmljm0jnqwsk9avxmtvz]  [aae1058f-e7c8-4310-a48f-6eb5bff610e2]  [PRODUCTION] Making GET request to https://hub-use.browserstack.com
2025-11-15T09:46:08.637Z CLI info  [sathishponnusamy_yQ8Y0R]  [yeqzw2uopn6qst6jsqublmljm0jnqwsk9avxmtvz]  [aae1058f-e7c8-4310-a48f-6eb5bff610e2]  [PRODUCTION] Making GET request to https://hub-aps.browserstack.com
2025-11-15T09:46:11.494Z CLI info [testhub:request-queue-handler]  [sathishponnusamy_yQ8Y0R]  [yeqzw2uopn6qst6jsqublmljm0jnqwsk9avxmtvz]  [aae1058f-e7c8-4310-a48f-6eb5bff610e2]  Added the event {
  event_type: 'HookRunStarted',
  hook_run: {
    type: 'hook',
    hook_type: 'BEFORE_CLASS',
    framework: 'Cucumber-TestNG',
    uuid: 'a6952251-fb7a-45d6-a52a-ec9f26e553bc',
    name: 'setUpClass',
    result: 'pending',
    test_run_id: '3cd2cfb3-0a28-4139-bca1-0ee056b364fa',
    body: { lang: 'java', code: null },
    scope: 'Default Suite.runner.TestRunner',
    custom_metadata: {},
    tags: [],
    scopes: [ 'Default Suite', 'runner.TestRunner' ],
    file_name: 'SeleniumTestNG/src/test/java/runner/TestRunner.java',
    vc_filepath: 'SeleniumTestNG/src/test/java/runner/TestRunner.java',
    location: 'SeleniumTestNG/src/test/java/runner/TestRunner.java',
    started_at: '2025-11-15T09:46:11.473Z'
  },
  logs: []
} to 39128:0
2025-11-15T09:46:11.495Z CLI info [testhub:request-queue-handler]  [sathishponnusamy_yQ8Y0R]  [yeqzw2uopn6qst6jsqublmljm0jnqwsk9avxmtvz]  [aae1058f-e7c8-4310-a48f-6eb5bff610e2]  Added the event {
  event_type: 'HookRunStarted',
  hook_run: {
    type: 'hook',
    hook_type: 'BEFORE_CLASS',
    framework: 'Cucumber-TestNG',
    uuid: 'c71cdf1f-bb28-4bee-a682-1f45f0024c01',
    name: 'setUpClass',
    result: 'pending',
    test_run_id: '96e525f5-311e-4343-ac43-b295b4c12301',
    body: { lang: 'java', code: null },
    scope: 'Default Suite.runner.TestRunner',
    custom_metadata: {},
    tags: [],
    scopes: [ 'Default Suite', 'runner.TestRunner' ],
    file_name: 'SeleniumTestNG/src/test/java/runner/TestRunner.java',
    vc_filepath: 'SeleniumTestNG/src/test/java/runner/TestRunner.java',
    location: 'SeleniumTestNG/src/test/java/runner/TestRunner.java',
    started_at: '2025-11-15T09:46:11.474Z'
  },
  logs: []
} to 39128:0
2025-11-15T09:46:11.496Z CLI info [testhub:request-queue-handler]  [sathishponnusamy_yQ8Y0R]  [yeqzw2uopn6qst6jsqublmljm0jnqwsk9avxmtvz]  [aae1058f-e7c8-4310-a48f-6eb5bff610e2]  Added the event {
  event_type: 'HookRunStarted',
  hook_run: {
    type: 'hook',
    hook_type: 'BEFORE_CLASS',
    framework: 'Cucumber-TestNG',
    uuid: '70060e81-16e9-40ae-bf3c-b746c2f44f4d',
    name: 'setUpClass',
    result: 'pending',
    test_run_id: '8c76fb82-5665-4d6b-bf75-f44e3a92f52c',
    body: { lang: 'java', code: null },
    scope: 'Default Suite.runner.TestRunner',
    custom_metadata: {},
    tags: [],
    scopes: [ 'Default Suite', 'runner.TestRunner' ],
    file_name: 'SeleniumTestNG/src/test/java/runner/TestRunner.java',
    vc_filepath: 'SeleniumTestNG/src/test/java/runner/TestRunner.java',
    location: 'SeleniumTestNG/src/test/java/runner/TestRunner.java',
    started_at: '2025-11-15T09:46:11.473Z'
  },
  logs: []
} to 39128:0
2025-11-15T09:46:12.739Z CLI info [testhub:request-queue-handler]  [sathishponnusamy_yQ8Y0R]  [yeqzw2uopn6qst6jsqublmljm0jnqwsk9avxmtvz]  [aae1058f-e7c8-4310-a48f-6eb5bff610e2]  Added the event {
  event_type: 'HookRunFinished',
  hook_run: {
    type: 'hook',
    hook_type: 'BEFORE_CLASS',
    framework: 'Cucumber-TestNG',
    uuid: '70060e81-16e9-40ae-bf3c-b746c2f44f4d',
    name: 'setUpClass',
    result: 'passed',
    test_run_id: '8c76fb82-5665-4d6b-bf75-f44e3a92f52c',
    body: { lang: 'java', code: null },
    scope: 'Default Suite.runner.TestRunner',
    custom_metadata: {},
    tags: [],
    scopes: [ 'Default Suite', 'runner.TestRunner' ],
    file_name: 'SeleniumTestNG/src/test/java/runner/TestRunner.java',
    vc_filepath: 'SeleniumTestNG/src/test/java/runner/TestRunner.java',
    location: 'SeleniumTestNG/src/test/java/runner/TestRunner.java',
    started_at: '2025-11-15T09:46:11.473Z',
    finished_at: '2025-11-15T09:46:12.728Z'
  },
  logs: []
} to 39128:0
2025-11-15T09:46:12.745Z CLI info [testhub:request-queue-handler]  [sathishponnusamy_yQ8Y0R]  [yeqzw2uopn6qst6jsqublmljm0jnqwsk9avxmtvz]  [aae1058f-e7c8-4310-a48f-6eb5bff610e2]  Added the event {
  event_type: 'HookRunFinished',
  hook_run: {
    type: 'hook',
    hook_type: 'BEFORE_CLASS',
    framework: 'Cucumber-TestNG',
    uuid: 'a6952251-fb7a-45d6-a52a-ec9f26e553bc',
    name: 'setUpClass',
    result: 'passed',
    test_run_id: '3cd2cfb3-0a28-4139-bca1-0ee056b364fa',
    body: { lang: 'java', code: null },
    scope: 'Default Suite.runner.TestRunner',
    custom_metadata: {},
    tags: [],
    scopes: [ 'Default Suite', 'runner.TestRunner' ],
    file_name: 'SeleniumTestNG/src/test/java/runner/TestRunner.java',
    vc_filepath: 'SeleniumTestNG/src/test/java/runner/TestRunner.java',
    location: 'SeleniumTestNG/src/test/java/runner/TestRunner.java',
    started_at: '2025-11-15T09:46:11.473Z',
    finished_at: '2025-11-15T09:46:12.731Z'
  },
  logs: []
} to 39128:0
2025-11-15T09:46:12.747Z CLI info [testhub:request-queue-handler]  [sathishponnusamy_yQ8Y0R]  [yeqzw2uopn6qst6jsqublmljm0jnqwsk9avxmtvz]  [aae1058f-e7c8-4310-a48f-6eb5bff610e2]  Added the event {
  event_type: 'HookRunFinished',
  hook_run: {
    type: 'hook',
    hook_type: 'BEFORE_CLASS',
    framework: 'Cucumber-TestNG',
    uuid: 'c71cdf1f-bb28-4bee-a682-1f45f0024c01',
    name: 'setUpClass',
    result: 'passed',
    test_run_id: '96e525f5-311e-4343-ac43-b295b4c12301',
    body: { lang: 'java', code: null },
    scope: 'Default Suite.runner.TestRunner',
    custom_metadata: {},
    tags: [],
    scopes: [ 'Default Suite', 'runner.TestRunner' ],
    file_name: 'SeleniumTestNG/src/test/java/runner/TestRunner.java',
    vc_filepath: 'SeleniumTestNG/src/test/java/runner/TestRunner.java',
    location: 'SeleniumTestNG/src/test/java/runner/TestRunner.java',
    started_at: '2025-11-15T09:46:11.474Z',
    finished_at: '2025-11-15T09:46:12.730Z'
  },
  logs: []
} to 39128:0
2025-11-15T09:46:12.882Z CLI info [testhub:request-queue-handler]  [sathishponnusamy_yQ8Y0R]  [yeqzw2uopn6qst6jsqublmljm0jnqwsk9avxmtvz]  [aae1058f-e7c8-4310-a48f-6eb5bff610e2]  Processing batch event [
  {
    event_type: 'HookRunStarted',
    hook_run: {
      type: 'hook',
      hook_type: 'BEFORE_CLASS',
      framework: 'Cucumber-TestNG',
      uuid: 'a6952251-fb7a-45d6-a52a-ec9f26e553bc',
      name: 'setUpClass',
      result: 'pending',
      test_run_id: '3cd2cfb3-0a28-4139-bca1-0ee056b364fa',
      body: [Object],
      scope: 'Default Suite.runner.TestRunner',
      custom_metadata: {},
      tags: [],
      scopes: [Array],
      file_name: 'SeleniumTestNG/src/test/java/runner/TestRunner.java',
      vc_filepath: 'SeleniumTestNG/src/test/java/runner/TestRunner.java',
      location: 'SeleniumTestNG/src/test/java/runner/TestRunner.java',
      started_at: '2025-11-15T09:46:11.473Z'
    },
    logs: []
  },
  {
    event_type: 'HookRunStarted',
    hook_run: {
      type: 'hook',
      hook_type: 'BEFORE_CLASS',
      framework: 'Cucumber-TestNG',
      uuid: 'c71cdf1f-bb28-4bee-a682-1f45f0024c01',
      name: 'setUpClass',
      result: 'pending',
      test_run_id: '96e525f5-311e-4343-ac43-b295b4c12301',
      body: [Object],
      scope: 'Default Suite.runner.TestRunner',
      custom_metadata: {},
      tags: [],
      scopes: [Array],
      file_name: 'SeleniumTestNG/src/test/java/runner/TestRunner.java',
      vc_filepath: 'SeleniumTestNG/src/test/java/runner/TestRunner.java',
      location: 'SeleniumTestNG/src/test/java/runner/TestRunner.java',
      started_at: '2025-11-15T09:46:11.474Z'
    },
    logs: []
  },
  {
    event_type: 'HookRunStarted',
    hook_run: {
      type: 'hook',
      hook_type: 'BEFORE_CLASS',
      framework: 'Cucumber-TestNG',
      uuid: '70060e81-16e9-40ae-bf3c-b746c2f44f4d',
      name: 'setUpClass',
      result: 'pending',
      test_run_id: '8c76fb82-5665-4d6b-bf75-f44e3a92f52c',
      body: [Object],
      scope: 'Default Suite.runner.TestRunner',
      custom_metadata: {},
      tags: [],
      scopes: [Array],
      file_name: 'SeleniumTestNG/src/test/java/runner/TestRunner.java',
      vc_filepath: 'SeleniumTestNG/src/test/java/runner/TestRunner.java',
      location: 'SeleniumTestNG/src/test/java/runner/TestRunner.java',
      started_at: '2025-11-15T09:46:11.473Z'
    },
    logs: []
  },
  {
    event_type: 'HookRunFinished',
    hook_run: {
      type: 'hook',
      hook_type: 'BEFORE_CLASS',
      framework: 'Cucumber-TestNG',
      uuid: '70060e81-16e9-40ae-bf3c-b746c2f44f4d',
      name: 'setUpClass',
      result: 'passed',
      test_run_id: '8c76fb82-5665-4d6b-bf75-f44e3a92f52c',
      body: [Object],
      scope: 'Default Suite.runner.TestRunner',
      custom_metadata: {},
      tags: [],
      scopes: [Array],
      file_name: 'SeleniumTestNG/src/test/java/runner/TestRunner.java',
      vc_filepath: 'SeleniumTestNG/src/test/java/runner/TestRunner.java',
      location: 'SeleniumTestNG/src/test/java/runner/TestRunner.java',
      started_at: '2025-11-15T09:46:11.473Z',
      finished_at: '2025-11-15T09:46:12.728Z'
    },
    logs: []
  },
  {
    event_type: 'HookRunFinished',
    hook_run: {
      type: 'hook',
      hook_type: 'BEFORE_CLASS',
      framework: 'Cucumber-TestNG',
      uuid: 'a6952251-fb7a-45d6-a52a-ec9f26e553bc',
      name: 'setUpClass',
      result: 'passed',
      test_run_id: '3cd2cfb3-0a28-4139-bca1-0ee056b364fa',
      body: [Object],
      scope: 'Default Suite.runner.TestRunner',
      custom_metadata: {},
      tags: [],
      scopes: [Array],
      file_name: 'SeleniumTestNG/src/test/java/runner/TestRunner.java',
      vc_filepath: 'SeleniumTestNG/src/test/java/runner/TestRunner.java',
      location: 'SeleniumTestNG/src/test/java/runner/TestRunner.java',
      started_at: '2025-11-15T09:46:11.473Z',
      finished_at: '2025-11-15T09:46:12.731Z'
    },
    logs: []
  },
  {
    event_type: 'HookRunFinished',
    hook_run: {
      type: 'hook',
      hook_type: 'BEFORE_CLASS',
      framework: 'Cucumber-TestNG',
      uuid: 'c71cdf1f-bb28-4bee-a682-1f45f0024c01',
      name: 'setUpClass',
      result: 'passed',
      test_run_id: '96e525f5-311e-4343-ac43-b295b4c12301',
      body: [Object],
      scope: 'Default Suite.runner.TestRunner',
      custom_metadata: {},
      tags: [],
      scopes: [Array],
      file_name: 'SeleniumTestNG/src/test/java/runner/TestRunner.java',
      vc_filepath: 'SeleniumTestNG/src/test/java/runner/TestRunner.java',
      location: 'SeleniumTestNG/src/test/java/runner/TestRunner.java',
      started_at: '2025-11-15T09:46:11.474Z',
      finished_at: '2025-11-15T09:46:12.730Z'
    },
    logs: []
  }
] to 39128:0
2025-11-15T09:46:12.883Z CLI info  [sathishponnusamy_yQ8Y0R]  [yeqzw2uopn6qst6jsqublmljm0jnqwsk9avxmtvz]  [aae1058f-e7c8-4310-a48f-6eb5bff610e2]  [PRODUCTION] Making POST request to https://collector-observability.browserstack.com
2025-11-15T09:46:13.311Z CLI info [testhub:request-queue-handler]  [sathishponnusamy_yQ8Y0R]  [yeqzw2uopn6qst6jsqublmljm0jnqwsk9avxmtvz]  [aae1058f-e7c8-4310-a48f-6eb5bff610e2]  Added the event {
  event_type: 'TestRunStarted',
  test_run: {
    type: 'test',
    framework: 'Cucumber-TestNG',
    uuid: 'c984d037-8ca4-4674-a672-8d48fe9f86e9',
    name: 'Successful login with valid credentials',
    body: {
      lang: 'java',
      code: 'public void io.cucumber.testng.AbstractTestNGCucumberTests.runScenario(io.cucumber.testng.PickleWrapper,io.cucumber.testng.FeatureWrapper)'
    },
    identifier: 'Successful login with valid credentials',
    scope: 'Successful login with valid credentials',
    scopes: [ 'Login Functionality for OpenCart E-Commerce Website' ],
    file_name: 'SeleniumTestNG/src/test/resources/features/loginpage.feature',
    vc_filepath: 'SeleniumTestNG/src/test/resources/features/loginpage.feature',
    location: 'SeleniumTestNG/src/test/resources/features/loginpage.feature',
    meta: {
      data_provider_name: 'scenarios',
      feature: [Object],
      scenario: [Object]
    },
    result: 'pending',
    duration_in_ms: null,
    started_at: '2025-11-15T09:46:12.796Z',
    failure: undefined,
    failure_type: undefined,
    failure_reason: undefined,
    retry_of: null,
    custom_metadata: {},
    tags: [],
    customRerunParam: { rerun_name: 'SeleniumTestNG-0' },
    hooks: [],
    product_map: {
      observability: true,
      accessibility: false,
      percy: false,
      automate: true,
      app_automate: false
    }
  },
  logs: []
} to 39128:0
2025-11-15T09:46:13.316Z CLI info [testhub:request-queue-handler]  [sathishponnusamy_yQ8Y0R]  [yeqzw2uopn6qst6jsqublmljm0jnqwsk9avxmtvz]  [aae1058f-e7c8-4310-a48f-6eb5bff610e2]  Added the event {
  event_type: 'TestRunStarted',
  test_run: {
    type: 'test',
    framework: 'Cucumber-TestNG',
    uuid: 'b76e3763-7f30-4784-ad54-9777fa065c5e',
    name: 'Successful login with valid credentials',
    body: {
      lang: 'java',
      code: 'public void io.cucumber.testng.AbstractTestNGCucumberTests.runScenario(io.cucumber.testng.PickleWrapper,io.cucumber.testng.FeatureWrapper)'
    },
    identifier: 'Successful login with valid credentials',
    scope: 'Successful login with valid credentials',
    scopes: [ 'Login Functionality for OpenCart E-Commerce Website' ],
    file_name: 'SeleniumTestNG/src/test/resources/features/loginpage.feature',
    vc_filepath: 'SeleniumTestNG/src/test/resources/features/loginpage.feature',
    location: 'SeleniumTestNG/src/test/resources/features/loginpage.feature',
    meta: {
      data_provider_name: 'scenarios',
      feature: [Object],
      scenario: [Object]
    },
    result: 'pending',
    duration_in_ms: null,
    started_at: '2025-11-15T09:46:12.796Z',
    failure: undefined,
    failure_type: undefined,
    failure_reason: undefined,
    retry_of: null,
    custom_metadata: {},
    tags: [],
    customRerunParam: { rerun_name: 'SeleniumTestNG-2' },
    hooks: [],
    product_map: {
      observability: true,
      accessibility: false,
      percy: false,
      automate: true,
      app_automate: false
    }
  },
  logs: []
} to 39128:0
2025-11-15T09:46:13.320Z CLI info [testhub:request-queue-handler]  [sathishponnusamy_yQ8Y0R]  [yeqzw2uopn6qst6jsqublmljm0jnqwsk9avxmtvz]  [aae1058f-e7c8-4310-a48f-6eb5bff610e2]  Added the event {
  event_type: 'TestRunStarted',
  test_run: {
    type: 'test',
    framework: 'Cucumber-TestNG',
    uuid: 'a56c8c49-2500-4190-be5d-9e0198a14a61',
    name: 'Successful login with valid credentials',
    body: {
      lang: 'java',
      code: 'public void io.cucumber.testng.AbstractTestNGCucumberTests.runScenario(io.cucumber.testng.PickleWrapper,io.cucumber.testng.FeatureWrapper)'
    },
    identifier: 'Successful login with valid credentials',
    scope: 'Successful login with valid credentials',
    scopes: [ 'Login Functionality for OpenCart E-Commerce Website' ],
    file_name: 'SeleniumTestNG/src/test/resources/features/loginpage.feature',
    vc_filepath: 'SeleniumTestNG/src/test/resources/features/loginpage.feature',
    location: 'SeleniumTestNG/src/test/resources/features/loginpage.feature',
    meta: {
      data_provider_name: 'scenarios',
      feature: [Object],
      scenario: [Object]
    },
    result: 'pending',
    duration_in_ms: null,
    started_at: '2025-11-15T09:46:12.797Z',
    failure: undefined,
    failure_type: undefined,
    failure_reason: undefined,
    retry_of: null,
    custom_metadata: {},
    tags: [],
    customRerunParam: { rerun_name: 'SeleniumTestNG-1' },
    hooks: [],
    product_map: {
      observability: true,
      accessibility: false,
      percy: false,
      automate: true,
      app_automate: false
    }
  },
  logs: []
} to 39128:0
2025-11-15T09:46:14.659Z CLI info [sdk:service]  [sathishponnusamy_yQ8Y0R]  [yeqzw2uopn6qst6jsqublmljm0jnqwsk9avxmtvz]  [aae1058f-e7c8-4310-a48f-6eb5bff610e2]  Driver initialized as primary driver: platformIndex=1
2025-11-15T09:46:14.661Z CLI info [sdk:service]  [sathishponnusamy_yQ8Y0R]  [yeqzw2uopn6qst6jsqublmljm0jnqwsk9avxmtvz]  [aae1058f-e7c8-4310-a48f-6eb5bff610e2]  Driver initialized as primary driver: platformIndex=2
2025-11-15T09:46:14.663Z CLI info [sdk:service]  [sathishponnusamy_yQ8Y0R]  [yeqzw2uopn6qst6jsqublmljm0jnqwsk9avxmtvz]  [aae1058f-e7c8-4310-a48f-6eb5bff610e2]  Driver initialized as primary driver: platformIndex=0
2025-11-15T09:46:14.882Z CLI info [testhub:request-queue-handler]  [sathishponnusamy_yQ8Y0R]  [yeqzw2uopn6qst6jsqublmljm0jnqwsk9avxmtvz]  [aae1058f-e7c8-4310-a48f-6eb5bff610e2]  Processing batch event [
  {
    event_type: 'TestRunStarted',
    test_run: {
      type: 'test',
      framework: 'Cucumber-TestNG',
      uuid: 'c984d037-8ca4-4674-a672-8d48fe9f86e9',
      name: 'Successful login with valid credentials',
      body: [Object],
      identifier: 'Successful login with valid credentials',
      scope: 'Successful login with valid credentials',
      scopes: [Array],
      file_name: 'SeleniumTestNG/src/test/resources/features/loginpage.feature',
      vc_filepath: 'SeleniumTestNG/src/test/resources/features/loginpage.feature',
      location: 'SeleniumTestNG/src/test/resources/features/loginpage.feature',
      meta: [Object],
      result: 'pending',
      duration_in_ms: null,
      started_at: '2025-11-15T09:46:12.796Z',
      failure: undefined,
      failure_type: undefined,
      failure_reason: undefined,
      retry_of: null,
      custom_metadata: {},
      tags: [],
      customRerunParam: [Object],
      hooks: [],
      product_map: [Object]
    },
    logs: []
  },
  {
    event_type: 'TestRunStarted',
    test_run: {
      type: 'test',
      framework: 'Cucumber-TestNG',
      uuid: 'b76e3763-7f30-4784-ad54-9777fa065c5e',
      name: 'Successful login with valid credentials',
      body: [Object],
      identifier: 'Successful login with valid credentials',
      scope: 'Successful login with valid credentials',
      scopes: [Array],
      file_name: 'SeleniumTestNG/src/test/resources/features/loginpage.feature',
      vc_filepath: 'SeleniumTestNG/src/test/resources/features/loginpage.feature',
      location: 'SeleniumTestNG/src/test/resources/features/loginpage.feature',
      meta: [Object],
      result: 'pending',
      duration_in_ms: null,
      started_at: '2025-11-15T09:46:12.796Z',
      failure: undefined,
      failure_type: undefined,
      failure_reason: undefined,
      retry_of: null,
      custom_metadata: {},
      tags: [],
      customRerunParam: [Object],
      hooks: [],
      product_map: [Object]
    },
    logs: []
  },
  {
    event_type: 'TestRunStarted',
    test_run: {
      type: 'test',
      framework: 'Cucumber-TestNG',
      uuid: 'a56c8c49-2500-4190-be5d-9e0198a14a61',
      name: 'Successful login with valid credentials',
      body: [Object],
      identifier: 'Successful login with valid credentials',
      scope: 'Successful login with valid credentials',
      scopes: [Array],
      file_name: 'SeleniumTestNG/src/test/resources/features/loginpage.feature',
      vc_filepath: 'SeleniumTestNG/src/test/resources/features/loginpage.feature',
      location: 'SeleniumTestNG/src/test/resources/features/loginpage.feature',
      meta: [Object],
      result: 'pending',
      duration_in_ms: null,
      started_at: '2025-11-15T09:46:12.797Z',
      failure: undefined,
      failure_type: undefined,
      failure_reason: undefined,
      retry_of: null,
      custom_metadata: {},
      tags: [],
      customRerunParam: [Object],
      hooks: [],
      product_map: [Object]
    },
    logs: []
  }
] to 39128:0
2025-11-15T09:46:14.883Z CLI info  [sathishponnusamy_yQ8Y0R]  [yeqzw2uopn6qst6jsqublmljm0jnqwsk9avxmtvz]  [aae1058f-e7c8-4310-a48f-6eb5bff610e2]  [PRODUCTION] Making POST request to https://collector-observability.browserstack.com
2025-11-15T09:46:24.634Z CLI info [testhub:request-queue-handler]  [sathishponnusamy_yQ8Y0R]  [yeqzw2uopn6qst6jsqublmljm0jnqwsk9avxmtvz]  [aae1058f-e7c8-4310-a48f-6eb5bff610e2]  Added the event {
  event_type: 'CBTSessionCreated',
  test_run: {
    uuid: 'c984d037-8ca4-4674-a672-8d48fe9f86e9',
    integrations: { browserstack: [Object] }
  }
} to 39128:0
2025-11-15T09:46:24.888Z CLI info [testhub:request-queue-handler]  [sathishponnusamy_yQ8Y0R]  [yeqzw2uopn6qst6jsqublmljm0jnqwsk9avxmtvz]  [aae1058f-e7c8-4310-a48f-6eb5bff610e2]  Processing batch event [
  {
    event_type: 'CBTSessionCreated',
    test_run: {
      uuid: 'c984d037-8ca4-4674-a672-8d48fe9f86e9',
      integrations: [Object]
    }
  }
] to 39128:0
2025-11-15T09:46:24.889Z CLI info  [sathishponnusamy_yQ8Y0R]  [yeqzw2uopn6qst6jsqublmljm0jnqwsk9avxmtvz]  [aae1058f-e7c8-4310-a48f-6eb5bff610e2]  [PRODUCTION] Making POST request to https://collector-observability.browserstack.com
2025-11-15T09:46:29.192Z CLI info [testhub:request-queue-handler]  [sathishponnusamy_yQ8Y0R]  [yeqzw2uopn6qst6jsqublmljm0jnqwsk9avxmtvz]  [aae1058f-e7c8-4310-a48f-6eb5bff610e2]  Added the event {
  event_type: 'CBTSessionCreated',
  test_run: {
    uuid: 'a56c8c49-2500-4190-be5d-9e0198a14a61',
    integrations: { browserstack: [Object] }
  }
} to 39128:0
2025-11-15T09:46:29.876Z CLI info [testhub:request-queue-handler]  [sathishponnusamy_yQ8Y0R]  [yeqzw2uopn6qst6jsqublmljm0jnqwsk9avxmtvz]  [aae1058f-e7c8-4310-a48f-6eb5bff610e2]  Added the event {
  event_type: 'CBTSessionCreated',
  test_run: {
    uuid: 'c984d037-8ca4-4674-a672-8d48fe9f86e9',
    integrations: { browserstack: [Object] }
  }
} to 39128:0
2025-11-15T09:46:30.890Z CLI info [testhub:request-queue-handler]  [sathishponnusamy_yQ8Y0R]  [yeqzw2uopn6qst6jsqublmljm0jnqwsk9avxmtvz]  [aae1058f-e7c8-4310-a48f-6eb5bff610e2]  Processing batch event [
  {
    event_type: 'CBTSessionCreated',
    test_run: {
      uuid: 'a56c8c49-2500-4190-be5d-9e0198a14a61',
      integrations: [Object]
    }
  },
  {
    event_type: 'CBTSessionCreated',
    test_run: {
      uuid: 'c984d037-8ca4-4674-a672-8d48fe9f86e9',
      integrations: [Object]
    }
  }
] to 39128:0
2025-11-15T09:46:30.892Z CLI info  [sathishponnusamy_yQ8Y0R]  [yeqzw2uopn6qst6jsqublmljm0jnqwsk9avxmtvz]  [aae1058f-e7c8-4310-a48f-6eb5bff610e2]  [PRODUCTION] Making POST request to https://collector-observability.browserstack.com
2025-11-15T09:46:32.164Z CLI info [testhub:request-queue-handler]  [sathishponnusamy_yQ8Y0R]  [yeqzw2uopn6qst6jsqublmljm0jnqwsk9avxmtvz]  [aae1058f-e7c8-4310-a48f-6eb5bff610e2]  Added the event {
  event_type: 'CBTSessionCreated',
  test_run: {
    uuid: 'c984d037-8ca4-4674-a672-8d48fe9f86e9',
    integrations: { browserstack: [Object] }
  }
} to 39128:0
2025-11-15T09:46:32.892Z CLI info [testhub:request-queue-handler]  [sathishponnusamy_yQ8Y0R]  [yeqzw2uopn6qst6jsqublmljm0jnqwsk9avxmtvz]  [aae1058f-e7c8-4310-a48f-6eb5bff610e2]  Processing batch event [
  {
    event_type: 'CBTSessionCreated',
    test_run: {
      uuid: 'c984d037-8ca4-4674-a672-8d48fe9f86e9',
      integrations: [Object]
    }
  }
] to 39128:0
2025-11-15T09:46:32.893Z CLI info  [sathishponnusamy_yQ8Y0R]  [yeqzw2uopn6qst6jsqublmljm0jnqwsk9avxmtvz]  [aae1058f-e7c8-4310-a48f-6eb5bff610e2]  [PRODUCTION] Making POST request to https://collector-observability.browserstack.com
2025-11-15T09:46:34.453Z CLI info [testhub:request-queue-handler]  [sathishponnusamy_yQ8Y0R]  [yeqzw2uopn6qst6jsqublmljm0jnqwsk9avxmtvz]  [aae1058f-e7c8-4310-a48f-6eb5bff610e2]  Added the event {
  event_type: 'CBTSessionCreated',
  test_run: {
    uuid: 'a56c8c49-2500-4190-be5d-9e0198a14a61',
    integrations: { browserstack: [Object] }
  }
} to 39128:0
2025-11-15T09:46:34.545Z CLI info [testhub:request-queue-handler]  [sathishponnusamy_yQ8Y0R]  [yeqzw2uopn6qst6jsqublmljm0jnqwsk9avxmtvz]  [aae1058f-e7c8-4310-a48f-6eb5bff610e2]  Added the event {
  event_type: 'CBTSessionCreated',
  test_run: {
    uuid: 'c984d037-8ca4-4674-a672-8d48fe9f86e9',
    integrations: { browserstack: [Object] }
  }
} to 39128:0
2025-11-15T09:46:34.892Z CLI info [testhub:request-queue-handler]  [sathishponnusamy_yQ8Y0R]  [yeqzw2uopn6qst6jsqublmljm0jnqwsk9avxmtvz]  [aae1058f-e7c8-4310-a48f-6eb5bff610e2]  Processing batch event [
  {
    event_type: 'CBTSessionCreated',
    test_run: {
      uuid: 'a56c8c49-2500-4190-be5d-9e0198a14a61',
      integrations: [Object]
    }
  },
  {
    event_type: 'CBTSessionCreated',
    test_run: {
      uuid: 'c984d037-8ca4-4674-a672-8d48fe9f86e9',
      integrations: [Object]
    }
  }
] to 39128:0
2025-11-15T09:46:34.893Z CLI info  [sathishponnusamy_yQ8Y0R]  [yeqzw2uopn6qst6jsqublmljm0jnqwsk9avxmtvz]  [aae1058f-e7c8-4310-a48f-6eb5bff610e2]  [PRODUCTION] Making POST request to https://collector-observability.browserstack.com
2025-11-15T09:46:36.710Z CLI info [testhub:request-queue-handler]  [sathishponnusamy_yQ8Y0R]  [yeqzw2uopn6qst6jsqublmljm0jnqwsk9avxmtvz]  [aae1058f-e7c8-4310-a48f-6eb5bff610e2]  Added the event {
  event_type: 'CBTSessionCreated',
  test_run: {
    uuid: 'c984d037-8ca4-4674-a672-8d48fe9f86e9',
    integrations: { browserstack: [Object] }
  }
} to 39128:0
2025-11-15T09:46:36.893Z CLI info [testhub:request-queue-handler]  [sathishponnusamy_yQ8Y0R]  [yeqzw2uopn6qst6jsqublmljm0jnqwsk9avxmtvz]  [aae1058f-e7c8-4310-a48f-6eb5bff610e2]  Processing batch event [
  {
    event_type: 'CBTSessionCreated',
    test_run: {
      uuid: 'c984d037-8ca4-4674-a672-8d48fe9f86e9',
      integrations: [Object]
    }
  }
] to 39128:0
2025-11-15T09:46:36.894Z CLI info  [sathishponnusamy_yQ8Y0R]  [yeqzw2uopn6qst6jsqublmljm0jnqwsk9avxmtvz]  [aae1058f-e7c8-4310-a48f-6eb5bff610e2]  [PRODUCTION] Making POST request to https://collector-observability.browserstack.com
2025-11-15T09:46:36.969Z CLI info [testhub:request-queue-handler]  [sathishponnusamy_yQ8Y0R]  [yeqzw2uopn6qst6jsqublmljm0jnqwsk9avxmtvz]  [aae1058f-e7c8-4310-a48f-6eb5bff610e2]  Added the event {
  event_type: 'CBTSessionCreated',
  test_run: {
    uuid: 'a56c8c49-2500-4190-be5d-9e0198a14a61',
    integrations: { browserstack: [Object] }
  }
} to 39128:0
2025-11-15T09:46:37.684Z CLI info [testhub:request-queue-handler]  [sathishponnusamy_yQ8Y0R]  [yeqzw2uopn6qst6jsqublmljm0jnqwsk9avxmtvz]  [aae1058f-e7c8-4310-a48f-6eb5bff610e2]  Added the event {
  event_type: 'CBTSessionCreated',
  test_run: {
    uuid: 'b76e3763-7f30-4784-ad54-9777fa065c5e',
    integrations: { browserstack: [Object] }
  }
} to 39128:0
2025-11-15T09:46:38.894Z CLI info [testhub:request-queue-handler]  [sathishponnusamy_yQ8Y0R]  [yeqzw2uopn6qst6jsqublmljm0jnqwsk9avxmtvz]  [aae1058f-e7c8-4310-a48f-6eb5bff610e2]  Processing batch event [
  {
    event_type: 'CBTSessionCreated',
    test_run: {
      uuid: 'a56c8c49-2500-4190-be5d-9e0198a14a61',
      integrations: [Object]
    }
  },
  {
    event_type: 'CBTSessionCreated',
    test_run: {
      uuid: 'b76e3763-7f30-4784-ad54-9777fa065c5e',
      integrations: [Object]
    }
  }
] to 39128:0
2025-11-15T09:46:38.895Z CLI info  [sathishponnusamy_yQ8Y0R]  [yeqzw2uopn6qst6jsqublmljm0jnqwsk9avxmtvz]  [aae1058f-e7c8-4310-a48f-6eb5bff610e2]  [PRODUCTION] Making POST request to https://collector-observability.browserstack.com
2025-11-15T09:46:39.276Z CLI info [testhub:request-queue-handler]  [sathishponnusamy_yQ8Y0R]  [yeqzw2uopn6qst6jsqublmljm0jnqwsk9avxmtvz]  [aae1058f-e7c8-4310-a48f-6eb5bff610e2]  Added the event {
  event_type: 'CBTSessionCreated',
  test_run: {
    uuid: 'a56c8c49-2500-4190-be5d-9e0198a14a61',
    integrations: { browserstack: [Object] }
  }
} to 39128:0
2025-11-15T09:46:39.960Z CLI info [testhub:request-queue-handler]  [sathishponnusamy_yQ8Y0R]  [yeqzw2uopn6qst6jsqublmljm0jnqwsk9avxmtvz]  [aae1058f-e7c8-4310-a48f-6eb5bff610e2]  Added the event {
  event_type: 'TestRunFinished',
  test_run: {
    type: 'test',
    framework: 'Cucumber-TestNG',
    uuid: 'c984d037-8ca4-4674-a672-8d48fe9f86e9',
    name: 'Successful login with valid credentials',
    body: {
      lang: 'java',
      code: 'public void io.cucumber.testng.AbstractTestNGCucumberTests.runScenario(io.cucumber.testng.PickleWrapper,io.cucumber.testng.FeatureWrapper)'
    },
    identifier: 'Successful login with valid credentials',
    scope: 'Successful login with valid credentials',
    scopes: [ 'Login Functionality for OpenCart E-Commerce Website' ],
    file_name: 'SeleniumTestNG/src/test/resources/features/loginpage.feature',
    vc_filepath: 'SeleniumTestNG/src/test/resources/features/loginpage.feature',
    location: 'SeleniumTestNG/src/test/resources/features/loginpage.feature',
    meta: {
      data_provider_name: 'scenarios',
      feature: [Object],
      scenario: [Object],
      steps: [Array]
    },
    result: 'passed',
    duration_in_ms: 27160,
    started_at: '2025-11-15T09:46:12.796Z',
    finished_at: '2025-11-15T09:46:39.956Z',
    failure: null,
    failure_type: null,
    failure_reason: null,
    retry_of: null,
    custom_metadata: {},
    tags: [],
    customRerunParam: { rerun_name: 'SeleniumTestNG-0' },
    hooks: [ 'c71cdf1f-bb28-4bee-a682-1f45f0024c01' ],
    product_map: {
      observability: true,
      accessibility: false,
      percy: false,
      automate: true,
      app_automate: false
    }
  },
  logs: []
} to 39128:0
2025-11-15T09:46:39.984Z CLI info [testhub:request-queue-handler]  [sathishponnusamy_yQ8Y0R]  [yeqzw2uopn6qst6jsqublmljm0jnqwsk9avxmtvz]  [aae1058f-e7c8-4310-a48f-6eb5bff610e2]  Added the event {
  event_type: 'CBTSessionCreated',
  test_run: {
    uuid: 'f49ebc2f-807f-419c-96a1-167d7efc958c',
    integrations: { browserstack: [Object] }
  }
} to 39128:0
2025-11-15T09:46:40.285Z CLI info [testhub:request-queue-handler]  [sathishponnusamy_yQ8Y0R]  [yeqzw2uopn6qst6jsqublmljm0jnqwsk9avxmtvz]  [aae1058f-e7c8-4310-a48f-6eb5bff610e2]  Added the event {
  event_type: 'TestRunStarted',
  test_run: {
    type: 'test',
    framework: 'Cucumber-TestNG',
    uuid: 'f49ebc2f-807f-419c-96a1-167d7efc958c',
    name: 'Unsuccessful login with invalid or empty credentials',
    body: {
      lang: 'java',
      code: 'public void io.cucumber.testng.AbstractTestNGCucumberTests.runScenario(io.cucumber.testng.PickleWrapper,io.cucumber.testng.FeatureWrapper)'
    },
    identifier: 'Unsuccessful login with invalid or empty credentials',
    scope: 'Unsuccessful login with invalid or empty credentials',
    scopes: [ 'Login Functionality for OpenCart E-Commerce Website' ],
    file_name: 'SeleniumTestNG/src/test/resources/features/loginpage.feature',
    vc_filepath: 'SeleniumTestNG/src/test/resources/features/loginpage.feature',
    location: 'SeleniumTestNG/src/test/resources/features/loginpage.feature',
    meta: {
      data_provider_name: 'scenarios',
      feature: [Object],
      scenario: [Object],
      examples: [Array]
    },
    result: 'passed',
    duration_in_ms: null,
    started_at: '2025-11-15T09:46:39.980Z',
    finished_at: '2025-11-15T09:46:39.956Z',
    failure: null,
    failure_type: null,
    failure_reason: null,
    retry_of: null,
    custom_metadata: {},
    tags: [],
    customRerunParam: { rerun_name: 'SeleniumTestNG-0' },
    hooks: [],
    product_map: {
      observability: true,
      accessibility: false,
      percy: false,
      automate: true,
      app_automate: false
    }
  },
  logs: []
} to 39128:0
2025-11-15T09:46:40.296Z CLI info [testhub:request-queue-handler]  [sathishponnusamy_yQ8Y0R]  [yeqzw2uopn6qst6jsqublmljm0jnqwsk9avxmtvz]  [aae1058f-e7c8-4310-a48f-6eb5bff610e2]  Added the event {
  event_type: 'CBTSessionCreated',
  test_run: {
    uuid: 'f49ebc2f-807f-419c-96a1-167d7efc958c',
    integrations: { browserstack: [Object] }
  }
} to 39128:0
2025-11-15T09:46:40.612Z CLI info [testhub:request-queue-handler]  [sathishponnusamy_yQ8Y0R]  [yeqzw2uopn6qst6jsqublmljm0jnqwsk9avxmtvz]  [aae1058f-e7c8-4310-a48f-6eb5bff610e2]  Added the event {
  event_type: 'CBTSessionCreated',
  test_run: {
    uuid: 'a56c8c49-2500-4190-be5d-9e0198a14a61',
    integrations: { browserstack: [Object] }
  }
} to 39128:0
2025-11-15T09:46:40.848Z CLI info [testhub:request-queue-handler]  [sathishponnusamy_yQ8Y0R]  [yeqzw2uopn6qst6jsqublmljm0jnqwsk9avxmtvz]  [aae1058f-e7c8-4310-a48f-6eb5bff610e2]  Added the event {
  event_type: 'CBTSessionCreated',
  test_run: {
    uuid: 'f49ebc2f-807f-419c-96a1-167d7efc958c',
    integrations: { browserstack: [Object] }
  }
} to 39128:0
2025-11-15T09:46:40.896Z CLI info [testhub:request-queue-handler]  [sathishponnusamy_yQ8Y0R]  [yeqzw2uopn6qst6jsqublmljm0jnqwsk9avxmtvz]  [aae1058f-e7c8-4310-a48f-6eb5bff610e2]  Processing batch event [
  {
    event_type: 'CBTSessionCreated',
    test_run: {
      uuid: 'a56c8c49-2500-4190-be5d-9e0198a14a61',
      integrations: [Object]
    }
  },
  {
    event_type: 'TestRunFinished',
    test_run: {
      type: 'test',
      framework: 'Cucumber-TestNG',
      uuid: 'c984d037-8ca4-4674-a672-8d48fe9f86e9',
      name: 'Successful login with valid credentials',
      body: [Object],
      identifier: 'Successful login with valid credentials',
      scope: 'Successful login with valid credentials',
      scopes: [Array],
      file_name: 'SeleniumTestNG/src/test/resources/features/loginpage.feature',
      vc_filepath: 'SeleniumTestNG/src/test/resources/features/loginpage.feature',
      location: 'SeleniumTestNG/src/test/resources/features/loginpage.feature',
      meta: [Object],
      result: 'passed',
      duration_in_ms: 27160,
      started_at: '2025-11-15T09:46:12.796Z',
      finished_at: '2025-11-15T09:46:39.956Z',
      failure: null,
      failure_type: null,
      failure_reason: null,
      retry_of: null,
      custom_metadata: {},
      tags: [],
      customRerunParam: [Object],
      hooks: [Array],
      product_map: [Object]
    },
    logs: []
  },
  {
    event_type: 'CBTSessionCreated',
    test_run: {
      uuid: 'f49ebc2f-807f-419c-96a1-167d7efc958c',
      integrations: [Object]
    }
  },
  {
    event_type: 'TestRunStarted',
    test_run: {
      type: 'test',
      framework: 'Cucumber-TestNG',
      uuid: 'f49ebc2f-807f-419c-96a1-167d7efc958c',
      name: 'Unsuccessful login with invalid or empty credentials',
      body: [Object],
      identifier: 'Unsuccessful login with invalid or empty credentials',
      scope: 'Unsuccessful login with invalid or empty credentials',
      scopes: [Array],
      file_name: 'SeleniumTestNG/src/test/resources/features/loginpage.feature',
      vc_filepath: 'SeleniumTestNG/src/test/resources/features/loginpage.feature',
      location: 'SeleniumTestNG/src/test/resources/features/loginpage.feature',
      meta: [Object],
      result: 'passed',
      duration_in_ms: null,
      started_at: '2025-11-15T09:46:39.980Z',
      finished_at: '2025-11-15T09:46:39.956Z',
      failure: null,
      failure_type: null,
      failure_reason: null,
      retry_of: null,
      custom_metadata: {},
      tags: [],
      customRerunParam: [Object],
      hooks: [],
      product_map: [Object]
    },
    logs: []
  },
  {
    event_type: 'CBTSessionCreated',
    test_run: {
      uuid: 'f49ebc2f-807f-419c-96a1-167d7efc958c',
      integrations: [Object]
    }
  },
  {
    event_type: 'CBTSessionCreated',
    test_run: {
      uuid: 'a56c8c49-2500-4190-be5d-9e0198a14a61',
      integrations: [Object]
    }
  },
  {
    event_type: 'CBTSessionCreated',
    test_run: {
      uuid: 'f49ebc2f-807f-419c-96a1-167d7efc958c',
      integrations: [Object]
    }
  }
] to 39128:0
2025-11-15T09:46:40.898Z CLI info  [sathishponnusamy_yQ8Y0R]  [yeqzw2uopn6qst6jsqublmljm0jnqwsk9avxmtvz]  [aae1058f-e7c8-4310-a48f-6eb5bff610e2]  [PRODUCTION] Making POST request to https://collector-observability.browserstack.com
2025-11-15T09:46:41.382Z CLI info [sdk:service]  [sathishponnusamy_yQ8Y0R]  [yeqzw2uopn6qst6jsqublmljm0jnqwsk9avxmtvz]  [aae1058f-e7c8-4310-a48f-6eb5bff610e2]  Driver initialized as primary driver: platformIndex=0
2025-11-15T09:46:42.660Z CLI info [testhub:request-queue-handler]  [sathishponnusamy_yQ8Y0R]  [yeqzw2uopn6qst6jsqublmljm0jnqwsk9avxmtvz]  [aae1058f-e7c8-4310-a48f-6eb5bff610e2]  Added the event {
  event_type: 'CBTSessionCreated',
  test_run: {
    uuid: 'b76e3763-7f30-4784-ad54-9777fa065c5e',
    integrations: { browserstack: [Object] }
  }
} to 39128:0
2025-11-15T09:46:42.895Z CLI info [testhub:request-queue-handler]  [sathishponnusamy_yQ8Y0R]  [yeqzw2uopn6qst6jsqublmljm0jnqwsk9avxmtvz]  [aae1058f-e7c8-4310-a48f-6eb5bff610e2]  Processing batch event [
  {
    event_type: 'CBTSessionCreated',
    test_run: {
      uuid: 'b76e3763-7f30-4784-ad54-9777fa065c5e',
      integrations: [Object]
    }
  }
] to 39128:0
2025-11-15T09:46:42.897Z CLI info  [sathishponnusamy_yQ8Y0R]  [yeqzw2uopn6qst6jsqublmljm0jnqwsk9avxmtvz]  [aae1058f-e7c8-4310-a48f-6eb5bff610e2]  [PRODUCTION] Making POST request to https://collector-observability.browserstack.com
2025-11-15T09:46:43.422Z CLI info [testhub:request-queue-handler]  [sathishponnusamy_yQ8Y0R]  [yeqzw2uopn6qst6jsqublmljm0jnqwsk9avxmtvz]  [aae1058f-e7c8-4310-a48f-6eb5bff610e2]  Added the event {
  event_type: 'TestRunFinished',
  test_run: {
    type: 'test',
    framework: 'Cucumber-TestNG',
    uuid: 'a56c8c49-2500-4190-be5d-9e0198a14a61',
    name: 'Successful login with valid credentials',
    body: {
      lang: 'java',
      code: 'public void io.cucumber.testng.AbstractTestNGCucumberTests.runScenario(io.cucumber.testng.PickleWrapper,io.cucumber.testng.FeatureWrapper)'
    },
    identifier: 'Successful login with valid credentials',
    scope: 'Successful login with valid credentials',
    scopes: [ 'Login Functionality for OpenCart E-Commerce Website' ],
    file_name: 'SeleniumTestNG/src/test/resources/features/loginpage.feature',
    vc_filepath: 'SeleniumTestNG/src/test/resources/features/loginpage.feature',
    location: 'SeleniumTestNG/src/test/resources/features/loginpage.feature',
    meta: {
      data_provider_name: 'scenarios',
      feature: [Object],
      scenario: [Object],
      steps: [Array]
    },
    result: 'passed',
    duration_in_ms: 30619,
    started_at: '2025-11-15T09:46:12.797Z',
    finished_at: '2025-11-15T09:46:43.416Z',
    failure: null,
    failure_type: null,
    failure_reason: null,
    retry_of: null,
    custom_metadata: {},
    tags: [],
    customRerunParam: { rerun_name: 'SeleniumTestNG-1' },
    hooks: [ 'a6952251-fb7a-45d6-a52a-ec9f26e553bc' ],
    product_map: {
      observability: true,
      accessibility: false,
      percy: false,
      automate: true,
      app_automate: false
    }
  },
  logs: []
} to 39128:0
2025-11-15T09:46:43.443Z CLI info [testhub:request-queue-handler]  [sathishponnusamy_yQ8Y0R]  [yeqzw2uopn6qst6jsqublmljm0jnqwsk9avxmtvz]  [aae1058f-e7c8-4310-a48f-6eb5bff610e2]  Added the event {
  event_type: 'CBTSessionCreated',
  test_run: {
    uuid: '06dd14de-9583-4246-a67e-289144b8ce47',
    integrations: { browserstack: [Object] }
  }
} to 39128:0
2025-11-15T09:46:43.723Z CLI info [testhub:request-queue-handler]  [sathishponnusamy_yQ8Y0R]  [yeqzw2uopn6qst6jsqublmljm0jnqwsk9avxmtvz]  [aae1058f-e7c8-4310-a48f-6eb5bff610e2]  Added the event {
  event_type: 'TestRunStarted',
  test_run: {
    type: 'test',
    framework: 'Cucumber-TestNG',
    uuid: '06dd14de-9583-4246-a67e-289144b8ce47',
    name: 'Unsuccessful login with invalid or empty credentials',
    body: {
      lang: 'java',
      code: 'public void io.cucumber.testng.AbstractTestNGCucumberTests.runScenario(io.cucumber.testng.PickleWrapper,io.cucumber.testng.FeatureWrapper)'
    },
    identifier: 'Unsuccessful login with invalid or empty credentials',
    scope: 'Unsuccessful login with invalid or empty credentials',
    scopes: [ 'Login Functionality for OpenCart E-Commerce Website' ],
    file_name: 'SeleniumTestNG/src/test/resources/features/loginpage.feature',
    vc_filepath: 'SeleniumTestNG/src/test/resources/features/loginpage.feature',
    location: 'SeleniumTestNG/src/test/resources/features/loginpage.feature',
    meta: {
      data_provider_name: 'scenarios',
      feature: [Object],
      scenario: [Object],
      examples: [Array]
    },
    result: 'passed',
    duration_in_ms: null,
    started_at: '2025-11-15T09:46:43.439Z',
    finished_at: '2025-11-15T09:46:43.416Z',
    failure: null,
    failure_type: null,
    failure_reason: null,
    retry_of: null,
    custom_metadata: {},
    tags: [],
    customRerunParam: { rerun_name: 'SeleniumTestNG-1' },
    hooks: [],
    product_map: {
      observability: true,
      accessibility: false,
      percy: false,
      automate: true,
      app_automate: false
    }
  },
  logs: []
} to 39128:0
2025-11-15T09:46:43.741Z CLI info [testhub:request-queue-handler]  [sathishponnusamy_yQ8Y0R]  [yeqzw2uopn6qst6jsqublmljm0jnqwsk9avxmtvz]  [aae1058f-e7c8-4310-a48f-6eb5bff610e2]  Added the event {
  event_type: 'CBTSessionCreated',
  test_run: {
    uuid: '06dd14de-9583-4246-a67e-289144b8ce47',
    integrations: { browserstack: [Object] }
  }
} to 39128:0
2025-11-15T09:46:44.284Z CLI info [testhub:request-queue-handler]  [sathishponnusamy_yQ8Y0R]  [yeqzw2uopn6qst6jsqublmljm0jnqwsk9avxmtvz]  [aae1058f-e7c8-4310-a48f-6eb5bff610e2]  Added the event {
  event_type: 'CBTSessionCreated',
  test_run: {
    uuid: '06dd14de-9583-4246-a67e-289144b8ce47',
    integrations: { browserstack: [Object] }
  }
} to 39128:0
2025-11-15T09:46:44.834Z CLI info [sdk:service]  [sathishponnusamy_yQ8Y0R]  [yeqzw2uopn6qst6jsqublmljm0jnqwsk9avxmtvz]  [aae1058f-e7c8-4310-a48f-6eb5bff610e2]  Driver initialized as primary driver: platformIndex=1
2025-11-15T09:46:44.894Z CLI info [testhub:request-queue-handler]  [sathishponnusamy_yQ8Y0R]  [yeqzw2uopn6qst6jsqublmljm0jnqwsk9avxmtvz]  [aae1058f-e7c8-4310-a48f-6eb5bff610e2]  Processing batch event [
  {
    event_type: 'TestRunFinished',
    test_run: {
      type: 'test',
      framework: 'Cucumber-TestNG',
      uuid: 'a56c8c49-2500-4190-be5d-9e0198a14a61',
      name: 'Successful login with valid credentials',
      body: [Object],
      identifier: 'Successful login with valid credentials',
      scope: 'Successful login with valid credentials',
      scopes: [Array],
      file_name: 'SeleniumTestNG/src/test/resources/features/loginpage.feature',
      vc_filepath: 'SeleniumTestNG/src/test/resources/features/loginpage.feature',
      location: 'SeleniumTestNG/src/test/resources/features/loginpage.feature',
      meta: [Object],
      result: 'passed',
      duration_in_ms: 30619,
      started_at: '2025-11-15T09:46:12.797Z',
      finished_at: '2025-11-15T09:46:43.416Z',
      failure: null,
      failure_type: null,
      failure_reason: null,
      retry_of: null,
      custom_metadata: {},
      tags: [],
      customRerunParam: [Object],
      hooks: [Array],
      product_map: [Object]
    },
    logs: []
  },
  {
    event_type: 'CBTSessionCreated',
    test_run: {
      uuid: '06dd14de-9583-4246-a67e-289144b8ce47',
      integrations: [Object]
    }
  },
  {
    event_type: 'TestRunStarted',
    test_run: {
      type: 'test',
      framework: 'Cucumber-TestNG',
      uuid: '06dd14de-9583-4246-a67e-289144b8ce47',
      name: 'Unsuccessful login with invalid or empty credentials',
      body: [Object],
      identifier: 'Unsuccessful login with invalid or empty credentials',
      scope: 'Unsuccessful login with invalid or empty credentials',
      scopes: [Array],
      file_name: 'SeleniumTestNG/src/test/resources/features/loginpage.feature',
      vc_filepath: 'SeleniumTestNG/src/test/resources/features/loginpage.feature',
      location: 'SeleniumTestNG/src/test/resources/features/loginpage.feature',
      meta: [Object],
      result: 'passed',
      duration_in_ms: null,
      started_at: '2025-11-15T09:46:43.439Z',
      finished_at: '2025-11-15T09:46:43.416Z',
      failure: null,
      failure_type: null,
      failure_reason: null,
      retry_of: null,
      custom_metadata: {},
      tags: [],
      customRerunParam: [Object],
      hooks: [],
      product_map: [Object]
    },
    logs: []
  },
  {
    event_type: 'CBTSessionCreated',
    test_run: {
      uuid: '06dd14de-9583-4246-a67e-289144b8ce47',
      integrations: [Object]
    }
  },
  {
    event_type: 'CBTSessionCreated',
    test_run: {
      uuid: '06dd14de-9583-4246-a67e-289144b8ce47',
      integrations: [Object]
    }
  }
] to 39128:0
2025-11-15T09:46:44.895Z CLI info  [sathishponnusamy_yQ8Y0R]  [yeqzw2uopn6qst6jsqublmljm0jnqwsk9avxmtvz]  [aae1058f-e7c8-4310-a48f-6eb5bff610e2]  [PRODUCTION] Making POST request to https://collector-observability.browserstack.com
2025-11-15T09:46:45.658Z CLI info [testhub:request-queue-handler]  [sathishponnusamy_yQ8Y0R]  [yeqzw2uopn6qst6jsqublmljm0jnqwsk9avxmtvz]  [aae1058f-e7c8-4310-a48f-6eb5bff610e2]  Added the event {
  event_type: 'CBTSessionCreated',
  test_run: {
    uuid: 'b76e3763-7f30-4784-ad54-9777fa065c5e',
    integrations: { browserstack: [Object] }
  }
} to 39128:0
2025-11-15T09:46:46.895Z CLI info [testhub:request-queue-handler]  [sathishponnusamy_yQ8Y0R]  [yeqzw2uopn6qst6jsqublmljm0jnqwsk9avxmtvz]  [aae1058f-e7c8-4310-a48f-6eb5bff610e2]  Processing batch event [
  {
    event_type: 'CBTSessionCreated',
    test_run: {
      uuid: 'b76e3763-7f30-4784-ad54-9777fa065c5e',
      integrations: [Object]
    }
  }
] to 39128:0
2025-11-15T09:46:46.895Z CLI info  [sathishponnusamy_yQ8Y0R]  [yeqzw2uopn6qst6jsqublmljm0jnqwsk9avxmtvz]  [aae1058f-e7c8-4310-a48f-6eb5bff610e2]  [PRODUCTION] Making POST request to https://collector-observability.browserstack.com
2025-11-15T09:46:47.845Z CLI info [testhub:request-queue-handler]  [sathishponnusamy_yQ8Y0R]  [yeqzw2uopn6qst6jsqublmljm0jnqwsk9avxmtvz]  [aae1058f-e7c8-4310-a48f-6eb5bff610e2]  Added the event {
  event_type: 'CBTSessionCreated',
  test_run: {
    uuid: 'b76e3763-7f30-4784-ad54-9777fa065c5e',
    integrations: { browserstack: [Object] }
  }
} to 39128:0
2025-11-15T09:46:48.895Z CLI info [testhub:request-queue-handler]  [sathishponnusamy_yQ8Y0R]  [yeqzw2uopn6qst6jsqublmljm0jnqwsk9avxmtvz]  [aae1058f-e7c8-4310-a48f-6eb5bff610e2]  Processing batch event [
  {
    event_type: 'CBTSessionCreated',
    test_run: {
      uuid: 'b76e3763-7f30-4784-ad54-9777fa065c5e',
      integrations: [Object]
    }
  }
] to 39128:0
2025-11-15T09:46:48.896Z CLI info  [sathishponnusamy_yQ8Y0R]  [yeqzw2uopn6qst6jsqublmljm0jnqwsk9avxmtvz]  [aae1058f-e7c8-4310-a48f-6eb5bff610e2]  [PRODUCTION] Making POST request to https://collector-observability.browserstack.com
2025-11-15T09:46:49.239Z CLI info [testhub:request-queue-handler]  [sathishponnusamy_yQ8Y0R]  [yeqzw2uopn6qst6jsqublmljm0jnqwsk9avxmtvz]  [aae1058f-e7c8-4310-a48f-6eb5bff610e2]  Added the event {
  event_type: 'CBTSessionCreated',
  test_run: {
    uuid: 'f49ebc2f-807f-419c-96a1-167d7efc958c',
    integrations: { browserstack: [Object] }
  }
} to 39128:0
2025-11-15T09:46:50.066Z CLI info [testhub:request-queue-handler]  [sathishponnusamy_yQ8Y0R]  [yeqzw2uopn6qst6jsqublmljm0jnqwsk9avxmtvz]  [aae1058f-e7c8-4310-a48f-6eb5bff610e2]  Added the event {
  event_type: 'CBTSessionCreated',
  test_run: {
    uuid: 'b76e3763-7f30-4784-ad54-9777fa065c5e',
    integrations: { browserstack: [Object] }
  }
} to 39128:0
2025-11-15T09:46:50.895Z CLI info [testhub:request-queue-handler]  [sathishponnusamy_yQ8Y0R]  [yeqzw2uopn6qst6jsqublmljm0jnqwsk9avxmtvz]  [aae1058f-e7c8-4310-a48f-6eb5bff610e2]  Processing batch event [
  {
    event_type: 'CBTSessionCreated',
    test_run: {
      uuid: 'f49ebc2f-807f-419c-96a1-167d7efc958c',
      integrations: [Object]
    }
  },
  {
    event_type: 'CBTSessionCreated',
    test_run: {
      uuid: 'b76e3763-7f30-4784-ad54-9777fa065c5e',
      integrations: [Object]
    }
  }
] to 39128:0
2025-11-15T09:46:50.896Z CLI info  [sathishponnusamy_yQ8Y0R]  [yeqzw2uopn6qst6jsqublmljm0jnqwsk9avxmtvz]  [aae1058f-e7c8-4310-a48f-6eb5bff610e2]  [PRODUCTION] Making POST request to https://collector-observability.browserstack.com
2025-11-15T09:46:53.693Z CLI info [testhub:request-queue-handler]  [sathishponnusamy_yQ8Y0R]  [yeqzw2uopn6qst6jsqublmljm0jnqwsk9avxmtvz]  [aae1058f-e7c8-4310-a48f-6eb5bff610e2]  Added the event {
  event_type: 'TestRunFinished',
  test_run: {
    type: 'test',
    framework: 'Cucumber-TestNG',
    uuid: 'b76e3763-7f30-4784-ad54-9777fa065c5e',
    name: 'Successful login with valid credentials',
    body: {
      lang: 'java',
      code: 'public void io.cucumber.testng.AbstractTestNGCucumberTests.runScenario(io.cucumber.testng.PickleWrapper,io.cucumber.testng.FeatureWrapper)'
    },
    identifier: 'Successful login with valid credentials',
    scope: 'Successful login with valid credentials',
    scopes: [ 'Login Functionality for OpenCart E-Commerce Website' ],
    file_name: 'SeleniumTestNG/src/test/resources/features/loginpage.feature',
    vc_filepath: 'SeleniumTestNG/src/test/resources/features/loginpage.feature',
    location: 'SeleniumTestNG/src/test/resources/features/loginpage.feature',
    meta: {
      data_provider_name: 'scenarios',
      feature: [Object],
      scenario: [Object],
      steps: [Array]
    },
    result: 'failed',
    duration_in_ms: 40893,
    started_at: '2025-11-15T09:46:12.796Z',
    finished_at: '2025-11-15T09:46:53.689Z',
    failure: [ [Object] ],
    failure_type: 'AssertionError',
    failure_reason: 'java.lang.AssertionError: expected [true] but found [false]',
    retry_of: null,
    custom_metadata: {},
    tags: [],
    customRerunParam: { rerun_name: 'SeleniumTestNG-2' },
    hooks: [ '70060e81-16e9-40ae-bf3c-b746c2f44f4d' ],
    product_map: {
      observability: true,
      accessibility: false,
      percy: false,
      automate: true,
      app_automate: false
    }
  },
  logs: []
} to 39128:0
2025-11-15T09:46:53.722Z CLI info [testhub:request-queue-handler]  [sathishponnusamy_yQ8Y0R]  [yeqzw2uopn6qst6jsqublmljm0jnqwsk9avxmtvz]  [aae1058f-e7c8-4310-a48f-6eb5bff610e2]  Added the event {
  event_type: 'CBTSessionCreated',
  test_run: {
    uuid: '1ad37c20-0d36-47a5-9739-c491b146c4b1',
    integrations: { browserstack: [Object] }
  }
} to 39128:0
2025-11-15T09:46:53.859Z CLI info [testhub:request-queue-handler]  [sathishponnusamy_yQ8Y0R]  [yeqzw2uopn6qst6jsqublmljm0jnqwsk9avxmtvz]  [aae1058f-e7c8-4310-a48f-6eb5bff610e2]  Added the event {
  event_type: 'CBTSessionCreated',
  test_run: {
    uuid: 'f49ebc2f-807f-419c-96a1-167d7efc958c',
    integrations: { browserstack: [Object] }
  }
} to 39128:0
2025-11-15T09:46:54.003Z CLI info [testhub:request-queue-handler]  [sathishponnusamy_yQ8Y0R]  [yeqzw2uopn6qst6jsqublmljm0jnqwsk9avxmtvz]  [aae1058f-e7c8-4310-a48f-6eb5bff610e2]  Added the event {
  event_type: 'TestRunStarted',
  test_run: {
    type: 'test',
    framework: 'Cucumber-TestNG',
    uuid: '1ad37c20-0d36-47a5-9739-c491b146c4b1',
    name: 'Unsuccessful login with invalid or empty credentials',
    body: {
      lang: 'java',
      code: 'public void io.cucumber.testng.AbstractTestNGCucumberTests.runScenario(io.cucumber.testng.PickleWrapper,io.cucumber.testng.FeatureWrapper)'
    },
    identifier: 'Unsuccessful login with invalid or empty credentials',
    scope: 'Unsuccessful login with invalid or empty credentials',
    scopes: [ 'Login Functionality for OpenCart E-Commerce Website' ],
    file_name: 'SeleniumTestNG/src/test/resources/features/loginpage.feature',
    vc_filepath: 'SeleniumTestNG/src/test/resources/features/loginpage.feature',
    location: 'SeleniumTestNG/src/test/resources/features/loginpage.feature',
    meta: {
      data_provider_name: 'scenarios',
      feature: [Object],
      scenario: [Object],
      examples: [Array]
    },
    result: 'failed',
    duration_in_ms: null,
    started_at: '2025-11-15T09:46:53.716Z',
    finished_at: '2025-11-15T09:46:53.689Z',
    failure: [ [Object] ],
    failure_type: 'AssertionError',
    failure_reason: 'java.lang.AssertionError: expected [true] but found [false]',
    retry_of: null,
    custom_metadata: {},
    tags: [],
    customRerunParam: { rerun_name: 'SeleniumTestNG-2' },
    hooks: [],
    product_map: {
      observability: true,
      accessibility: false,
      percy: false,
      automate: true,
      app_automate: false
    }
  },
  logs: []
} to 39128:0
2025-11-15T09:46:54.018Z CLI info [testhub:request-queue-handler]  [sathishponnusamy_yQ8Y0R]  [yeqzw2uopn6qst6jsqublmljm0jnqwsk9avxmtvz]  [aae1058f-e7c8-4310-a48f-6eb5bff610e2]  Added the event {
  event_type: 'CBTSessionCreated',
  test_run: {
    uuid: '1ad37c20-0d36-47a5-9739-c491b146c4b1',
    integrations: { browserstack: [Object] }
  }
} to 39128:0
2025-11-15T09:46:54.552Z CLI info [testhub:request-queue-handler]  [sathishponnusamy_yQ8Y0R]  [yeqzw2uopn6qst6jsqublmljm0jnqwsk9avxmtvz]  [aae1058f-e7c8-4310-a48f-6eb5bff610e2]  Added the event {
  event_type: 'CBTSessionCreated',
  test_run: {
    uuid: '1ad37c20-0d36-47a5-9739-c491b146c4b1',
    integrations: { browserstack: [Object] }
  }
} to 39128:0
2025-11-15T09:46:54.901Z CLI info [testhub:request-queue-handler]  [sathishponnusamy_yQ8Y0R]  [yeqzw2uopn6qst6jsqublmljm0jnqwsk9avxmtvz]  [aae1058f-e7c8-4310-a48f-6eb5bff610e2]  Processing batch event [
  {
    event_type: 'TestRunFinished',
    test_run: {
      type: 'test',
      framework: 'Cucumber-TestNG',
      uuid: 'b76e3763-7f30-4784-ad54-9777fa065c5e',
      name: 'Successful login with valid credentials',
      body: [Object],
      identifier: 'Successful login with valid credentials',
      scope: 'Successful login with valid credentials',
      scopes: [Array],
      file_name: 'SeleniumTestNG/src/test/resources/features/loginpage.feature',
      vc_filepath: 'SeleniumTestNG/src/test/resources/features/loginpage.feature',
      location: 'SeleniumTestNG/src/test/resources/features/loginpage.feature',
      meta: [Object],
      result: 'failed',
      duration_in_ms: 40893,
      started_at: '2025-11-15T09:46:12.796Z',
      finished_at: '2025-11-15T09:46:53.689Z',
      failure: [Array],
      failure_type: 'AssertionError',
      failure_reason: 'java.lang.AssertionError: expected [true] but found [false]',
      retry_of: null,
      custom_metadata: {},
      tags: [],
      customRerunParam: [Object],
      hooks: [Array],
      product_map: [Object]
    },
    logs: []
  },
  {
    event_type: 'CBTSessionCreated',
    test_run: {
      uuid: '1ad37c20-0d36-47a5-9739-c491b146c4b1',
      integrations: [Object]
    }
  },
  {
    event_type: 'CBTSessionCreated',
    test_run: {
      uuid: 'f49ebc2f-807f-419c-96a1-167d7efc958c',
      integrations: [Object]
    }
  },
  {
    event_type: 'TestRunStarted',
    test_run: {
      type: 'test',
      framework: 'Cucumber-TestNG',
      uuid: '1ad37c20-0d36-47a5-9739-c491b146c4b1',
      name: 'Unsuccessful login with invalid or empty credentials',
      body: [Object],
      identifier: 'Unsuccessful login with invalid or empty credentials',
      scope: 'Unsuccessful login with invalid or empty credentials',
      scopes: [Array],
      file_name: 'SeleniumTestNG/src/test/resources/features/loginpage.feature',
      vc_filepath: 'SeleniumTestNG/src/test/resources/features/loginpage.feature',
      location: 'SeleniumTestNG/src/test/resources/features/loginpage.feature',
      meta: [Object],
      result: 'failed',
      duration_in_ms: null,
      started_at: '2025-11-15T09:46:53.716Z',
      finished_at: '2025-11-15T09:46:53.689Z',
      failure: [Array],
      failure_type: 'AssertionError',
      failure_reason: 'java.lang.AssertionError: expected [true] but found [false]',
      retry_of: null,
      custom_metadata: {},
      tags: [],
      customRerunParam: [Object],
      hooks: [],
      product_map: [Object]
    },
    logs: []
  },
  {
    event_type: 'CBTSessionCreated',
    test_run: {
      uuid: '1ad37c20-0d36-47a5-9739-c491b146c4b1',
      integrations: [Object]
    }
  },
  {
    event_type: 'CBTSessionCreated',
    test_run: {
      uuid: '1ad37c20-0d36-47a5-9739-c491b146c4b1',
      integrations: [Object]
    }
  }
] to 39128:0
2025-11-15T09:46:54.901Z CLI info  [sathishponnusamy_yQ8Y0R]  [yeqzw2uopn6qst6jsqublmljm0jnqwsk9avxmtvz]  [aae1058f-e7c8-4310-a48f-6eb5bff610e2]  [PRODUCTION] Making POST request to https://collector-observability.browserstack.com
2025-11-15T09:46:55.117Z CLI info [sdk:service]  [sathishponnusamy_yQ8Y0R]  [yeqzw2uopn6qst6jsqublmljm0jnqwsk9avxmtvz]  [aae1058f-e7c8-4310-a48f-6eb5bff610e2]  Driver initialized as primary driver: platformIndex=2
2025-11-15T09:46:56.370Z CLI info [testhub:request-queue-handler]  [sathishponnusamy_yQ8Y0R]  [yeqzw2uopn6qst6jsqublmljm0jnqwsk9avxmtvz]  [aae1058f-e7c8-4310-a48f-6eb5bff610e2]  Added the event {
  event_type: 'CBTSessionCreated',
  test_run: {
    uuid: 'f49ebc2f-807f-419c-96a1-167d7efc958c',
    integrations: { browserstack: [Object] }
  }
} to 39128:0
2025-11-15T09:46:56.433Z CLI info [testhub:request-queue-handler]  [sathishponnusamy_yQ8Y0R]  [yeqzw2uopn6qst6jsqublmljm0jnqwsk9avxmtvz]  [aae1058f-e7c8-4310-a48f-6eb5bff610e2]  Added the event {
  event_type: 'CBTSessionCreated',
  test_run: {
    uuid: '06dd14de-9583-4246-a67e-289144b8ce47',
    integrations: { browserstack: [Object] }
  }
} to 39128:0
2025-11-15T09:46:56.902Z CLI info [testhub:request-queue-handler]  [sathishponnusamy_yQ8Y0R]  [yeqzw2uopn6qst6jsqublmljm0jnqwsk9avxmtvz]  [aae1058f-e7c8-4310-a48f-6eb5bff610e2]  Processing batch event [
  {
    event_type: 'CBTSessionCreated',
    test_run: {
      uuid: 'f49ebc2f-807f-419c-96a1-167d7efc958c',
      integrations: [Object]
    }
  },
  {
    event_type: 'CBTSessionCreated',
    test_run: {
      uuid: '06dd14de-9583-4246-a67e-289144b8ce47',
      integrations: [Object]
    }
  }
] to 39128:0
2025-11-15T09:46:56.902Z CLI info  [sathishponnusamy_yQ8Y0R]  [yeqzw2uopn6qst6jsqublmljm0jnqwsk9avxmtvz]  [aae1058f-e7c8-4310-a48f-6eb5bff610e2]  [PRODUCTION] Making POST request to https://collector-observability.browserstack.com
2025-11-15T09:46:58.985Z CLI info [testhub:request-queue-handler]  [sathishponnusamy_yQ8Y0R]  [yeqzw2uopn6qst6jsqublmljm0jnqwsk9avxmtvz]  [aae1058f-e7c8-4310-a48f-6eb5bff610e2]  Added the event {
  event_type: 'CBTSessionCreated',
  test_run: {
    uuid: 'f49ebc2f-807f-419c-96a1-167d7efc958c',
    integrations: { browserstack: [Object] }
  }
} to 39128:0
2025-11-15T09:47:00.903Z CLI info [testhub:request-queue-handler]  [sathishponnusamy_yQ8Y0R]  [yeqzw2uopn6qst6jsqublmljm0jnqwsk9avxmtvz]  [aae1058f-e7c8-4310-a48f-6eb5bff610e2]  Processing batch event [
  {
    event_type: 'CBTSessionCreated',
    test_run: {
      uuid: 'f49ebc2f-807f-419c-96a1-167d7efc958c',
      integrations: [Object]
    }
  }
] to 39128:0
2025-11-15T09:47:00.904Z CLI info  [sathishponnusamy_yQ8Y0R]  [yeqzw2uopn6qst6jsqublmljm0jnqwsk9avxmtvz]  [aae1058f-e7c8-4310-a48f-6eb5bff610e2]  [PRODUCTION] Making POST request to https://collector-observability.browserstack.com
2025-11-15T09:47:01.185Z CLI info [testhub:request-queue-handler]  [sathishponnusamy_yQ8Y0R]  [yeqzw2uopn6qst6jsqublmljm0jnqwsk9avxmtvz]  [aae1058f-e7c8-4310-a48f-6eb5bff610e2]  Added the event {
  event_type: 'CBTSessionCreated',
  test_run: {
    uuid: 'f49ebc2f-807f-419c-96a1-167d7efc958c',
    integrations: { browserstack: [Object] }
  }
} to 39128:0
2025-11-15T09:47:01.582Z CLI info [testhub:request-queue-handler]  [sathishponnusamy_yQ8Y0R]  [yeqzw2uopn6qst6jsqublmljm0jnqwsk9avxmtvz]  [aae1058f-e7c8-4310-a48f-6eb5bff610e2]  Added the event {
  event_type: 'CBTSessionCreated',
  test_run: {
    uuid: '06dd14de-9583-4246-a67e-289144b8ce47',
    integrations: { browserstack: [Object] }
  }
} to 39128:0
2025-11-15T09:47:02.904Z CLI info [testhub:request-queue-handler]  [sathishponnusamy_yQ8Y0R]  [yeqzw2uopn6qst6jsqublmljm0jnqwsk9avxmtvz]  [aae1058f-e7c8-4310-a48f-6eb5bff610e2]  Processing batch event [
  {
    event_type: 'CBTSessionCreated',
    test_run: {
      uuid: 'f49ebc2f-807f-419c-96a1-167d7efc958c',
      integrations: [Object]
    }
  },
  {
    event_type: 'CBTSessionCreated',
    test_run: {
      uuid: '06dd14de-9583-4246-a67e-289144b8ce47',
      integrations: [Object]
    }
  }
] to 39128:0
2025-11-15T09:47:02.906Z CLI info  [sathishponnusamy_yQ8Y0R]  [yeqzw2uopn6qst6jsqublmljm0jnqwsk9avxmtvz]  [aae1058f-e7c8-4310-a48f-6eb5bff610e2]  [PRODUCTION] Making POST request to https://collector-observability.browserstack.com
2025-11-15T09:47:03.389Z CLI info [testhub:request-queue-handler]  [sathishponnusamy_yQ8Y0R]  [yeqzw2uopn6qst6jsqublmljm0jnqwsk9avxmtvz]  [aae1058f-e7c8-4310-a48f-6eb5bff610e2]  Added the event {
  event_type: 'CBTSessionCreated',
  test_run: {
    uuid: '06dd14de-9583-4246-a67e-289144b8ce47',
    integrations: { browserstack: [Object] }
  }
} to 39128:0
2025-11-15T09:47:04.456Z CLI info [testhub:request-queue-handler]  [sathishponnusamy_yQ8Y0R]  [yeqzw2uopn6qst6jsqublmljm0jnqwsk9avxmtvz]  [aae1058f-e7c8-4310-a48f-6eb5bff610e2]  Added the event {
  event_type: 'TestRunFinished',
  test_run: {
    type: 'test',
    framework: 'Cucumber-TestNG',
    uuid: 'f49ebc2f-807f-419c-96a1-167d7efc958c',
    name: 'Unsuccessful login with invalid or empty credentials',
    body: {
      lang: 'java',
      code: 'public void io.cucumber.testng.AbstractTestNGCucumberTests.runScenario(io.cucumber.testng.PickleWrapper,io.cucumber.testng.FeatureWrapper)'
    },
    identifier: 'Unsuccessful login with invalid or empty credentials',
    scope: 'Unsuccessful login with invalid or empty credentials',
    scopes: [ 'Login Functionality for OpenCart E-Commerce Website' ],
    file_name: 'SeleniumTestNG/src/test/resources/features/loginpage.feature',
    vc_filepath: 'SeleniumTestNG/src/test/resources/features/loginpage.feature',
    location: 'SeleniumTestNG/src/test/resources/features/loginpage.feature',
    meta: {
      data_provider_name: 'scenarios',
      feature: [Object],
      scenario: [Object],
      steps: [Array],
      examples: [Array]
    },
    result: 'passed',
    duration_in_ms: 24466,
    started_at: '2025-11-15T09:46:39.980Z',
    finished_at: '2025-11-15T09:47:04.446Z',
    failure: null,
    failure_type: null,
    failure_reason: null,
    retry_of: null,
    custom_metadata: {},
    tags: [],
    customRerunParam: { rerun_name: 'SeleniumTestNG-0' },
    hooks: [],
    product_map: {
      observability: true,
      accessibility: false,
      percy: false,
      automate: true,
      app_automate: false
    }
  },
  logs: []
} to 39128:0
2025-11-15T09:47:04.481Z CLI info [testhub:request-queue-handler]  [sathishponnusamy_yQ8Y0R]  [yeqzw2uopn6qst6jsqublmljm0jnqwsk9avxmtvz]  [aae1058f-e7c8-4310-a48f-6eb5bff610e2]  Added the event {
  event_type: 'CBTSessionCreated',
  test_run: {
    uuid: '9df1263f-4cb5-42fb-bed9-98005faf3ba6',
    integrations: { browserstack: [Object] }
  }
} to 39128:0
2025-11-15T09:47:04.905Z CLI info [testhub:request-queue-handler]  [sathishponnusamy_yQ8Y0R]  [yeqzw2uopn6qst6jsqublmljm0jnqwsk9avxmtvz]  [aae1058f-e7c8-4310-a48f-6eb5bff610e2]  Processing batch event [
  {
    event_type: 'CBTSessionCreated',
    test_run: {
      uuid: '06dd14de-9583-4246-a67e-289144b8ce47',
      integrations: [Object]
    }
  },
  {
    event_type: 'TestRunFinished',
    test_run: {
      type: 'test',
      framework: 'Cucumber-TestNG',
      uuid: 'f49ebc2f-807f-419c-96a1-167d7efc958c',
      name: 'Unsuccessful login with invalid or empty credentials',
      body: [Object],
      identifier: 'Unsuccessful login with invalid or empty credentials',
      scope: 'Unsuccessful login with invalid or empty credentials',
      scopes: [Array],
      file_name: 'SeleniumTestNG/src/test/resources/features/loginpage.feature',
      vc_filepath: 'SeleniumTestNG/src/test/resources/features/loginpage.feature',
      location: 'SeleniumTestNG/src/test/resources/features/loginpage.feature',
      meta: [Object],
      result: 'passed',
      duration_in_ms: 24466,
      started_at: '2025-11-15T09:46:39.980Z',
      finished_at: '2025-11-15T09:47:04.446Z',
      failure: null,
      failure_type: null,
      failure_reason: null,
      retry_of: null,
      custom_metadata: {},
      tags: [],
      customRerunParam: [Object],
      hooks: [],
      product_map: [Object]
    },
    logs: []
  },
  {
    event_type: 'CBTSessionCreated',
    test_run: {
      uuid: '9df1263f-4cb5-42fb-bed9-98005faf3ba6',
      integrations: [Object]
    }
  }
] to 39128:0
2025-11-15T09:47:04.905Z CLI info  [sathishponnusamy_yQ8Y0R]  [yeqzw2uopn6qst6jsqublmljm0jnqwsk9avxmtvz]  [aae1058f-e7c8-4310-a48f-6eb5bff610e2]  [PRODUCTION] Making POST request to https://collector-observability.browserstack.com
2025-11-15T09:47:05.182Z CLI info [testhub:request-queue-handler]  [sathishponnusamy_yQ8Y0R]  [yeqzw2uopn6qst6jsqublmljm0jnqwsk9avxmtvz]  [aae1058f-e7c8-4310-a48f-6eb5bff610e2]  Added the event {
  event_type: 'TestRunStarted',
  test_run: {
    type: 'test',
    framework: 'Cucumber-TestNG',
    uuid: '9df1263f-4cb5-42fb-bed9-98005faf3ba6',
    name: 'Unsuccessful login with invalid or empty credentials',
    body: {
      lang: 'java',
      code: 'public void io.cucumber.testng.AbstractTestNGCucumberTests.runScenario(io.cucumber.testng.PickleWrapper,io.cucumber.testng.FeatureWrapper)'
    },
    identifier: 'Unsuccessful login with invalid or empty credentials',
    scope: 'Unsuccessful login with invalid or empty credentials',
    scopes: [ 'Login Functionality for OpenCart E-Commerce Website' ],
    file_name: 'SeleniumTestNG/src/test/resources/features/loginpage.feature',
    vc_filepath: 'SeleniumTestNG/src/test/resources/features/loginpage.feature',
    location: 'SeleniumTestNG/src/test/resources/features/loginpage.feature',
    meta: {
      data_provider_name: 'scenarios',
      feature: [Object],
      scenario: [Object],
      examples: [Array]
    },
    result: 'passed',
    duration_in_ms: null,
    started_at: '2025-11-15T09:47:04.477Z',
    finished_at: '2025-11-15T09:47:04.446Z',
    failure: null,
    failure_type: null,
    failure_reason: null,
    retry_of: null,
    custom_metadata: {},
    tags: [],
    customRerunParam: { rerun_name: 'SeleniumTestNG-0' },
    hooks: [],
    product_map: {
      observability: true,
      accessibility: false,
      percy: false,
      automate: true,
      app_automate: false
    }
  },
  logs: []
} to 39128:0
2025-11-15T09:47:05.190Z CLI info [testhub:request-queue-handler]  [sathishponnusamy_yQ8Y0R]  [yeqzw2uopn6qst6jsqublmljm0jnqwsk9avxmtvz]  [aae1058f-e7c8-4310-a48f-6eb5bff610e2]  Added the event {
  event_type: 'CBTSessionCreated',
  test_run: {
    uuid: '9df1263f-4cb5-42fb-bed9-98005faf3ba6',
    integrations: { browserstack: [Object] }
  }
} to 39128:0
2025-11-15T09:47:05.734Z CLI info [testhub:request-queue-handler]  [sathishponnusamy_yQ8Y0R]  [yeqzw2uopn6qst6jsqublmljm0jnqwsk9avxmtvz]  [aae1058f-e7c8-4310-a48f-6eb5bff610e2]  Added the event {
  event_type: 'CBTSessionCreated',
  test_run: {
    uuid: '9df1263f-4cb5-42fb-bed9-98005faf3ba6',
    integrations: { browserstack: [Object] }
  }
} to 39128:0
2025-11-15T09:47:06.133Z CLI info [testhub:request-queue-handler]  [sathishponnusamy_yQ8Y0R]  [yeqzw2uopn6qst6jsqublmljm0jnqwsk9avxmtvz]  [aae1058f-e7c8-4310-a48f-6eb5bff610e2]  Added the event {
  event_type: 'CBTSessionCreated',
  test_run: {
    uuid: '06dd14de-9583-4246-a67e-289144b8ce47',
    integrations: { browserstack: [Object] }
  }
} to 39128:0
2025-11-15T09:47:06.299Z CLI info [sdk:service]  [sathishponnusamy_yQ8Y0R]  [yeqzw2uopn6qst6jsqublmljm0jnqwsk9avxmtvz]  [aae1058f-e7c8-4310-a48f-6eb5bff610e2]  Driver initialized as primary driver: platformIndex=0
2025-11-15T09:47:06.905Z CLI info [testhub:request-queue-handler]  [sathishponnusamy_yQ8Y0R]  [yeqzw2uopn6qst6jsqublmljm0jnqwsk9avxmtvz]  [aae1058f-e7c8-4310-a48f-6eb5bff610e2]  Processing batch event [
  {
    event_type: 'TestRunStarted',
    test_run: {
      type: 'test',
      framework: 'Cucumber-TestNG',
      uuid: '9df1263f-4cb5-42fb-bed9-98005faf3ba6',
      name: 'Unsuccessful login with invalid or empty credentials',
      body: [Object],
      identifier: 'Unsuccessful login with invalid or empty credentials',
      scope: 'Unsuccessful login with invalid or empty credentials',
      scopes: [Array],
      file_name: 'SeleniumTestNG/src/test/resources/features/loginpage.feature',
      vc_filepath: 'SeleniumTestNG/src/test/resources/features/loginpage.feature',
      location: 'SeleniumTestNG/src/test/resources/features/loginpage.feature',
      meta: [Object],
      result: 'passed',
      duration_in_ms: null,
      started_at: '2025-11-15T09:47:04.477Z',
      finished_at: '2025-11-15T09:47:04.446Z',
      failure: null,
      failure_type: null,
      failure_reason: null,
      retry_of: null,
      custom_metadata: {},
      tags: [],
      customRerunParam: [Object],
      hooks: [],
      product_map: [Object]
    },
    logs: []
  },
  {
    event_type: 'CBTSessionCreated',
    test_run: {
      uuid: '9df1263f-4cb5-42fb-bed9-98005faf3ba6',
      integrations: [Object]
    }
  },
  {
    event_type: 'CBTSessionCreated',
    test_run: {
      uuid: '9df1263f-4cb5-42fb-bed9-98005faf3ba6',
      integrations: [Object]
    }
  },
  {
    event_type: 'CBTSessionCreated',
    test_run: {
      uuid: '06dd14de-9583-4246-a67e-289144b8ce47',
      integrations: [Object]
    }
  }
] to 39128:0
2025-11-15T09:47:06.905Z CLI info  [sathishponnusamy_yQ8Y0R]  [yeqzw2uopn6qst6jsqublmljm0jnqwsk9avxmtvz]  [aae1058f-e7c8-4310-a48f-6eb5bff610e2]  [PRODUCTION] Making POST request to https://collector-observability.browserstack.com
2025-11-15T09:47:07.316Z CLI info [testhub:request-queue-handler]  [sathishponnusamy_yQ8Y0R]  [yeqzw2uopn6qst6jsqublmljm0jnqwsk9avxmtvz]  [aae1058f-e7c8-4310-a48f-6eb5bff610e2]  Added the event {
  event_type: 'CBTSessionCreated',
  test_run: {
    uuid: '06dd14de-9583-4246-a67e-289144b8ce47',
    integrations: { browserstack: [Object] }
  }
} to 39128:0
2025-11-15T09:47:08.905Z CLI info [testhub:request-queue-handler]  [sathishponnusamy_yQ8Y0R]  [yeqzw2uopn6qst6jsqublmljm0jnqwsk9avxmtvz]  [aae1058f-e7c8-4310-a48f-6eb5bff610e2]  Processing batch event [
  {
    event_type: 'CBTSessionCreated',
    test_run: {
      uuid: '06dd14de-9583-4246-a67e-289144b8ce47',
      integrations: [Object]
    }
  }
] to 39128:0
2025-11-15T09:47:08.905Z CLI info  [sathishponnusamy_yQ8Y0R]  [yeqzw2uopn6qst6jsqublmljm0jnqwsk9avxmtvz]  [aae1058f-e7c8-4310-a48f-6eb5bff610e2]  [PRODUCTION] Making POST request to https://collector-observability.browserstack.com
2025-11-15T09:47:10.420Z CLI info [testhub:request-queue-handler]  [sathishponnusamy_yQ8Y0R]  [yeqzw2uopn6qst6jsqublmljm0jnqwsk9avxmtvz]  [aae1058f-e7c8-4310-a48f-6eb5bff610e2]  Added the event {
  event_type: 'TestRunFinished',
  test_run: {
    type: 'test',
    framework: 'Cucumber-TestNG',
    uuid: '06dd14de-9583-4246-a67e-289144b8ce47',
    name: 'Unsuccessful login with invalid or empty credentials',
    body: {
      lang: 'java',
      code: 'public void io.cucumber.testng.AbstractTestNGCucumberTests.runScenario(io.cucumber.testng.PickleWrapper,io.cucumber.testng.FeatureWrapper)'
    },
    identifier: 'Unsuccessful login with invalid or empty credentials',
    scope: 'Unsuccessful login with invalid or empty credentials',
    scopes: [ 'Login Functionality for OpenCart E-Commerce Website' ],
    file_name: 'SeleniumTestNG/src/test/resources/features/loginpage.feature',
    vc_filepath: 'SeleniumTestNG/src/test/resources/features/loginpage.feature',
    location: 'SeleniumTestNG/src/test/resources/features/loginpage.feature',
    meta: {
      data_provider_name: 'scenarios',
      feature: [Object],
      scenario: [Object],
      steps: [Array],
      examples: [Array]
    },
    result: 'passed',
    duration_in_ms: 26977,
    started_at: '2025-11-15T09:46:43.439Z',
    finished_at: '2025-11-15T09:47:10.416Z',
    failure: null,
    failure_type: null,
    failure_reason: null,
    retry_of: null,
    custom_metadata: {},
    tags: [],
    customRerunParam: { rerun_name: 'SeleniumTestNG-1' },
    hooks: [],
    product_map: {
      observability: true,
      accessibility: false,
      percy: false,
      automate: true,
      app_automate: false
    }
  },
  logs: []
} to 39128:0
2025-11-15T09:47:10.447Z CLI info [testhub:request-queue-handler]  [sathishponnusamy_yQ8Y0R]  [yeqzw2uopn6qst6jsqublmljm0jnqwsk9avxmtvz]  [aae1058f-e7c8-4310-a48f-6eb5bff610e2]  Added the event {
  event_type: 'CBTSessionCreated',
  test_run: {
    uuid: '82cc45f7-4c5e-48bf-ad41-9dd42a5cfac2',
    integrations: { browserstack: [Object] }
  }
} to 39128:0
2025-11-15T09:47:10.731Z CLI info [testhub:request-queue-handler]  [sathishponnusamy_yQ8Y0R]  [yeqzw2uopn6qst6jsqublmljm0jnqwsk9avxmtvz]  [aae1058f-e7c8-4310-a48f-6eb5bff610e2]  Added the event {
  event_type: 'TestRunStarted',
  test_run: {
    type: 'test',
    framework: 'Cucumber-TestNG',
    uuid: '82cc45f7-4c5e-48bf-ad41-9dd42a5cfac2',
    name: 'Unsuccessful login with invalid or empty credentials',
    body: {
      lang: 'java',
      code: 'public void io.cucumber.testng.AbstractTestNGCucumberTests.runScenario(io.cucumber.testng.PickleWrapper,io.cucumber.testng.FeatureWrapper)'
    },
    identifier: 'Unsuccessful login with invalid or empty credentials',
    scope: 'Unsuccessful login with invalid or empty credentials',
    scopes: [ 'Login Functionality for OpenCart E-Commerce Website' ],
    file_name: 'SeleniumTestNG/src/test/resources/features/loginpage.feature',
    vc_filepath: 'SeleniumTestNG/src/test/resources/features/loginpage.feature',
    location: 'SeleniumTestNG/src/test/resources/features/loginpage.feature',
    meta: {
      data_provider_name: 'scenarios',
      feature: [Object],
      scenario: [Object],
      examples: [Array]
    },
    result: 'passed',
    duration_in_ms: null,
    started_at: '2025-11-15T09:47:10.441Z',
    finished_at: '2025-11-15T09:47:10.416Z',
    failure: null,
    failure_type: null,
    failure_reason: null,
    retry_of: null,
    custom_metadata: {},
    tags: [],
    customRerunParam: { rerun_name: 'SeleniumTestNG-1' },
    hooks: [],
    product_map: {
      observability: true,
      accessibility: false,
      percy: false,
      automate: true,
      app_automate: false
    }
  },
  logs: []
} to 39128:0
2025-11-15T09:47:10.741Z CLI info [testhub:request-queue-handler]  [sathishponnusamy_yQ8Y0R]  [yeqzw2uopn6qst6jsqublmljm0jnqwsk9avxmtvz]  [aae1058f-e7c8-4310-a48f-6eb5bff610e2]  Added the event {
  event_type: 'CBTSessionCreated',
  test_run: {
    uuid: '82cc45f7-4c5e-48bf-ad41-9dd42a5cfac2',
    integrations: { browserstack: [Object] }
  }
} to 39128:0
2025-11-15T09:47:10.904Z CLI info [testhub:request-queue-handler]  [sathishponnusamy_yQ8Y0R]  [yeqzw2uopn6qst6jsqublmljm0jnqwsk9avxmtvz]  [aae1058f-e7c8-4310-a48f-6eb5bff610e2]  Processing batch event [
  {
    event_type: 'TestRunFinished',
    test_run: {
      type: 'test',
      framework: 'Cucumber-TestNG',
      uuid: '06dd14de-9583-4246-a67e-289144b8ce47',
      name: 'Unsuccessful login with invalid or empty credentials',
      body: [Object],
      identifier: 'Unsuccessful login with invalid or empty credentials',
      scope: 'Unsuccessful login with invalid or empty credentials',
      scopes: [Array],
      file_name: 'SeleniumTestNG/src/test/resources/features/loginpage.feature',
      vc_filepath: 'SeleniumTestNG/src/test/resources/features/loginpage.feature',
      location: 'SeleniumTestNG/src/test/resources/features/loginpage.feature',
      meta: [Object],
      result: 'passed',
      duration_in_ms: 26977,
      started_at: '2025-11-15T09:46:43.439Z',
      finished_at: '2025-11-15T09:47:10.416Z',
      failure: null,
      failure_type: null,
      failure_reason: null,
      retry_of: null,
      custom_metadata: {},
      tags: [],
      customRerunParam: [Object],
      hooks: [],
      product_map: [Object]
    },
    logs: []
  },
  {
    event_type: 'CBTSessionCreated',
    test_run: {
      uuid: '82cc45f7-4c5e-48bf-ad41-9dd42a5cfac2',
      integrations: [Object]
    }
  },
  {
    event_type: 'TestRunStarted',
    test_run: {
      type: 'test',
      framework: 'Cucumber-TestNG',
      uuid: '82cc45f7-4c5e-48bf-ad41-9dd42a5cfac2',
      name: 'Unsuccessful login with invalid or empty credentials',
      body: [Object],
      identifier: 'Unsuccessful login with invalid or empty credentials',
      scope: 'Unsuccessful login with invalid or empty credentials',
      scopes: [Array],
      file_name: 'SeleniumTestNG/src/test/resources/features/loginpage.feature',
      vc_filepath: 'SeleniumTestNG/src/test/resources/features/loginpage.feature',
      location: 'SeleniumTestNG/src/test/resources/features/loginpage.feature',
      meta: [Object],
      result: 'passed',
      duration_in_ms: null,
      started_at: '2025-11-15T09:47:10.441Z',
      finished_at: '2025-11-15T09:47:10.416Z',
      failure: null,
      failure_type: null,
      failure_reason: null,
      retry_of: null,
      custom_metadata: {},
      tags: [],
      customRerunParam: [Object],
      hooks: [],
      product_map: [Object]
    },
    logs: []
  },
  {
    event_type: 'CBTSessionCreated',
    test_run: {
      uuid: '82cc45f7-4c5e-48bf-ad41-9dd42a5cfac2',
      integrations: [Object]
    }
  }
] to 39128:0
2025-11-15T09:47:10.906Z CLI info  [sathishponnusamy_yQ8Y0R]  [yeqzw2uopn6qst6jsqublmljm0jnqwsk9avxmtvz]  [aae1058f-e7c8-4310-a48f-6eb5bff610e2]  [PRODUCTION] Making POST request to https://collector-observability.browserstack.com
2025-11-15T09:47:11.273Z CLI info [testhub:request-queue-handler]  [sathishponnusamy_yQ8Y0R]  [yeqzw2uopn6qst6jsqublmljm0jnqwsk9avxmtvz]  [aae1058f-e7c8-4310-a48f-6eb5bff610e2]  Added the event {
  event_type: 'CBTSessionCreated',
  test_run: {
    uuid: '82cc45f7-4c5e-48bf-ad41-9dd42a5cfac2',
    integrations: { browserstack: [Object] }
  }
} to 39128:0
2025-11-15T09:47:11.891Z CLI info [sdk:service]  [sathishponnusamy_yQ8Y0R]  [yeqzw2uopn6qst6jsqublmljm0jnqwsk9avxmtvz]  [aae1058f-e7c8-4310-a48f-6eb5bff610e2]  Driver initialized as primary driver: platformIndex=1
2025-11-15T09:47:12.907Z CLI info [testhub:request-queue-handler]  [sathishponnusamy_yQ8Y0R]  [yeqzw2uopn6qst6jsqublmljm0jnqwsk9avxmtvz]  [aae1058f-e7c8-4310-a48f-6eb5bff610e2]  Processing batch event [
  {
    event_type: 'CBTSessionCreated',
    test_run: {
      uuid: '82cc45f7-4c5e-48bf-ad41-9dd42a5cfac2',
      integrations: [Object]
    }
  }
] to 39128:0
2025-11-15T09:47:12.908Z CLI info  [sathishponnusamy_yQ8Y0R]  [yeqzw2uopn6qst6jsqublmljm0jnqwsk9avxmtvz]  [aae1058f-e7c8-4310-a48f-6eb5bff610e2]  [PRODUCTION] Making POST request to https://collector-observability.browserstack.com
2025-11-15T09:47:14.418Z CLI info [testhub:request-queue-handler]  [sathishponnusamy_yQ8Y0R]  [yeqzw2uopn6qst6jsqublmljm0jnqwsk9avxmtvz]  [aae1058f-e7c8-4310-a48f-6eb5bff610e2]  Added the event {
  event_type: 'CBTSessionCreated',
  test_run: {
    uuid: '9df1263f-4cb5-42fb-bed9-98005faf3ba6',
    integrations: { browserstack: [Object] }
  }
} to 39128:0
2025-11-15T09:47:14.909Z CLI info [testhub:request-queue-handler]  [sathishponnusamy_yQ8Y0R]  [yeqzw2uopn6qst6jsqublmljm0jnqwsk9avxmtvz]  [aae1058f-e7c8-4310-a48f-6eb5bff610e2]  Processing batch event [
  {
    event_type: 'CBTSessionCreated',
    test_run: {
      uuid: '9df1263f-4cb5-42fb-bed9-98005faf3ba6',
      integrations: [Object]
    }
  }
] to 39128:0
2025-11-15T09:47:14.910Z CLI info  [sathishponnusamy_yQ8Y0R]  [yeqzw2uopn6qst6jsqublmljm0jnqwsk9avxmtvz]  [aae1058f-e7c8-4310-a48f-6eb5bff610e2]  [PRODUCTION] Making POST request to https://collector-observability.browserstack.com
2025-11-15T09:47:18.703Z CLI info [testhub:request-queue-handler]  [sathishponnusamy_yQ8Y0R]  [yeqzw2uopn6qst6jsqublmljm0jnqwsk9avxmtvz]  [aae1058f-e7c8-4310-a48f-6eb5bff610e2]  Added the event {
  event_type: 'CBTSessionCreated',
  test_run: {
    uuid: '9df1263f-4cb5-42fb-bed9-98005faf3ba6',
    integrations: { browserstack: [Object] }
  }
} to 39128:0
2025-11-15T09:47:18.910Z CLI info [testhub:request-queue-handler]  [sathishponnusamy_yQ8Y0R]  [yeqzw2uopn6qst6jsqublmljm0jnqwsk9avxmtvz]  [aae1058f-e7c8-4310-a48f-6eb5bff610e2]  Processing batch event [
  {
    event_type: 'CBTSessionCreated',
    test_run: {
      uuid: '9df1263f-4cb5-42fb-bed9-98005faf3ba6',
      integrations: [Object]
    }
  }
] to 39128:0
2025-11-15T09:47:18.911Z CLI info  [sathishponnusamy_yQ8Y0R]  [yeqzw2uopn6qst6jsqublmljm0jnqwsk9avxmtvz]  [aae1058f-e7c8-4310-a48f-6eb5bff610e2]  [PRODUCTION] Making POST request to https://collector-observability.browserstack.com
2025-11-15T09:47:20.944Z CLI info [testhub:request-queue-handler]  [sathishponnusamy_yQ8Y0R]  [yeqzw2uopn6qst6jsqublmljm0jnqwsk9avxmtvz]  [aae1058f-e7c8-4310-a48f-6eb5bff610e2]  Added the event {
  event_type: 'CBTSessionCreated',
  test_run: {
    uuid: '82cc45f7-4c5e-48bf-ad41-9dd42a5cfac2',
    integrations: { browserstack: [Object] }
  }
} to 39128:0
2025-11-15T09:47:21.393Z CLI info [testhub:request-queue-handler]  [sathishponnusamy_yQ8Y0R]  [yeqzw2uopn6qst6jsqublmljm0jnqwsk9avxmtvz]  [aae1058f-e7c8-4310-a48f-6eb5bff610e2]  Added the event {
  event_type: 'CBTSessionCreated',
  test_run: {
    uuid: '9df1263f-4cb5-42fb-bed9-98005faf3ba6',
    integrations: { browserstack: [Object] }
  }
} to 39128:0
2025-11-15T09:47:22.911Z CLI info [testhub:request-queue-handler]  [sathishponnusamy_yQ8Y0R]  [yeqzw2uopn6qst6jsqublmljm0jnqwsk9avxmtvz]  [aae1058f-e7c8-4310-a48f-6eb5bff610e2]  Processing batch event [
  {
    event_type: 'CBTSessionCreated',
    test_run: {
      uuid: '82cc45f7-4c5e-48bf-ad41-9dd42a5cfac2',
      integrations: [Object]
    }
  },
  {
    event_type: 'CBTSessionCreated',
    test_run: {
      uuid: '9df1263f-4cb5-42fb-bed9-98005faf3ba6',
      integrations: [Object]
    }
  }
] to 39128:0
2025-11-15T09:47:22.913Z CLI info  [sathishponnusamy_yQ8Y0R]  [yeqzw2uopn6qst6jsqublmljm0jnqwsk9avxmtvz]  [aae1058f-e7c8-4310-a48f-6eb5bff610e2]  [PRODUCTION] Making POST request to https://collector-observability.browserstack.com
2025-11-15T09:47:23.076Z CLI info [testhub:request-queue-handler]  [sathishponnusamy_yQ8Y0R]  [yeqzw2uopn6qst6jsqublmljm0jnqwsk9avxmtvz]  [aae1058f-e7c8-4310-a48f-6eb5bff610e2]  Added the event {
  event_type: 'CBTSessionCreated',
  test_run: {
    uuid: '1ad37c20-0d36-47a5-9739-c491b146c4b1',
    integrations: { browserstack: [Object] }
  }
} to 39128:0
2025-11-15T09:47:23.554Z CLI info [testhub:request-queue-handler]  [sathishponnusamy_yQ8Y0R]  [yeqzw2uopn6qst6jsqublmljm0jnqwsk9avxmtvz]  [aae1058f-e7c8-4310-a48f-6eb5bff610e2]  Added the event {
  event_type: 'CBTSessionCreated',
  test_run: {
    uuid: '9df1263f-4cb5-42fb-bed9-98005faf3ba6',
    integrations: { browserstack: [Object] }
  }
} to 39128:0
2025-11-15T09:47:24.912Z CLI info [testhub:request-queue-handler]  [sathishponnusamy_yQ8Y0R]  [yeqzw2uopn6qst6jsqublmljm0jnqwsk9avxmtvz]  [aae1058f-e7c8-4310-a48f-6eb5bff610e2]  Processing batch event [
  {
    event_type: 'CBTSessionCreated',
    test_run: {
      uuid: '1ad37c20-0d36-47a5-9739-c491b146c4b1',
      integrations: [Object]
    }
  },
  {
    event_type: 'CBTSessionCreated',
    test_run: {
      uuid: '9df1263f-4cb5-42fb-bed9-98005faf3ba6',
      integrations: [Object]
    }
  }
] to 39128:0
2025-11-15T09:47:24.912Z CLI info  [sathishponnusamy_yQ8Y0R]  [yeqzw2uopn6qst6jsqublmljm0jnqwsk9avxmtvz]  [aae1058f-e7c8-4310-a48f-6eb5bff610e2]  [PRODUCTION] Making POST request to https://collector-observability.browserstack.com
2025-11-15T09:47:26.074Z CLI info [testhub:request-queue-handler]  [sathishponnusamy_yQ8Y0R]  [yeqzw2uopn6qst6jsqublmljm0jnqwsk9avxmtvz]  [aae1058f-e7c8-4310-a48f-6eb5bff610e2]  Added the event {
  event_type: 'CBTSessionCreated',
  test_run: {
    uuid: '9df1263f-4cb5-42fb-bed9-98005faf3ba6',
    integrations: { browserstack: [Object] }
  }
} to 39128:0
2025-11-15T09:47:26.912Z CLI info [testhub:request-queue-handler]  [sathishponnusamy_yQ8Y0R]  [yeqzw2uopn6qst6jsqublmljm0jnqwsk9avxmtvz]  [aae1058f-e7c8-4310-a48f-6eb5bff610e2]  Processing batch event [
  {
    event_type: 'CBTSessionCreated',
    test_run: {
      uuid: '9df1263f-4cb5-42fb-bed9-98005faf3ba6',
      integrations: [Object]
    }
  }
] to 39128:0
2025-11-15T09:47:26.913Z CLI info  [sathishponnusamy_yQ8Y0R]  [yeqzw2uopn6qst6jsqublmljm0jnqwsk9avxmtvz]  [aae1058f-e7c8-4310-a48f-6eb5bff610e2]  [PRODUCTION] Making POST request to https://collector-observability.browserstack.com
2025-11-15T09:47:27.092Z CLI info [testhub:request-queue-handler]  [sathishponnusamy_yQ8Y0R]  [yeqzw2uopn6qst6jsqublmljm0jnqwsk9avxmtvz]  [aae1058f-e7c8-4310-a48f-6eb5bff610e2]  Added the event {
  event_type: 'CBTSessionCreated',
  test_run: {
    uuid: '82cc45f7-4c5e-48bf-ad41-9dd42a5cfac2',
    integrations: { browserstack: [Object] }
  }
} to 39128:0
2025-11-15T09:47:28.913Z CLI info [testhub:request-queue-handler]  [sathishponnusamy_yQ8Y0R]  [yeqzw2uopn6qst6jsqublmljm0jnqwsk9avxmtvz]  [aae1058f-e7c8-4310-a48f-6eb5bff610e2]  Processing batch event [
  {
    event_type: 'CBTSessionCreated',
    test_run: {
      uuid: '82cc45f7-4c5e-48bf-ad41-9dd42a5cfac2',
      integrations: [Object]
    }
  }
] to 39128:0
2025-11-15T09:47:28.915Z CLI info  [sathishponnusamy_yQ8Y0R]  [yeqzw2uopn6qst6jsqublmljm0jnqwsk9avxmtvz]  [aae1058f-e7c8-4310-a48f-6eb5bff610e2]  [PRODUCTION] Making POST request to https://collector-observability.browserstack.com
2025-11-15T09:47:29.792Z CLI info [testhub:request-queue-handler]  [sathishponnusamy_yQ8Y0R]  [yeqzw2uopn6qst6jsqublmljm0jnqwsk9avxmtvz]  [aae1058f-e7c8-4310-a48f-6eb5bff610e2]  Added the event {
  event_type: 'CBTSessionCreated',
  test_run: {
    uuid: '1ad37c20-0d36-47a5-9739-c491b146c4b1',
    integrations: { browserstack: [Object] }
  }
} to 39128:0
2025-11-15T09:47:30.071Z CLI info [testhub:request-queue-handler]  [sathishponnusamy_yQ8Y0R]  [yeqzw2uopn6qst6jsqublmljm0jnqwsk9avxmtvz]  [aae1058f-e7c8-4310-a48f-6eb5bff610e2]  Added the event {
  event_type: 'CBTSessionCreated',
  test_run: {
    uuid: '82cc45f7-4c5e-48bf-ad41-9dd42a5cfac2',
    integrations: { browserstack: [Object] }
  }
} to 39128:0
2025-11-15T09:47:30.682Z CLI info [testhub:request-queue-handler]  [sathishponnusamy_yQ8Y0R]  [yeqzw2uopn6qst6jsqublmljm0jnqwsk9avxmtvz]  [aae1058f-e7c8-4310-a48f-6eb5bff610e2]  Added the event {
  event_type: 'TestRunFinished',
  test_run: {
    type: 'test',
    framework: 'Cucumber-TestNG',
    uuid: '9df1263f-4cb5-42fb-bed9-98005faf3ba6',
    name: 'Unsuccessful login with invalid or empty credentials',
    body: {
      lang: 'java',
      code: 'public void io.cucumber.testng.AbstractTestNGCucumberTests.runScenario(io.cucumber.testng.PickleWrapper,io.cucumber.testng.FeatureWrapper)'
    },
    identifier: 'Unsuccessful login with invalid or empty credentials',
    scope: 'Unsuccessful login with invalid or empty credentials',
    scopes: [ 'Login Functionality for OpenCart E-Commerce Website' ],
    file_name: 'SeleniumTestNG/src/test/resources/features/loginpage.feature',
    vc_filepath: 'SeleniumTestNG/src/test/resources/features/loginpage.feature',
    location: 'SeleniumTestNG/src/test/resources/features/loginpage.feature',
    meta: {
      data_provider_name: 'scenarios',
      feature: [Object],
      scenario: [Object],
      steps: [Array],
      examples: [Array]
    },
    result: 'passed',
    duration_in_ms: 26200,
    started_at: '2025-11-15T09:47:04.477Z',
    finished_at: '2025-11-15T09:47:30.677Z',
    failure: null,
    failure_type: null,
    failure_reason: null,
    retry_of: null,
    custom_metadata: {},
    tags: [],
    customRerunParam: { rerun_name: 'SeleniumTestNG-0' },
    hooks: [],
    product_map: {
      observability: true,
      accessibility: false,
      percy: false,
      automate: true,
      app_automate: false
    }
  },
  logs: []
} to 39128:0
2025-11-15T09:47:30.705Z CLI info [testhub:request-queue-handler]  [sathishponnusamy_yQ8Y0R]  [yeqzw2uopn6qst6jsqublmljm0jnqwsk9avxmtvz]  [aae1058f-e7c8-4310-a48f-6eb5bff610e2]  Added the event {
  event_type: 'CBTSessionCreated',
  test_run: {
    uuid: '0f81a39c-3075-470f-8f60-5305bb069288',
    integrations: { browserstack: [Object] }
  }
} to 39128:0
2025-11-15T09:47:30.916Z CLI info [testhub:request-queue-handler]  [sathishponnusamy_yQ8Y0R]  [yeqzw2uopn6qst6jsqublmljm0jnqwsk9avxmtvz]  [aae1058f-e7c8-4310-a48f-6eb5bff610e2]  Processing batch event [
  {
    event_type: 'CBTSessionCreated',
    test_run: {
      uuid: '1ad37c20-0d36-47a5-9739-c491b146c4b1',
      integrations: [Object]
    }
  },
  {
    event_type: 'CBTSessionCreated',
    test_run: {
      uuid: '82cc45f7-4c5e-48bf-ad41-9dd42a5cfac2',
      integrations: [Object]
    }
  },
  {
    event_type: 'TestRunFinished',
    test_run: {
      type: 'test',
      framework: 'Cucumber-TestNG',
      uuid: '9df1263f-4cb5-42fb-bed9-98005faf3ba6',
      name: 'Unsuccessful login with invalid or empty credentials',
      body: [Object],
      identifier: 'Unsuccessful login with invalid or empty credentials',
      scope: 'Unsuccessful login with invalid or empty credentials',
      scopes: [Array],
      file_name: 'SeleniumTestNG/src/test/resources/features/loginpage.feature',
      vc_filepath: 'SeleniumTestNG/src/test/resources/features/loginpage.feature',
      location: 'SeleniumTestNG/src/test/resources/features/loginpage.feature',
      meta: [Object],
      result: 'passed',
      duration_in_ms: 26200,
      started_at: '2025-11-15T09:47:04.477Z',
      finished_at: '2025-11-15T09:47:30.677Z',
      failure: null,
      failure_type: null,
      failure_reason: null,
      retry_of: null,
      custom_metadata: {},
      tags: [],
      customRerunParam: [Object],
      hooks: [],
      product_map: [Object]
    },
    logs: []
  },
  {
    event_type: 'CBTSessionCreated',
    test_run: {
      uuid: '0f81a39c-3075-470f-8f60-5305bb069288',
      integrations: [Object]
    }
  }
] to 39128:0
2025-11-15T09:47:30.917Z CLI info  [sathishponnusamy_yQ8Y0R]  [yeqzw2uopn6qst6jsqublmljm0jnqwsk9avxmtvz]  [aae1058f-e7c8-4310-a48f-6eb5bff610e2]  [PRODUCTION] Making POST request to https://collector-observability.browserstack.com
2025-11-15T09:47:31.271Z CLI info [testhub:request-queue-handler]  [sathishponnusamy_yQ8Y0R]  [yeqzw2uopn6qst6jsqublmljm0jnqwsk9avxmtvz]  [aae1058f-e7c8-4310-a48f-6eb5bff610e2]  Added the event {
  event_type: 'TestRunStarted',
  test_run: {
    type: 'test',
    framework: 'Cucumber-TestNG',
    uuid: '0f81a39c-3075-470f-8f60-5305bb069288',
    name: 'Navigating to the forgotten password page',
    body: {
      lang: 'java',
      code: 'public void io.cucumber.testng.AbstractTestNGCucumberTests.runScenario(io.cucumber.testng.PickleWrapper,io.cucumber.testng.FeatureWrapper)'
    },
    identifier: 'Navigating to the forgotten password page',
    scope: 'Navigating to the forgotten password page',
    scopes: [ 'Login Functionality for OpenCart E-Commerce Website' ],
    file_name: 'SeleniumTestNG/src/test/resources/features/loginpage.feature',
    vc_filepath: 'SeleniumTestNG/src/test/resources/features/loginpage.feature',
    location: 'SeleniumTestNG/src/test/resources/features/loginpage.feature',
    meta: {
      data_provider_name: 'scenarios',
      feature: [Object],
      scenario: [Object]
    },
    result: 'passed',
    duration_in_ms: null,
    started_at: '2025-11-15T09:47:30.702Z',
    finished_at: '2025-11-15T09:47:30.677Z',
    failure: null,
    failure_type: null,
    failure_reason: null,
    retry_of: null,
    custom_metadata: {},
    tags: [],
    customRerunParam: { rerun_name: 'SeleniumTestNG-0' },
    hooks: [],
    product_map: {
      observability: true,
      accessibility: false,
      percy: false,
      automate: true,
      app_automate: false
    }
  },
  logs: []
} to 39128:0
2025-11-15T09:47:31.278Z CLI info [testhub:request-queue-handler]  [sathishponnusamy_yQ8Y0R]  [yeqzw2uopn6qst6jsqublmljm0jnqwsk9avxmtvz]  [aae1058f-e7c8-4310-a48f-6eb5bff610e2]  Added the event {
  event_type: 'CBTSessionCreated',
  test_run: {
    uuid: '0f81a39c-3075-470f-8f60-5305bb069288',
    integrations: { browserstack: [Object] }
  }
} to 39128:0
2025-11-15T09:47:31.809Z CLI info [testhub:request-queue-handler]  [sathishponnusamy_yQ8Y0R]  [yeqzw2uopn6qst6jsqublmljm0jnqwsk9avxmtvz]  [aae1058f-e7c8-4310-a48f-6eb5bff610e2]  Added the event {
  event_type: 'CBTSessionCreated',
  test_run: {
    uuid: '0f81a39c-3075-470f-8f60-5305bb069288',
    integrations: { browserstack: [Object] }
  }
} to 39128:0
2025-11-15T09:47:32.214Z CLI info [testhub:request-queue-handler]  [sathishponnusamy_yQ8Y0R]  [yeqzw2uopn6qst6jsqublmljm0jnqwsk9avxmtvz]  [aae1058f-e7c8-4310-a48f-6eb5bff610e2]  Added the event {
  event_type: 'CBTSessionCreated',
  test_run: {
    uuid: '82cc45f7-4c5e-48bf-ad41-9dd42a5cfac2',
    integrations: { browserstack: [Object] }
  }
} to 39128:0
2025-11-15T09:47:32.350Z CLI info [sdk:service]  [sathishponnusamy_yQ8Y0R]  [yeqzw2uopn6qst6jsqublmljm0jnqwsk9avxmtvz]  [aae1058f-e7c8-4310-a48f-6eb5bff610e2]  Driver initialized as primary driver: platformIndex=0
2025-11-15T09:47:32.917Z CLI info [testhub:request-queue-handler]  [sathishponnusamy_yQ8Y0R]  [yeqzw2uopn6qst6jsqublmljm0jnqwsk9avxmtvz]  [aae1058f-e7c8-4310-a48f-6eb5bff610e2]  Processing batch event [
  {
    event_type: 'TestRunStarted',
    test_run: {
      type: 'test',
      framework: 'Cucumber-TestNG',
      uuid: '0f81a39c-3075-470f-8f60-5305bb069288',
      name: 'Navigating to the forgotten password page',
      body: [Object],
      identifier: 'Navigating to the forgotten password page',
      scope: 'Navigating to the forgotten password page',
      scopes: [Array],
      file_name: 'SeleniumTestNG/src/test/resources/features/loginpage.feature',
      vc_filepath: 'SeleniumTestNG/src/test/resources/features/loginpage.feature',
      location: 'SeleniumTestNG/src/test/resources/features/loginpage.feature',
      meta: [Object],
      result: 'passed',
      duration_in_ms: null,
      started_at: '2025-11-15T09:47:30.702Z',
      finished_at: '2025-11-15T09:47:30.677Z',
      failure: null,
      failure_type: null,
      failure_reason: null,
      retry_of: null,
      custom_metadata: {},
      tags: [],
      customRerunParam: [Object],
      hooks: [],
      product_map: [Object]
    },
    logs: []
  },
  {
    event_type: 'CBTSessionCreated',
    test_run: {
      uuid: '0f81a39c-3075-470f-8f60-5305bb069288',
      integrations: [Object]
    }
  },
  {
    event_type: 'CBTSessionCreated',
    test_run: {
      uuid: '0f81a39c-3075-470f-8f60-5305bb069288',
      integrations: [Object]
    }
  },
  {
    event_type: 'CBTSessionCreated',
    test_run: {
      uuid: '82cc45f7-4c5e-48bf-ad41-9dd42a5cfac2',
      integrations: [Object]
    }
  }
] to 39128:0
2025-11-15T09:47:32.919Z CLI info  [sathishponnusamy_yQ8Y0R]  [yeqzw2uopn6qst6jsqublmljm0jnqwsk9avxmtvz]  [aae1058f-e7c8-4310-a48f-6eb5bff610e2]  [PRODUCTION] Making POST request to https://collector-observability.browserstack.com
2025-11-15T09:47:33.125Z CLI info [testhub:request-queue-handler]  [sathishponnusamy_yQ8Y0R]  [yeqzw2uopn6qst6jsqublmljm0jnqwsk9avxmtvz]  [aae1058f-e7c8-4310-a48f-6eb5bff610e2]  Added the event {
  event_type: 'CBTSessionCreated',
  test_run: {
    uuid: '1ad37c20-0d36-47a5-9739-c491b146c4b1',
    integrations: { browserstack: [Object] }
  }
} to 39128:0
2025-11-15T09:47:33.486Z CLI info [testhub:request-queue-handler]  [sathishponnusamy_yQ8Y0R]  [yeqzw2uopn6qst6jsqublmljm0jnqwsk9avxmtvz]  [aae1058f-e7c8-4310-a48f-6eb5bff610e2]  Added the event {
  event_type: 'CBTSessionCreated',
  test_run: {
    uuid: '82cc45f7-4c5e-48bf-ad41-9dd42a5cfac2',
    integrations: { browserstack: [Object] }
  }
} to 39128:0
2025-11-15T09:47:34.917Z CLI info [testhub:request-queue-handler]  [sathishponnusamy_yQ8Y0R]  [yeqzw2uopn6qst6jsqublmljm0jnqwsk9avxmtvz]  [aae1058f-e7c8-4310-a48f-6eb5bff610e2]  Processing batch event [
  {
    event_type: 'CBTSessionCreated',
    test_run: {
      uuid: '1ad37c20-0d36-47a5-9739-c491b146c4b1',
      integrations: [Object]
    }
  },
  {
    event_type: 'CBTSessionCreated',
    test_run: {
      uuid: '82cc45f7-4c5e-48bf-ad41-9dd42a5cfac2',
      integrations: [Object]
    }
  }
] to 39128:0
2025-11-15T09:47:34.918Z CLI info  [sathishponnusamy_yQ8Y0R]  [yeqzw2uopn6qst6jsqublmljm0jnqwsk9avxmtvz]  [aae1058f-e7c8-4310-a48f-6eb5bff610e2]  [PRODUCTION] Making POST request to https://collector-observability.browserstack.com
2025-11-15T09:47:35.235Z CLI info [testhub:request-queue-handler]  [sathishponnusamy_yQ8Y0R]  [yeqzw2uopn6qst6jsqublmljm0jnqwsk9avxmtvz]  [aae1058f-e7c8-4310-a48f-6eb5bff610e2]  Added the event {
  event_type: 'CBTSessionCreated',
  test_run: {
    uuid: '1ad37c20-0d36-47a5-9739-c491b146c4b1',
    integrations: { browserstack: [Object] }
  }
} to 39128:0
2025-11-15T09:47:36.918Z CLI info [testhub:request-queue-handler]  [sathishponnusamy_yQ8Y0R]  [yeqzw2uopn6qst6jsqublmljm0jnqwsk9avxmtvz]  [aae1058f-e7c8-4310-a48f-6eb5bff610e2]  Processing batch event [
  {
    event_type: 'CBTSessionCreated',
    test_run: {
      uuid: '1ad37c20-0d36-47a5-9739-c491b146c4b1',
      integrations: [Object]
    }
  }
] to 39128:0
2025-11-15T09:47:36.919Z CLI info  [sathishponnusamy_yQ8Y0R]  [yeqzw2uopn6qst6jsqublmljm0jnqwsk9avxmtvz]  [aae1058f-e7c8-4310-a48f-6eb5bff610e2]  [PRODUCTION] Making POST request to https://collector-observability.browserstack.com
2025-11-15T09:47:36.941Z CLI info [testhub:request-queue-handler]  [sathishponnusamy_yQ8Y0R]  [yeqzw2uopn6qst6jsqublmljm0jnqwsk9avxmtvz]  [aae1058f-e7c8-4310-a48f-6eb5bff610e2]  Added the event {
  event_type: 'TestRunFinished',
  test_run: {
    type: 'test',
    framework: 'Cucumber-TestNG',
    uuid: '82cc45f7-4c5e-48bf-ad41-9dd42a5cfac2',
    name: 'Unsuccessful login with invalid or empty credentials',
    body: {
      lang: 'java',
      code: 'public void io.cucumber.testng.AbstractTestNGCucumberTests.runScenario(io.cucumber.testng.PickleWrapper,io.cucumber.testng.FeatureWrapper)'
    },
    identifier: 'Unsuccessful login with invalid or empty credentials',
    scope: 'Unsuccessful login with invalid or empty credentials',
    scopes: [ 'Login Functionality for OpenCart E-Commerce Website' ],
    file_name: 'SeleniumTestNG/src/test/resources/features/loginpage.feature',
    vc_filepath: 'SeleniumTestNG/src/test/resources/features/loginpage.feature',
    location: 'SeleniumTestNG/src/test/resources/features/loginpage.feature',
    meta: {
      data_provider_name: 'scenarios',
      feature: [Object],
      scenario: [Object],
      steps: [Array],
      examples: [Array]
    },
    result: 'passed',
    duration_in_ms: 26495,
    started_at: '2025-11-15T09:47:10.441Z',
    finished_at: '2025-11-15T09:47:36.936Z',
    failure: null,
    failure_type: null,
    failure_reason: null,
    retry_of: null,
    custom_metadata: {},
    tags: [],
    customRerunParam: { rerun_name: 'SeleniumTestNG-1' },
    hooks: [],
    product_map: {
      observability: true,
      accessibility: false,
      percy: false,
      automate: true,
      app_automate: false
    }
  },
  logs: []
} to 39128:0
2025-11-15T09:47:36.966Z CLI info [testhub:request-queue-handler]  [sathishponnusamy_yQ8Y0R]  [yeqzw2uopn6qst6jsqublmljm0jnqwsk9avxmtvz]  [aae1058f-e7c8-4310-a48f-6eb5bff610e2]  Added the event {
  event_type: 'CBTSessionCreated',
  test_run: {
    uuid: 'ea9dd099-7446-43ba-a066-6f2a6d282e39',
    integrations: { browserstack: [Object] }
  }
} to 39128:0
2025-11-15T09:47:37.254Z CLI info [testhub:request-queue-handler]  [sathishponnusamy_yQ8Y0R]  [yeqzw2uopn6qst6jsqublmljm0jnqwsk9avxmtvz]  [aae1058f-e7c8-4310-a48f-6eb5bff610e2]  Added the event {
  event_type: 'TestRunStarted',
  test_run: {
    type: 'test',
    framework: 'Cucumber-TestNG',
    uuid: 'ea9dd099-7446-43ba-a066-6f2a6d282e39',
    name: 'Navigating to the forgotten password page',
    body: {
      lang: 'java',
      code: 'public void io.cucumber.testng.AbstractTestNGCucumberTests.runScenario(io.cucumber.testng.PickleWrapper,io.cucumber.testng.FeatureWrapper)'
    },
    identifier: 'Navigating to the forgotten password page',
    scope: 'Navigating to the forgotten password page',
    scopes: [ 'Login Functionality for OpenCart E-Commerce Website' ],
    file_name: 'SeleniumTestNG/src/test/resources/features/loginpage.feature',
    vc_filepath: 'SeleniumTestNG/src/test/resources/features/loginpage.feature',
    location: 'SeleniumTestNG/src/test/resources/features/loginpage.feature',
    meta: {
      data_provider_name: 'scenarios',
      feature: [Object],
      scenario: [Object]
    },
    result: 'passed',
    duration_in_ms: null,
    started_at: '2025-11-15T09:47:36.963Z',
    finished_at: '2025-11-15T09:47:36.936Z',
    failure: null,
    failure_type: null,
    failure_reason: null,
    retry_of: null,
    custom_metadata: {},
    tags: [],
    customRerunParam: { rerun_name: 'SeleniumTestNG-1' },
    hooks: [],
    product_map: {
      observability: true,
      accessibility: false,
      percy: false,
      automate: true,
      app_automate: false
    }
  },
  logs: []
} to 39128:0
2025-11-15T09:47:37.265Z CLI info [testhub:request-queue-handler]  [sathishponnusamy_yQ8Y0R]  [yeqzw2uopn6qst6jsqublmljm0jnqwsk9avxmtvz]  [aae1058f-e7c8-4310-a48f-6eb5bff610e2]  Added the event {
  event_type: 'CBTSessionCreated',
  test_run: {
    uuid: 'ea9dd099-7446-43ba-a066-6f2a6d282e39',
    integrations: { browserstack: [Object] }
  }
} to 39128:0
2025-11-15T09:47:37.804Z CLI info [testhub:request-queue-handler]  [sathishponnusamy_yQ8Y0R]  [yeqzw2uopn6qst6jsqublmljm0jnqwsk9avxmtvz]  [aae1058f-e7c8-4310-a48f-6eb5bff610e2]  Added the event {
  event_type: 'CBTSessionCreated',
  test_run: {
    uuid: 'ea9dd099-7446-43ba-a066-6f2a6d282e39',
    integrations: { browserstack: [Object] }
  }
} to 39128:0
2025-11-15T09:47:38.355Z CLI info [sdk:service]  [sathishponnusamy_yQ8Y0R]  [yeqzw2uopn6qst6jsqublmljm0jnqwsk9avxmtvz]  [aae1058f-e7c8-4310-a48f-6eb5bff610e2]  Driver initialized as primary driver: platformIndex=1
2025-11-15T09:47:38.919Z CLI info [testhub:request-queue-handler]  [sathishponnusamy_yQ8Y0R]  [yeqzw2uopn6qst6jsqublmljm0jnqwsk9avxmtvz]  [aae1058f-e7c8-4310-a48f-6eb5bff610e2]  Processing batch event [
  {
    event_type: 'TestRunFinished',
    test_run: {
      type: 'test',
      framework: 'Cucumber-TestNG',
      uuid: '82cc45f7-4c5e-48bf-ad41-9dd42a5cfac2',
      name: 'Unsuccessful login with invalid or empty credentials',
      body: [Object],
      identifier: 'Unsuccessful login with invalid or empty credentials',
      scope: 'Unsuccessful login with invalid or empty credentials',
      scopes: [Array],
      file_name: 'SeleniumTestNG/src/test/resources/features/loginpage.feature',
      vc_filepath: 'SeleniumTestNG/src/test/resources/features/loginpage.feature',
      location: 'SeleniumTestNG/src/test/resources/features/loginpage.feature',
      meta: [Object],
      result: 'passed',
      duration_in_ms: 26495,
      started_at: '2025-11-15T09:47:10.441Z',
      finished_at: '2025-11-15T09:47:36.936Z',
      failure: null,
      failure_type: null,
      failure_reason: null,
      retry_of: null,
      custom_metadata: {},
      tags: [],
      customRerunParam: [Object],
      hooks: [],
      product_map: [Object]
    },
    logs: []
  },
  {
    event_type: 'CBTSessionCreated',
    test_run: {
      uuid: 'ea9dd099-7446-43ba-a066-6f2a6d282e39',
      integrations: [Object]
    }
  },
  {
    event_type: 'TestRunStarted',
    test_run: {
      type: 'test',
      framework: 'Cucumber-TestNG',
      uuid: 'ea9dd099-7446-43ba-a066-6f2a6d282e39',
      name: 'Navigating to the forgotten password page',
      body: [Object],
      identifier: 'Navigating to the forgotten password page',
      scope: 'Navigating to the forgotten password page',
      scopes: [Array],
      file_name: 'SeleniumTestNG/src/test/resources/features/loginpage.feature',
      vc_filepath: 'SeleniumTestNG/src/test/resources/features/loginpage.feature',
      location: 'SeleniumTestNG/src/test/resources/features/loginpage.feature',
      meta: [Object],
      result: 'passed',
      duration_in_ms: null,
      started_at: '2025-11-15T09:47:36.963Z',
      finished_at: '2025-11-15T09:47:36.936Z',
      failure: null,
      failure_type: null,
      failure_reason: null,
      retry_of: null,
      custom_metadata: {},
      tags: [],
      customRerunParam: [Object],
      hooks: [],
      product_map: [Object]
    },
    logs: []
  },
  {
    event_type: 'CBTSessionCreated',
    test_run: {
      uuid: 'ea9dd099-7446-43ba-a066-6f2a6d282e39',
      integrations: [Object]
    }
  },
  {
    event_type: 'CBTSessionCreated',
    test_run: {
      uuid: 'ea9dd099-7446-43ba-a066-6f2a6d282e39',
      integrations: [Object]
    }
  }
] to 39128:0
2025-11-15T09:47:38.920Z CLI info  [sathishponnusamy_yQ8Y0R]  [yeqzw2uopn6qst6jsqublmljm0jnqwsk9avxmtvz]  [aae1058f-e7c8-4310-a48f-6eb5bff610e2]  [PRODUCTION] Making POST request to https://collector-observability.browserstack.com
2025-11-15T09:47:40.622Z CLI info [testhub:request-queue-handler]  [sathishponnusamy_yQ8Y0R]  [yeqzw2uopn6qst6jsqublmljm0jnqwsk9avxmtvz]  [aae1058f-e7c8-4310-a48f-6eb5bff610e2]  Added the event {
  event_type: 'CBTSessionCreated',
  test_run: {
    uuid: '0f81a39c-3075-470f-8f60-5305bb069288',
    integrations: { browserstack: [Object] }
  }
} to 39128:0
2025-11-15T09:47:40.920Z CLI info [testhub:request-queue-handler]  [sathishponnusamy_yQ8Y0R]  [yeqzw2uopn6qst6jsqublmljm0jnqwsk9avxmtvz]  [aae1058f-e7c8-4310-a48f-6eb5bff610e2]  Processing batch event [
  {
    event_type: 'CBTSessionCreated',
    test_run: {
      uuid: '0f81a39c-3075-470f-8f60-5305bb069288',
      integrations: [Object]
    }
  }
] to 39128:0
2025-11-15T09:47:40.921Z CLI info  [sathishponnusamy_yQ8Y0R]  [yeqzw2uopn6qst6jsqublmljm0jnqwsk9avxmtvz]  [aae1058f-e7c8-4310-a48f-6eb5bff610e2]  [PRODUCTION] Making POST request to https://collector-observability.browserstack.com
2025-11-15T09:47:45.264Z CLI info [testhub:request-queue-handler]  [sathishponnusamy_yQ8Y0R]  [yeqzw2uopn6qst6jsqublmljm0jnqwsk9avxmtvz]  [aae1058f-e7c8-4310-a48f-6eb5bff610e2]  Added the event {
  event_type: 'CBTSessionCreated',
  test_run: {
    uuid: '0f81a39c-3075-470f-8f60-5305bb069288',
    integrations: { browserstack: [Object] }
  }
} to 39128:0
2025-11-15T09:47:46.923Z CLI info [testhub:request-queue-handler]  [sathishponnusamy_yQ8Y0R]  [yeqzw2uopn6qst6jsqublmljm0jnqwsk9avxmtvz]  [aae1058f-e7c8-4310-a48f-6eb5bff610e2]  Processing batch event [
  {
    event_type: 'CBTSessionCreated',
    test_run: {
      uuid: '0f81a39c-3075-470f-8f60-5305bb069288',
      integrations: [Object]
    }
  }
] to 39128:0
2025-11-15T09:47:46.925Z CLI info  [sathishponnusamy_yQ8Y0R]  [yeqzw2uopn6qst6jsqublmljm0jnqwsk9avxmtvz]  [aae1058f-e7c8-4310-a48f-6eb5bff610e2]  [PRODUCTION] Making POST request to https://collector-observability.browserstack.com
2025-11-15T09:47:47.507Z CLI info [testhub:request-queue-handler]  [sathishponnusamy_yQ8Y0R]  [yeqzw2uopn6qst6jsqublmljm0jnqwsk9avxmtvz]  [aae1058f-e7c8-4310-a48f-6eb5bff610e2]  Added the event {
  event_type: 'CBTSessionCreated',
  test_run: {
    uuid: '0f81a39c-3075-470f-8f60-5305bb069288',
    integrations: { browserstack: [Object] }
  }
} to 39128:0
2025-11-15T09:47:48.473Z CLI info [testhub:request-queue-handler]  [sathishponnusamy_yQ8Y0R]  [yeqzw2uopn6qst6jsqublmljm0jnqwsk9avxmtvz]  [aae1058f-e7c8-4310-a48f-6eb5bff610e2]  Added the event {
  event_type: 'CBTSessionCreated',
  test_run: {
    uuid: 'ea9dd099-7446-43ba-a066-6f2a6d282e39',
    integrations: { browserstack: [Object] }
  }
} to 39128:0
2025-11-15T09:47:48.919Z CLI info [testhub:request-queue-handler]  [sathishponnusamy_yQ8Y0R]  [yeqzw2uopn6qst6jsqublmljm0jnqwsk9avxmtvz]  [aae1058f-e7c8-4310-a48f-6eb5bff610e2]  Added the event {
  event_type: 'CBTSessionCreated',
  test_run: {
    uuid: '0f81a39c-3075-470f-8f60-5305bb069288',
    integrations: { browserstack: [Object] }
  }
} to 39128:0
2025-11-15T09:47:48.924Z CLI info [testhub:request-queue-handler]  [sathishponnusamy_yQ8Y0R]  [yeqzw2uopn6qst6jsqublmljm0jnqwsk9avxmtvz]  [aae1058f-e7c8-4310-a48f-6eb5bff610e2]  Processing batch event [
  {
    event_type: 'CBTSessionCreated',
    test_run: {
      uuid: '0f81a39c-3075-470f-8f60-5305bb069288',
      integrations: [Object]
    }
  },
  {
    event_type: 'CBTSessionCreated',
    test_run: {
      uuid: 'ea9dd099-7446-43ba-a066-6f2a6d282e39',
      integrations: [Object]
    }
  },
  {
    event_type: 'CBTSessionCreated',
    test_run: {
      uuid: '0f81a39c-3075-470f-8f60-5305bb069288',
      integrations: [Object]
    }
  }
] to 39128:0
2025-11-15T09:47:48.925Z CLI info  [sathishponnusamy_yQ8Y0R]  [yeqzw2uopn6qst6jsqublmljm0jnqwsk9avxmtvz]  [aae1058f-e7c8-4310-a48f-6eb5bff610e2]  [PRODUCTION] Making POST request to https://collector-observability.browserstack.com
2025-11-15T09:47:52.445Z CLI info [testhub:request-queue-handler]  [sathishponnusamy_yQ8Y0R]  [yeqzw2uopn6qst6jsqublmljm0jnqwsk9avxmtvz]  [aae1058f-e7c8-4310-a48f-6eb5bff610e2]  Added the event {
  event_type: 'TestRunFinished',
  test_run: {
    type: 'test',
    framework: 'Cucumber-TestNG',
    uuid: '0f81a39c-3075-470f-8f60-5305bb069288',
    name: 'Navigating to the forgotten password page',
    body: {
      lang: 'java',
      code: 'public void io.cucumber.testng.AbstractTestNGCucumberTests.runScenario(io.cucumber.testng.PickleWrapper,io.cucumber.testng.FeatureWrapper)'
    },
    identifier: 'Navigating to the forgotten password page',
    scope: 'Navigating to the forgotten password page',
    scopes: [ 'Login Functionality for OpenCart E-Commerce Website' ],
    file_name: 'SeleniumTestNG/src/test/resources/features/loginpage.feature',
    vc_filepath: 'SeleniumTestNG/src/test/resources/features/loginpage.feature',
    location: 'SeleniumTestNG/src/test/resources/features/loginpage.feature',
    meta: {
      data_provider_name: 'scenarios',
      feature: [Object],
      scenario: [Object],
      steps: [Array]
    },
    result: 'passed',
    duration_in_ms: 21739,
    started_at: '2025-11-15T09:47:30.702Z',
    finished_at: '2025-11-15T09:47:52.441Z',
    failure: null,
    failure_type: null,
    failure_reason: null,
    retry_of: null,
    custom_metadata: {},
    tags: [],
    customRerunParam: { rerun_name: 'SeleniumTestNG-0' },
    hooks: [],
    product_map: {
      observability: true,
      accessibility: false,
      percy: false,
      automate: true,
      app_automate: false
    }
  },
  logs: []
} to 39128:0
2025-11-15T09:47:52.469Z CLI info [testhub:request-queue-handler]  [sathishponnusamy_yQ8Y0R]  [yeqzw2uopn6qst6jsqublmljm0jnqwsk9avxmtvz]  [aae1058f-e7c8-4310-a48f-6eb5bff610e2]  Added the event {
  event_type: 'HookRunStarted',
  hook_run: {
    type: 'hook',
    hook_type: 'AFTER_CLASS',
    framework: 'Cucumber-TestNG',
    uuid: 'a8295b6e-489f-41d4-8b0b-e623bc4d8541',
    name: 'tearDownClass',
    result: 'pending',
    test_run_id: '52a205ed-1bbd-4b99-9713-d2951c2a2d70',
    body: { lang: 'java', code: null },
    scope: 'Default Suite.runner.TestRunner',
    custom_metadata: {},
    tags: [],
    scopes: [ 'Default Suite', 'runner.TestRunner' ],
    file_name: 'SeleniumTestNG/src/test/java/runner/TestRunner.java',
    vc_filepath: 'SeleniumTestNG/src/test/java/runner/TestRunner.java',
    location: 'SeleniumTestNG/src/test/java/runner/TestRunner.java',
    started_at: '2025-11-15T09:47:52.466Z'
  },
  logs: []
} to 39128:0
2025-11-15T09:47:52.925Z CLI info [testhub:request-queue-handler]  [sathishponnusamy_yQ8Y0R]  [yeqzw2uopn6qst6jsqublmljm0jnqwsk9avxmtvz]  [aae1058f-e7c8-4310-a48f-6eb5bff610e2]  Processing batch event [
  {
    event_type: 'TestRunFinished',
    test_run: {
      type: 'test',
      framework: 'Cucumber-TestNG',
      uuid: '0f81a39c-3075-470f-8f60-5305bb069288',
      name: 'Navigating to the forgotten password page',
      body: [Object],
      identifier: 'Navigating to the forgotten password page',
      scope: 'Navigating to the forgotten password page',
      scopes: [Array],
      file_name: 'SeleniumTestNG/src/test/resources/features/loginpage.feature',
      vc_filepath: 'SeleniumTestNG/src/test/resources/features/loginpage.feature',
      location: 'SeleniumTestNG/src/test/resources/features/loginpage.feature',
      meta: [Object],
      result: 'passed',
      duration_in_ms: 21739,
      started_at: '2025-11-15T09:47:30.702Z',
      finished_at: '2025-11-15T09:47:52.441Z',
      failure: null,
      failure_type: null,
      failure_reason: null,
      retry_of: null,
      custom_metadata: {},
      tags: [],
      customRerunParam: [Object],
      hooks: [],
      product_map: [Object]
    },
    logs: []
  },
  {
    event_type: 'HookRunStarted',
    hook_run: {
      type: 'hook',
      hook_type: 'AFTER_CLASS',
      framework: 'Cucumber-TestNG',
      uuid: 'a8295b6e-489f-41d4-8b0b-e623bc4d8541',
      name: 'tearDownClass',
      result: 'pending',
      test_run_id: '52a205ed-1bbd-4b99-9713-d2951c2a2d70',
      body: [Object],
      scope: 'Default Suite.runner.TestRunner',
      custom_metadata: {},
      tags: [],
      scopes: [Array],
      file_name: 'SeleniumTestNG/src/test/java/runner/TestRunner.java',
      vc_filepath: 'SeleniumTestNG/src/test/java/runner/TestRunner.java',
      location: 'SeleniumTestNG/src/test/java/runner/TestRunner.java',
      started_at: '2025-11-15T09:47:52.466Z'
    },
    logs: []
  }
] to 39128:0
2025-11-15T09:47:52.925Z CLI info  [sathishponnusamy_yQ8Y0R]  [yeqzw2uopn6qst6jsqublmljm0jnqwsk9avxmtvz]  [aae1058f-e7c8-4310-a48f-6eb5bff610e2]  [PRODUCTION] Making POST request to https://collector-observability.browserstack.com
2025-11-15T09:47:53.021Z CLI info [testhub:request-queue-handler]  [sathishponnusamy_yQ8Y0R]  [yeqzw2uopn6qst6jsqublmljm0jnqwsk9avxmtvz]  [aae1058f-e7c8-4310-a48f-6eb5bff610e2]  Added the event {
  event_type: 'CBTSessionCreated',
  test_run: {
    uuid: 'ea9dd099-7446-43ba-a066-6f2a6d282e39',
    integrations: { browserstack: [Object] }
  }
} to 39128:0
2025-11-15T09:47:53.359Z CLI info [testhub:request-queue-handler]  [sathishponnusamy_yQ8Y0R]  [yeqzw2uopn6qst6jsqublmljm0jnqwsk9avxmtvz]  [aae1058f-e7c8-4310-a48f-6eb5bff610e2]  Added the event {
  event_type: 'LogCreated',
  logs: [
    {
      testFrameworkName: 'Cucumber-TestNG',
      testFrameworkVersion: '7.11.0',
      testFrameworkState: 'LOG',
      timestamp: '2025-11-15T09:47:53.347Z',
      uuid: 'a8295b6e-489f-41d4-8b0b-e623bc4d8541',
      kind: 'TEST_LOG',
      message: '"┌──────────────────────────────────────────────────────────────────────────┐\\n│ View your Cucumber Report at:                                            │\\n│ https://reports.cucumber.io/reports/c618655c-9b7c-429f-a71f-c9ae69ae420f │\\n│                                                                          │\\n│ This report will self-destruct in 24h.                                   │\\n└──────────────────────────────────────────────────────────────────────────┘"',
      level: 'ERROR',
      test_run_uuid: 'a8295b6e-489f-41d4-8b0b-e623bc4d8541'
    }
  ]
} to 39128:0
2025-11-15T09:47:53.382Z CLI info [testhub:request-queue-handler]  [sathishponnusamy_yQ8Y0R]  [yeqzw2uopn6qst6jsqublmljm0jnqwsk9avxmtvz]  [aae1058f-e7c8-4310-a48f-6eb5bff610e2]  Added the event {
  event_type: 'HookRunFinished',
  hook_run: {
    type: 'hook',
    hook_type: 'AFTER_CLASS',
    framework: 'Cucumber-TestNG',
    uuid: 'a8295b6e-489f-41d4-8b0b-e623bc4d8541',
    name: 'tearDownClass',
    result: 'passed',
    test_run_id: '52a205ed-1bbd-4b99-9713-d2951c2a2d70',
    body: { lang: 'java', code: null },
    scope: 'Default Suite.runner.TestRunner',
    custom_metadata: {},
    tags: [],
    scopes: [ 'Default Suite', 'runner.TestRunner' ],
    file_name: 'SeleniumTestNG/src/test/java/runner/TestRunner.java',
    vc_filepath: 'SeleniumTestNG/src/test/java/runner/TestRunner.java',
    location: 'SeleniumTestNG/src/test/java/runner/TestRunner.java',
    started_at: '2025-11-15T09:47:52.466Z',
    finished_at: '2025-11-15T09:47:53.378Z'
  },
  logs: []
} to 39128:0
2025-11-15T09:47:54.927Z CLI info [testhub:request-queue-handler]  [sathishponnusamy_yQ8Y0R]  [yeqzw2uopn6qst6jsqublmljm0jnqwsk9avxmtvz]  [aae1058f-e7c8-4310-a48f-6eb5bff610e2]  Processing batch event [
  {
    event_type: 'CBTSessionCreated',
    test_run: {
      uuid: 'ea9dd099-7446-43ba-a066-6f2a6d282e39',
      integrations: [Object]
    }
  },
  { event_type: 'LogCreated', logs: [ [Object] ] },
  {
    event_type: 'HookRunFinished',
    hook_run: {
      type: 'hook',
      hook_type: 'AFTER_CLASS',
      framework: 'Cucumber-TestNG',
      uuid: 'a8295b6e-489f-41d4-8b0b-e623bc4d8541',
      name: 'tearDownClass',
      result: 'passed',
      test_run_id: '52a205ed-1bbd-4b99-9713-d2951c2a2d70',
      body: [Object],
      scope: 'Default Suite.runner.TestRunner',
      custom_metadata: {},
      tags: [],
      scopes: [Array],
      file_name: 'SeleniumTestNG/src/test/java/runner/TestRunner.java',
      vc_filepath: 'SeleniumTestNG/src/test/java/runner/TestRunner.java',
      location: 'SeleniumTestNG/src/test/java/runner/TestRunner.java',
      started_at: '2025-11-15T09:47:52.466Z',
      finished_at: '2025-11-15T09:47:53.378Z'
    },
    logs: []
  }
] to 39128:0
2025-11-15T09:47:54.928Z CLI info  [sathishponnusamy_yQ8Y0R]  [yeqzw2uopn6qst6jsqublmljm0jnqwsk9avxmtvz]  [aae1058f-e7c8-4310-a48f-6eb5bff610e2]  [PRODUCTION] Making POST request to https://collector-observability.browserstack.com
2025-11-15T09:47:54.934Z CLI info [testhub:request-queue-handler]  [sathishponnusamy_yQ8Y0R]  [yeqzw2uopn6qst6jsqublmljm0jnqwsk9avxmtvz]  [aae1058f-e7c8-4310-a48f-6eb5bff610e2]  Added the event {
  event_type: 'CBTSessionCreated',
  test_run: {
    uuid: 'ea9dd099-7446-43ba-a066-6f2a6d282e39',
    integrations: { browserstack: [Object] }
  }
} to 39128:0
2025-11-15T09:47:56.106Z CLI info [testhub:request-queue-handler]  [sathishponnusamy_yQ8Y0R]  [yeqzw2uopn6qst6jsqublmljm0jnqwsk9avxmtvz]  [aae1058f-e7c8-4310-a48f-6eb5bff610e2]  Added the event {
  event_type: 'CBTSessionCreated',
  test_run: {
    uuid: 'ea9dd099-7446-43ba-a066-6f2a6d282e39',
    integrations: { browserstack: [Object] }
  }
} to 39128:0
2025-11-15T09:47:56.925Z CLI info [testhub:request-queue-handler]  [sathishponnusamy_yQ8Y0R]  [yeqzw2uopn6qst6jsqublmljm0jnqwsk9avxmtvz]  [aae1058f-e7c8-4310-a48f-6eb5bff610e2]  Processing batch event [
  {
    event_type: 'CBTSessionCreated',
    test_run: {
      uuid: 'ea9dd099-7446-43ba-a066-6f2a6d282e39',
      integrations: [Object]
    }
  },
  {
    event_type: 'CBTSessionCreated',
    test_run: {
      uuid: 'ea9dd099-7446-43ba-a066-6f2a6d282e39',
      integrations: [Object]
    }
  }
] to 39128:0
2025-11-15T09:47:56.926Z CLI info  [sathishponnusamy_yQ8Y0R]  [yeqzw2uopn6qst6jsqublmljm0jnqwsk9avxmtvz]  [aae1058f-e7c8-4310-a48f-6eb5bff610e2]  [PRODUCTION] Making POST request to https://collector-observability.browserstack.com
2025-11-15T09:47:58.861Z CLI info [testhub:request-queue-handler]  [sathishponnusamy_yQ8Y0R]  [yeqzw2uopn6qst6jsqublmljm0jnqwsk9avxmtvz]  [aae1058f-e7c8-4310-a48f-6eb5bff610e2]  Added the event {
  event_type: 'TestRunFinished',
  test_run: {
    type: 'test',
    framework: 'Cucumber-TestNG',
    uuid: 'ea9dd099-7446-43ba-a066-6f2a6d282e39',
    name: 'Navigating to the forgotten password page',
    body: {
      lang: 'java',
      code: 'public void io.cucumber.testng.AbstractTestNGCucumberTests.runScenario(io.cucumber.testng.PickleWrapper,io.cucumber.testng.FeatureWrapper)'
    },
    identifier: 'Navigating to the forgotten password page',
    scope: 'Navigating to the forgotten password page',
    scopes: [ 'Login Functionality for OpenCart E-Commerce Website' ],
    file_name: 'SeleniumTestNG/src/test/resources/features/loginpage.feature',
    vc_filepath: 'SeleniumTestNG/src/test/resources/features/loginpage.feature',
    location: 'SeleniumTestNG/src/test/resources/features/loginpage.feature',
    meta: {
      data_provider_name: 'scenarios',
      feature: [Object],
      scenario: [Object],
      steps: [Array]
    },
    result: 'passed',
    duration_in_ms: 21893,
    started_at: '2025-11-15T09:47:36.963Z',
    finished_at: '2025-11-15T09:47:58.856Z',
    failure: null,
    failure_type: null,
    failure_reason: null,
    retry_of: null,
    custom_metadata: {},
    tags: [],
    customRerunParam: { rerun_name: 'SeleniumTestNG-1' },
    hooks: [],
    product_map: {
      observability: true,
      accessibility: false,
      percy: false,
      automate: true,
      app_automate: false
    }
  },
  logs: []
} to 39128:0
2025-11-15T09:47:58.884Z CLI info [testhub:request-queue-handler]  [sathishponnusamy_yQ8Y0R]  [yeqzw2uopn6qst6jsqublmljm0jnqwsk9avxmtvz]  [aae1058f-e7c8-4310-a48f-6eb5bff610e2]  Added the event {
  event_type: 'HookRunStarted',
  hook_run: {
    type: 'hook',
    hook_type: 'AFTER_CLASS',
    framework: 'Cucumber-TestNG',
    uuid: '8781a98b-8d63-4c3e-a9e0-aaf5c3bbd837',
    name: 'tearDownClass',
    result: 'pending',
    test_run_id: 'e451aad5-ab4b-4705-8e2e-ee0228c487c5',
    body: { lang: 'java', code: null },
    scope: 'Default Suite.runner.TestRunner',
    custom_metadata: {},
    tags: [],
    scopes: [ 'Default Suite', 'runner.TestRunner' ],
    file_name: 'SeleniumTestNG/src/test/java/runner/TestRunner.java',
    vc_filepath: 'SeleniumTestNG/src/test/java/runner/TestRunner.java',
    location: 'SeleniumTestNG/src/test/java/runner/TestRunner.java',
    started_at: '2025-11-15T09:47:58.879Z'
  },
  logs: []
} to 39128:0
2025-11-15T09:47:58.927Z CLI info [testhub:request-queue-handler]  [sathishponnusamy_yQ8Y0R]  [yeqzw2uopn6qst6jsqublmljm0jnqwsk9avxmtvz]  [aae1058f-e7c8-4310-a48f-6eb5bff610e2]  Processing batch event [
  {
    event_type: 'TestRunFinished',
    test_run: {
      type: 'test',
      framework: 'Cucumber-TestNG',
      uuid: 'ea9dd099-7446-43ba-a066-6f2a6d282e39',
      name: 'Navigating to the forgotten password page',
      body: [Object],
      identifier: 'Navigating to the forgotten password page',
      scope: 'Navigating to the forgotten password page',
      scopes: [Array],
      file_name: 'SeleniumTestNG/src/test/resources/features/loginpage.feature',
      vc_filepath: 'SeleniumTestNG/src/test/resources/features/loginpage.feature',
      location: 'SeleniumTestNG/src/test/resources/features/loginpage.feature',
      meta: [Object],
      result: 'passed',
      duration_in_ms: 21893,
      started_at: '2025-11-15T09:47:36.963Z',
      finished_at: '2025-11-15T09:47:58.856Z',
      failure: null,
      failure_type: null,
      failure_reason: null,
      retry_of: null,
      custom_metadata: {},
      tags: [],
      customRerunParam: [Object],
      hooks: [],
      product_map: [Object]
    },
    logs: []
  },
  {
    event_type: 'HookRunStarted',
    hook_run: {
      type: 'hook',
      hook_type: 'AFTER_CLASS',
      framework: 'Cucumber-TestNG',
      uuid: '8781a98b-8d63-4c3e-a9e0-aaf5c3bbd837',
      name: 'tearDownClass',
      result: 'pending',
      test_run_id: 'e451aad5-ab4b-4705-8e2e-ee0228c487c5',
      body: [Object],
      scope: 'Default Suite.runner.TestRunner',
      custom_metadata: {},
      tags: [],
      scopes: [Array],
      file_name: 'SeleniumTestNG/src/test/java/runner/TestRunner.java',
      vc_filepath: 'SeleniumTestNG/src/test/java/runner/TestRunner.java',
      location: 'SeleniumTestNG/src/test/java/runner/TestRunner.java',
      started_at: '2025-11-15T09:47:58.879Z'
    },
    logs: []
  }
] to 39128:0
2025-11-15T09:47:58.928Z CLI info  [sathishponnusamy_yQ8Y0R]  [yeqzw2uopn6qst6jsqublmljm0jnqwsk9avxmtvz]  [aae1058f-e7c8-4310-a48f-6eb5bff610e2]  [PRODUCTION] Making POST request to https://collector-observability.browserstack.com
2025-11-15T09:48:00.194Z CLI info [testhub:request-queue-handler]  [sathishponnusamy_yQ8Y0R]  [yeqzw2uopn6qst6jsqublmljm0jnqwsk9avxmtvz]  [aae1058f-e7c8-4310-a48f-6eb5bff610e2]  Added the event {
  event_type: 'LogCreated',
  logs: [
    {
      testFrameworkName: 'Cucumber-TestNG',
      testFrameworkVersion: '7.11.0',
      testFrameworkState: 'LOG',
      timestamp: '2025-11-15T09:48:00.189Z',
      uuid: '8781a98b-8d63-4c3e-a9e0-aaf5c3bbd837',
      kind: 'TEST_LOG',
      message: '"┌──────────────────────────────────────────────────────────────────────────┐\\n│ View your Cucumber Report at:                                            │\\n│ https://reports.cucumber.io/reports/4e290f99-1213-4db6-98d8-22784450d51c │\\n│                                                                          │\\n│ This report will self-destruct in 24h.                                   │\\n└──────────────────────────────────────────────────────────────────────────┘"',
      level: 'ERROR',
      test_run_uuid: '8781a98b-8d63-4c3e-a9e0-aaf5c3bbd837'
    }
  ]
} to 39128:0
2025-11-15T09:48:00.220Z CLI info [testhub:request-queue-handler]  [sathishponnusamy_yQ8Y0R]  [yeqzw2uopn6qst6jsqublmljm0jnqwsk9avxmtvz]  [aae1058f-e7c8-4310-a48f-6eb5bff610e2]  Added the event {
  event_type: 'HookRunFinished',
  hook_run: {
    type: 'hook',
    hook_type: 'AFTER_CLASS',
    framework: 'Cucumber-TestNG',
    uuid: '8781a98b-8d63-4c3e-a9e0-aaf5c3bbd837',
    name: 'tearDownClass',
    result: 'passed',
    test_run_id: 'e451aad5-ab4b-4705-8e2e-ee0228c487c5',
    body: { lang: 'java', code: null },
    scope: 'Default Suite.runner.TestRunner',
    custom_metadata: {},
    tags: [],
    scopes: [ 'Default Suite', 'runner.TestRunner' ],
    file_name: 'SeleniumTestNG/src/test/java/runner/TestRunner.java',
    vc_filepath: 'SeleniumTestNG/src/test/java/runner/TestRunner.java',
    location: 'SeleniumTestNG/src/test/java/runner/TestRunner.java',
    started_at: '2025-11-15T09:47:58.879Z',
    finished_at: '2025-11-15T09:48:00.216Z'
  },
  logs: []
} to 39128:0
2025-11-15T09:48:00.929Z CLI info [testhub:request-queue-handler]  [sathishponnusamy_yQ8Y0R]  [yeqzw2uopn6qst6jsqublmljm0jnqwsk9avxmtvz]  [aae1058f-e7c8-4310-a48f-6eb5bff610e2]  Processing batch event [
  { event_type: 'LogCreated', logs: [ [Object] ] },
  {
    event_type: 'HookRunFinished',
    hook_run: {
      type: 'hook',
      hook_type: 'AFTER_CLASS',
      framework: 'Cucumber-TestNG',
      uuid: '8781a98b-8d63-4c3e-a9e0-aaf5c3bbd837',
      name: 'tearDownClass',
      result: 'passed',
      test_run_id: 'e451aad5-ab4b-4705-8e2e-ee0228c487c5',
      body: [Object],
      scope: 'Default Suite.runner.TestRunner',
      custom_metadata: {},
      tags: [],
      scopes: [Array],
      file_name: 'SeleniumTestNG/src/test/java/runner/TestRunner.java',
      vc_filepath: 'SeleniumTestNG/src/test/java/runner/TestRunner.java',
      location: 'SeleniumTestNG/src/test/java/runner/TestRunner.java',
      started_at: '2025-11-15T09:47:58.879Z',
      finished_at: '2025-11-15T09:48:00.216Z'
    },
    logs: []
  }
] to 39128:0
2025-11-15T09:48:00.931Z CLI info  [sathishponnusamy_yQ8Y0R]  [yeqzw2uopn6qst6jsqublmljm0jnqwsk9avxmtvz]  [aae1058f-e7c8-4310-a48f-6eb5bff610e2]  [PRODUCTION] Making POST request to https://collector-observability.browserstack.com
2025-11-15T09:48:48.536Z CLI info [testhub:request-queue-handler]  [sathishponnusamy_yQ8Y0R]  [yeqzw2uopn6qst6jsqublmljm0jnqwsk9avxmtvz]  [aae1058f-e7c8-4310-a48f-6eb5bff610e2]  Added the event {
  event_type: 'CBTSessionCreated',
  test_run: {
    uuid: '1ad37c20-0d36-47a5-9739-c491b146c4b1',
    integrations: { browserstack: [Object] }
  }
} to 39128:0
2025-11-15T09:48:48.948Z CLI info [testhub:request-queue-handler]  [sathishponnusamy_yQ8Y0R]  [yeqzw2uopn6qst6jsqublmljm0jnqwsk9avxmtvz]  [aae1058f-e7c8-4310-a48f-6eb5bff610e2]  Processing batch event [
  {
    event_type: 'CBTSessionCreated',
    test_run: {
      uuid: '1ad37c20-0d36-47a5-9739-c491b146c4b1',
      integrations: [Object]
    }
  }
] to 39128:0
2025-11-15T09:48:48.949Z CLI info  [sathishponnusamy_yQ8Y0R]  [yeqzw2uopn6qst6jsqublmljm0jnqwsk9avxmtvz]  [aae1058f-e7c8-4310-a48f-6eb5bff610e2]  [PRODUCTION] Making POST request to https://collector-observability.browserstack.com
2025-11-15T09:48:52.008Z CLI info [testhub:request-queue-handler]  [sathishponnusamy_yQ8Y0R]  [yeqzw2uopn6qst6jsqublmljm0jnqwsk9avxmtvz]  [aae1058f-e7c8-4310-a48f-6eb5bff610e2]  Added the event {
  event_type: 'TestRunFinished',
  test_run: {
    type: 'test',
    framework: 'Cucumber-TestNG',
    uuid: '1ad37c20-0d36-47a5-9739-c491b146c4b1',
    name: 'Unsuccessful login with invalid or empty credentials',
    body: {
      lang: 'java',
      code: 'public void io.cucumber.testng.AbstractTestNGCucumberTests.runScenario(io.cucumber.testng.PickleWrapper,io.cucumber.testng.FeatureWrapper)'
    },
    identifier: 'Unsuccessful login with invalid or empty credentials',
    scope: 'Unsuccessful login with invalid or empty credentials',
    scopes: [ 'Login Functionality for OpenCart E-Commerce Website' ],
    file_name: 'SeleniumTestNG/src/test/resources/features/loginpage.feature',
    vc_filepath: 'SeleniumTestNG/src/test/resources/features/loginpage.feature',
    location: 'SeleniumTestNG/src/test/resources/features/loginpage.feature',
    meta: {
      data_provider_name: 'scenarios',
      feature: [Object],
      scenario: [Object],
      steps: [Array],
      examples: [Array]
    },
    result: 'failed',
    duration_in_ms: 118288,
    started_at: '2025-11-15T09:46:53.716Z',
    finished_at: '2025-11-15T09:48:52.004Z',
    failure: [ [Object] ],
    failure_type: 'UnhandledError',
    failure_reason: "java.lang.ClassCastException: class java.util.LinkedHashMap cannot be cast to class org.openqa.selenium.WebElement (java.util.LinkedHashMap is in module java.base of loader 'bootstrap'; org.openqa.selenium.WebElement is in unnamed module of loader 'app')",
    retry_of: null,
    custom_metadata: {},
    tags: [],
    customRerunParam: { rerun_name: 'SeleniumTestNG-2' },
    hooks: [],
    product_map: {
      observability: true,
      accessibility: false,
      percy: false,
      automate: true,
      app_automate: false
    }
  },
  logs: []
} to 39128:0
2025-11-15T09:48:52.033Z CLI info [testhub:request-queue-handler]  [sathishponnusamy_yQ8Y0R]  [yeqzw2uopn6qst6jsqublmljm0jnqwsk9avxmtvz]  [aae1058f-e7c8-4310-a48f-6eb5bff610e2]  Added the event {
  event_type: 'CBTSessionCreated',
  test_run: {
    uuid: '198fbb8f-1a49-4aa4-9b93-3138f1a70589',
    integrations: { browserstack: [Object] }
  }
} to 39128:0
2025-11-15T09:48:52.314Z CLI info [testhub:request-queue-handler]  [sathishponnusamy_yQ8Y0R]  [yeqzw2uopn6qst6jsqublmljm0jnqwsk9avxmtvz]  [aae1058f-e7c8-4310-a48f-6eb5bff610e2]  Added the event {
  event_type: 'TestRunStarted',
  test_run: {
    type: 'test',
    framework: 'Cucumber-TestNG',
    uuid: '198fbb8f-1a49-4aa4-9b93-3138f1a70589',
    name: 'Unsuccessful login with invalid or empty credentials',
    body: {
      lang: 'java',
      code: 'public void io.cucumber.testng.AbstractTestNGCucumberTests.runScenario(io.cucumber.testng.PickleWrapper,io.cucumber.testng.FeatureWrapper)'
    },
    identifier: 'Unsuccessful login with invalid or empty credentials',
    scope: 'Unsuccessful login with invalid or empty credentials',
    scopes: [ 'Login Functionality for OpenCart E-Commerce Website' ],
    file_name: 'SeleniumTestNG/src/test/resources/features/loginpage.feature',
    vc_filepath: 'SeleniumTestNG/src/test/resources/features/loginpage.feature',
    location: 'SeleniumTestNG/src/test/resources/features/loginpage.feature',
    meta: {
      data_provider_name: 'scenarios',
      feature: [Object],
      scenario: [Object],
      examples: [Array]
    },
    result: 'failed',
    duration_in_ms: null,
    started_at: '2025-11-15T09:48:52.030Z',
    finished_at: '2025-11-15T09:48:52.004Z',
    failure: [ [Object] ],
    failure_type: 'UnhandledError',
    failure_reason: "java.lang.ClassCastException: class java.util.LinkedHashMap cannot be cast to class org.openqa.selenium.WebElement (java.util.LinkedHashMap is in module java.base of loader 'bootstrap'; org.openqa.selenium.WebElement is in unnamed module of loader 'app')",
    retry_of: null,
    custom_metadata: {},
    tags: [],
    customRerunParam: { rerun_name: 'SeleniumTestNG-2' },
    hooks: [],
    product_map: {
      observability: true,
      accessibility: false,
      percy: false,
      automate: true,
      app_automate: false
    }
  },
  logs: []
} to 39128:0
2025-11-15T09:48:52.325Z CLI info [testhub:request-queue-handler]  [sathishponnusamy_yQ8Y0R]  [yeqzw2uopn6qst6jsqublmljm0jnqwsk9avxmtvz]  [aae1058f-e7c8-4310-a48f-6eb5bff610e2]  Added the event {
  event_type: 'CBTSessionCreated',
  test_run: {
    uuid: '198fbb8f-1a49-4aa4-9b93-3138f1a70589',
    integrations: { browserstack: [Object] }
  }
} to 39128:0
2025-11-15T09:48:52.950Z CLI info [testhub:request-queue-handler]  [sathishponnusamy_yQ8Y0R]  [yeqzw2uopn6qst6jsqublmljm0jnqwsk9avxmtvz]  [aae1058f-e7c8-4310-a48f-6eb5bff610e2]  Processing batch event [
  {
    event_type: 'TestRunFinished',
    test_run: {
      type: 'test',
      framework: 'Cucumber-TestNG',
      uuid: '1ad37c20-0d36-47a5-9739-c491b146c4b1',
      name: 'Unsuccessful login with invalid or empty credentials',
      body: [Object],
      identifier: 'Unsuccessful login with invalid or empty credentials',
      scope: 'Unsuccessful login with invalid or empty credentials',
      scopes: [Array],
      file_name: 'SeleniumTestNG/src/test/resources/features/loginpage.feature',
      vc_filepath: 'SeleniumTestNG/src/test/resources/features/loginpage.feature',
      location: 'SeleniumTestNG/src/test/resources/features/loginpage.feature',
      meta: [Object],
      result: 'failed',
      duration_in_ms: 118288,
      started_at: '2025-11-15T09:46:53.716Z',
      finished_at: '2025-11-15T09:48:52.004Z',
      failure: [Array],
      failure_type: 'UnhandledError',
      failure_reason: "java.lang.ClassCastException: class java.util.LinkedHashMap cannot be cast to class org.openqa.selenium.WebElement (java.util.LinkedHashMap is in module java.base of loader 'bootstrap'; org.openqa.selenium.WebElement is in unnamed module of loader 'app')",
      retry_of: null,
      custom_metadata: {},
      tags: [],
      customRerunParam: [Object],
      hooks: [],
      product_map: [Object]
    },
    logs: []
  },
  {
    event_type: 'CBTSessionCreated',
    test_run: {
      uuid: '198fbb8f-1a49-4aa4-9b93-3138f1a70589',
      integrations: [Object]
    }
  },
  {
    event_type: 'TestRunStarted',
    test_run: {
      type: 'test',
      framework: 'Cucumber-TestNG',
      uuid: '198fbb8f-1a49-4aa4-9b93-3138f1a70589',
      name: 'Unsuccessful login with invalid or empty credentials',
      body: [Object],
      identifier: 'Unsuccessful login with invalid or empty credentials',
      scope: 'Unsuccessful login with invalid or empty credentials',
      scopes: [Array],
      file_name: 'SeleniumTestNG/src/test/resources/features/loginpage.feature',
      vc_filepath: 'SeleniumTestNG/src/test/resources/features/loginpage.feature',
      location: 'SeleniumTestNG/src/test/resources/features/loginpage.feature',
      meta: [Object],
      result: 'failed',
      duration_in_ms: null,
      started_at: '2025-11-15T09:48:52.030Z',
      finished_at: '2025-11-15T09:48:52.004Z',
      failure: [Array],
      failure_type: 'UnhandledError',
      failure_reason: "java.lang.ClassCastException: class java.util.LinkedHashMap cannot be cast to class org.openqa.selenium.WebElement (java.util.LinkedHashMap is in module java.base of loader 'bootstrap'; org.openqa.selenium.WebElement is in unnamed module of loader 'app')",
      retry_of: null,
      custom_metadata: {},
      tags: [],
      customRerunParam: [Object],
      hooks: [],
      product_map: [Object]
    },
    logs: []
  },
  {
    event_type: 'CBTSessionCreated',
    test_run: {
      uuid: '198fbb8f-1a49-4aa4-9b93-3138f1a70589',
      integrations: [Object]
    }
  }
] to 39128:0
2025-11-15T09:48:52.952Z CLI info  [sathishponnusamy_yQ8Y0R]  [yeqzw2uopn6qst6jsqublmljm0jnqwsk9avxmtvz]  [aae1058f-e7c8-4310-a48f-6eb5bff610e2]  [PRODUCTION] Making POST request to https://collector-observability.browserstack.com
2025-11-15T09:48:53.048Z CLI info [testhub:request-queue-handler]  [sathishponnusamy_yQ8Y0R]  [yeqzw2uopn6qst6jsqublmljm0jnqwsk9avxmtvz]  [aae1058f-e7c8-4310-a48f-6eb5bff610e2]  Added the event {
  event_type: 'CBTSessionCreated',
  test_run: {
    uuid: '198fbb8f-1a49-4aa4-9b93-3138f1a70589',
    integrations: { browserstack: [Object] }
  }
} to 39128:0
2025-11-15T09:48:54.477Z CLI info [sdk:service]  [sathishponnusamy_yQ8Y0R]  [yeqzw2uopn6qst6jsqublmljm0jnqwsk9avxmtvz]  [aae1058f-e7c8-4310-a48f-6eb5bff610e2]  Driver initialized as primary driver: platformIndex=2
2025-11-15T09:48:54.952Z CLI info [testhub:request-queue-handler]  [sathishponnusamy_yQ8Y0R]  [yeqzw2uopn6qst6jsqublmljm0jnqwsk9avxmtvz]  [aae1058f-e7c8-4310-a48f-6eb5bff610e2]  Processing batch event [
  {
    event_type: 'CBTSessionCreated',
    test_run: {
      uuid: '198fbb8f-1a49-4aa4-9b93-3138f1a70589',
      integrations: [Object]
    }
  }
] to 39128:0
2025-11-15T09:48:54.957Z CLI info  [sathishponnusamy_yQ8Y0R]  [yeqzw2uopn6qst6jsqublmljm0jnqwsk9avxmtvz]  [aae1058f-e7c8-4310-a48f-6eb5bff610e2]  [PRODUCTION] Making POST request to https://collector-observability.browserstack.com
2025-11-15T09:48:55.114Z CLI info [main]  [sathishponnusamy_yQ8Y0R]  [yeqzw2uopn6qst6jsqublmljm0jnqwsk9avxmtvz]  [aae1058f-e7c8-4310-a48f-6eb5bff610e2]  Received graceful signal termination, performing cleanup
2025-11-15T09:48:55.317Z CLI info  [sathishponnusamy_yQ8Y0R]  [yeqzw2uopn6qst6jsqublmljm0jnqwsk9avxmtvz]  [aae1058f-e7c8-4310-a48f-6eb5bff610e2]  [PRODUCTION] Making PUT request to https://collector-observability.browserstack.com
2025-11-15T09:48:55.927Z CLI info  [sathishponnusamy_yQ8Y0R]  [yeqzw2uopn6qst6jsqublmljm0jnqwsk9avxmtvz]  [aae1058f-e7c8-4310-a48f-6eb5bff610e2]  [PRODUCTION] Making PUT request to https://collector-observability.browserstack.com
2025-11-15T09:48:55.929Z CLI info [testhub:module]  [sathishponnusamy_yQ8Y0R]  [yeqzw2uopn6qst6jsqublmljm0jnqwsk9avxmtvz]  [aae1058f-e7c8-4310-a48f-6eb5bff610e2]  stopBuild: yeqzw2uopn6qst6jsqublmljm0jnqwsk9avxmtvz request={"finished_at":"2025-11-15T09:48:55.115Z","finished_metadata":[],"custom_metadata":null} response={"data":""}
2025-11-15T09:48:56.211Z CLI error [core:http]  [sathishponnusamy_yQ8Y0R]  [yeqzw2uopn6qst6jsqublmljm0jnqwsk9avxmtvz]  [aae1058f-e7c8-4310-a48f-6eb5bff610e2]  Failed queued request: PUT api/v2/builds/yeqzw2uopn6qst6jsqublmljm0jnqwsk9avxmtvz/stop Response code 401 (Unauthorized)
2025-11-15T09:48:56.212Z CLI error [testhub:module]  [sathishponnusamy_yQ8Y0R]  [yeqzw2uopn6qst6jsqublmljm0jnqwsk9avxmtvz]  [aae1058f-e7c8-4310-a48f-6eb5bff610e2]  stopBuild: request={"finished_at":"2025-11-15T09:48:55.135Z","finished_metadata":[],"custom_metadata":{}} error=HTTPError: Response code 401 (Unauthorized)
    at _0x2bb04a.<anonymous> (/snapshot/browserstack-binary/cli/dist/index.js)
    at process.processTicksAndRejections (node:internal/process/task_queues:95:5)
2025-11-15T09:48:56.212Z CLI error  [sathishponnusamy_yQ8Y0R]  [yeqzw2uopn6qst6jsqublmljm0jnqwsk9avxmtvz]  [aae1058f-e7c8-4310-a48f-6eb5bff610e2]  error invoking callback for eventName: {"name":"HTTPError","code":"ERR_NON_2XX_3XX_RESPONSE","timings":{"start":1763200135930,"socket":1763200135938,"lookup":1763200135938,"connect":1763200136025,"secureConnect":1763200136119,"upload":1763200136119,"response":1763200136207,"end":1763200136208,"phases":{"wait":8,"dns":0,"tcp":87,"tls":94,"request":0,"firstByte":88,"download":1,"total":278}}}
2025-11-15T09:48:56.212Z CLI error  [sathishponnusamy_yQ8Y0R]  [yeqzw2uopn6qst6jsqublmljm0jnqwsk9avxmtvz]  [aae1058f-e7c8-4310-a48f-6eb5bff610e2]  HTTPError: Response code 401 (Unauthorized)
    at _0x2bb04a.<anonymous> (/snapshot/browserstack-binary/cli/dist/index.js)
    at process.processTicksAndRejections (node:internal/process/task_queues:95:5)
2025-11-15T09:48:56.214Z CLI info  [sathishponnusamy_yQ8Y0R]  [yeqzw2uopn6qst6jsqublmljm0jnqwsk9avxmtvz]  [aae1058f-e7c8-4310-a48f-6eb5bff610e2]  [PRODUCTION] Making POST request to https://api.browserstack.com
2025-11-15T09:48:56.218Z CLI info [TEST REPORTING AND ANALYTICS:module]  [sathishponnusamy_yQ8Y0R]  [yeqzw2uopn6qst6jsqublmljm0jnqwsk9avxmtvz]  [aae1058f-e7c8-4310-a48f-6eb5bff610e2]  Visit https://automation.browserstack.com/builds/yeqzw2uopn6qst6jsqublmljm0jnqwsk9avxmtvz to view build report, insights, and many more debugging information all at one place!
2025-11-16T08:16:34.549Z CLI info [main]     Server listening on port: 5400
2025-11-16T08:16:34.996Z CLI info     Config : {"userName":"sathishponnusamy_yQ8Y0R","accessKey":"yyxPBXzPZhsqhzuNmPGs","projectName":"SeleniumTestNG","buildName":"browserstack build","buildIdentifier":"#${BUILD_NUMBER}","platforms":[{"os":"OS X","osVersion":"Big Sur","browserName":"Chrome","browserVersion":"latest"},{"os":"Windows","osVersion":"10","browserName":"Edge","browserVersion":"latest"},{"deviceName":"Samsung Galaxy S22 Ultra","browserName":"chrome","osVersion":"12.0"}],"parallelsPerPlatform":1,"source":"java:intellij:2.0.0-IC","browserstackLocal":true,"debug":false,"networkLogs":false,"consoleLogs":"errors"}
2025-11-16T08:16:35.038Z CLI info [testhub:module]  [sathishponnusamy_yQ8Y0R]   [83239fcc-cf94-453d-886d-9723c194e567]  Starting testhub from 49630:0
2025-11-16T08:16:35.039Z CLI info  [sathishponnusamy_yQ8Y0R]   [83239fcc-cf94-453d-886d-9723c194e567]  [PRODUCTION] Making POST request to https://sdk.browserstack.com
2025-11-16T08:16:35.854Z CLI info [testhub:module]  [sathishponnusamy_yQ8Y0R]   [83239fcc-cf94-453d-886d-9723c194e567]  startBuild: response=jzyrvil3tvd6e1vgoc6pyjnpjnjuidhoxb3fzahx
2025-11-16T08:16:35.856Z CLI info  [sathishponnusamy_yQ8Y0R]  [jzyrvil3tvd6e1vgoc6pyjnpjnjuidhoxb3fzahx]  [83239fcc-cf94-453d-886d-9723c194e567]  [PRODUCTION] Making POST request to https://api.browserstack.com
2025-11-16T08:16:39.277Z CLI info  [sathishponnusamy_yQ8Y0R]  [jzyrvil3tvd6e1vgoc6pyjnpjnjuidhoxb3fzahx]  [83239fcc-cf94-453d-886d-9723c194e567]  [PRODUCTION] Making GET request to https://hub.browserstack.com
2025-11-16T08:16:39.372Z CLI info  [sathishponnusamy_yQ8Y0R]  [jzyrvil3tvd6e1vgoc6pyjnpjnjuidhoxb3fzahx]  [83239fcc-cf94-453d-886d-9723c194e567]  [PRODUCTION] Making GET request to https://hub-euw.browserstack.com
2025-11-16T08:16:39.450Z CLI info  [sathishponnusamy_yQ8Y0R]  [jzyrvil3tvd6e1vgoc6pyjnpjnjuidhoxb3fzahx]  [83239fcc-cf94-453d-886d-9723c194e567]  [PRODUCTION] Making GET request to https://hub-use.browserstack.com
2025-11-16T08:16:39.840Z CLI info  [sathishponnusamy_yQ8Y0R]  [jzyrvil3tvd6e1vgoc6pyjnpjnjuidhoxb3fzahx]  [83239fcc-cf94-453d-886d-9723c194e567]  [PRODUCTION] Making GET request to https://hub-aps.browserstack.com
2025-11-16T08:16:43.144Z CLI info [testhub:request-queue-handler]  [sathishponnusamy_yQ8Y0R]  [jzyrvil3tvd6e1vgoc6pyjnpjnjuidhoxb3fzahx]  [83239fcc-cf94-453d-886d-9723c194e567]  Added the event {
  event_type: 'HookRunStarted',
  hook_run: {
    type: 'hook',
    hook_type: 'BEFORE_CLASS',
    framework: 'Cucumber-TestNG',
    uuid: 'ff4d6ac0-066b-4843-93f3-6a9b78e0a1d8',
    name: 'setUpClass',
    result: 'pending',
    test_run_id: 'b1f7a861-dbd0-4cc8-9035-5c048675553f',
    body: { lang: 'java', code: null },
    scope: 'Default Suite.runner.TestRunner',
    custom_metadata: {},
    tags: [],
    scopes: [ 'Default Suite', 'runner.TestRunner' ],
    file_name: 'SeleniumTestNG/src/test/java/runner/TestRunner.java',
    vc_filepath: 'SeleniumTestNG/src/test/java/runner/TestRunner.java',
    location: 'SeleniumTestNG/src/test/java/runner/TestRunner.java',
    started_at: '2025-11-16T08:16:43.117Z'
  },
  logs: []
} to 49630:0
2025-11-16T08:16:43.146Z CLI info [testhub:request-queue-handler]  [sathishponnusamy_yQ8Y0R]  [jzyrvil3tvd6e1vgoc6pyjnpjnjuidhoxb3fzahx]  [83239fcc-cf94-453d-886d-9723c194e567]  Added the event {
  event_type: 'HookRunStarted',
  hook_run: {
    type: 'hook',
    hook_type: 'BEFORE_CLASS',
    framework: 'Cucumber-TestNG',
    uuid: 'c4649e0a-4169-445c-9847-df58c9a3ef7f',
    name: 'setUpClass',
    result: 'pending',
    test_run_id: '53fc1671-7d29-4eb4-b0dc-8c0f4ac56d8d',
    body: { lang: 'java', code: null },
    scope: 'Default Suite.runner.TestRunner',
    custom_metadata: {},
    tags: [],
    scopes: [ 'Default Suite', 'runner.TestRunner' ],
    file_name: 'SeleniumTestNG/src/test/java/runner/TestRunner.java',
    vc_filepath: 'SeleniumTestNG/src/test/java/runner/TestRunner.java',
    location: 'SeleniumTestNG/src/test/java/runner/TestRunner.java',
    started_at: '2025-11-16T08:16:43.117Z'
  },
  logs: []
} to 49630:0
2025-11-16T08:16:43.148Z CLI info [testhub:request-queue-handler]  [sathishponnusamy_yQ8Y0R]  [jzyrvil3tvd6e1vgoc6pyjnpjnjuidhoxb3fzahx]  [83239fcc-cf94-453d-886d-9723c194e567]  Added the event {
  event_type: 'HookRunStarted',
  hook_run: {
    type: 'hook',
    hook_type: 'BEFORE_CLASS',
    framework: 'Cucumber-TestNG',
    uuid: '99f9f07a-8686-4cab-aae0-b04bc64c8771',
    name: 'setUpClass',
    result: 'pending',
    test_run_id: '2b4c7d4f-4a4b-45d2-b30c-470e1c6356fa',
    body: { lang: 'java', code: null },
    scope: 'Default Suite.runner.TestRunner',
    custom_metadata: {},
    tags: [],
    scopes: [ 'Default Suite', 'runner.TestRunner' ],
    file_name: 'SeleniumTestNG/src/test/java/runner/TestRunner.java',
    vc_filepath: 'SeleniumTestNG/src/test/java/runner/TestRunner.java',
    location: 'SeleniumTestNG/src/test/java/runner/TestRunner.java',
    started_at: '2025-11-16T08:16:43.117Z'
  },
  logs: []
} to 49630:0
2025-11-16T08:16:43.859Z CLI info [testhub:request-queue-handler]  [sathishponnusamy_yQ8Y0R]  [jzyrvil3tvd6e1vgoc6pyjnpjnjuidhoxb3fzahx]  [83239fcc-cf94-453d-886d-9723c194e567]  Processing batch event [
  {
    event_type: 'HookRunStarted',
    hook_run: {
      type: 'hook',
      hook_type: 'BEFORE_CLASS',
      framework: 'Cucumber-TestNG',
      uuid: 'ff4d6ac0-066b-4843-93f3-6a9b78e0a1d8',
      name: 'setUpClass',
      result: 'pending',
      test_run_id: 'b1f7a861-dbd0-4cc8-9035-5c048675553f',
      body: [Object],
      scope: 'Default Suite.runner.TestRunner',
      custom_metadata: {},
      tags: [],
      scopes: [Array],
      file_name: 'SeleniumTestNG/src/test/java/runner/TestRunner.java',
      vc_filepath: 'SeleniumTestNG/src/test/java/runner/TestRunner.java',
      location: 'SeleniumTestNG/src/test/java/runner/TestRunner.java',
      started_at: '2025-11-16T08:16:43.117Z'
    },
    logs: []
  },
  {
    event_type: 'HookRunStarted',
    hook_run: {
      type: 'hook',
      hook_type: 'BEFORE_CLASS',
      framework: 'Cucumber-TestNG',
      uuid: 'c4649e0a-4169-445c-9847-df58c9a3ef7f',
      name: 'setUpClass',
      result: 'pending',
      test_run_id: '53fc1671-7d29-4eb4-b0dc-8c0f4ac56d8d',
      body: [Object],
      scope: 'Default Suite.runner.TestRunner',
      custom_metadata: {},
      tags: [],
      scopes: [Array],
      file_name: 'SeleniumTestNG/src/test/java/runner/TestRunner.java',
      vc_filepath: 'SeleniumTestNG/src/test/java/runner/TestRunner.java',
      location: 'SeleniumTestNG/src/test/java/runner/TestRunner.java',
      started_at: '2025-11-16T08:16:43.117Z'
    },
    logs: []
  },
  {
    event_type: 'HookRunStarted',
    hook_run: {
      type: 'hook',
      hook_type: 'BEFORE_CLASS',
      framework: 'Cucumber-TestNG',
      uuid: '99f9f07a-8686-4cab-aae0-b04bc64c8771',
      name: 'setUpClass',
      result: 'pending',
      test_run_id: '2b4c7d4f-4a4b-45d2-b30c-470e1c6356fa',
      body: [Object],
      scope: 'Default Suite.runner.TestRunner',
      custom_metadata: {},
      tags: [],
      scopes: [Array],
      file_name: 'SeleniumTestNG/src/test/java/runner/TestRunner.java',
      vc_filepath: 'SeleniumTestNG/src/test/java/runner/TestRunner.java',
      location: 'SeleniumTestNG/src/test/java/runner/TestRunner.java',
      started_at: '2025-11-16T08:16:43.117Z'
    },
    logs: []
  }
] to 49630:0
2025-11-16T08:16:43.860Z CLI info  [sathishponnusamy_yQ8Y0R]  [jzyrvil3tvd6e1vgoc6pyjnpjnjuidhoxb3fzahx]  [83239fcc-cf94-453d-886d-9723c194e567]  [PRODUCTION] Making POST request to https://collector-observability.browserstack.com
2025-11-16T08:16:44.388Z CLI info [testhub:request-queue-handler]  [sathishponnusamy_yQ8Y0R]  [jzyrvil3tvd6e1vgoc6pyjnpjnjuidhoxb3fzahx]  [83239fcc-cf94-453d-886d-9723c194e567]  Added the event {
  event_type: 'HookRunFinished',
  hook_run: {
    type: 'hook',
    hook_type: 'BEFORE_CLASS',
    framework: 'Cucumber-TestNG',
    uuid: 'ff4d6ac0-066b-4843-93f3-6a9b78e0a1d8',
    name: 'setUpClass',
    result: 'passed',
    test_run_id: 'b1f7a861-dbd0-4cc8-9035-5c048675553f',
    body: { lang: 'java', code: null },
    scope: 'Default Suite.runner.TestRunner',
    custom_metadata: {},
    tags: [],
    scopes: [ 'Default Suite', 'runner.TestRunner' ],
    file_name: 'SeleniumTestNG/src/test/java/runner/TestRunner.java',
    vc_filepath: 'SeleniumTestNG/src/test/java/runner/TestRunner.java',
    location: 'SeleniumTestNG/src/test/java/runner/TestRunner.java',
    started_at: '2025-11-16T08:16:43.117Z',
    finished_at: '2025-11-16T08:16:44.381Z'
  },
  logs: []
} to 49630:0
2025-11-16T08:16:44.390Z CLI info [testhub:request-queue-handler]  [sathishponnusamy_yQ8Y0R]  [jzyrvil3tvd6e1vgoc6pyjnpjnjuidhoxb3fzahx]  [83239fcc-cf94-453d-886d-9723c194e567]  Added the event {
  event_type: 'HookRunFinished',
  hook_run: {
    type: 'hook',
    hook_type: 'BEFORE_CLASS',
    framework: 'Cucumber-TestNG',
    uuid: 'c4649e0a-4169-445c-9847-df58c9a3ef7f',
    name: 'setUpClass',
    result: 'passed',
    test_run_id: '53fc1671-7d29-4eb4-b0dc-8c0f4ac56d8d',
    body: { lang: 'java', code: null },
    scope: 'Default Suite.runner.TestRunner',
    custom_metadata: {},
    tags: [],
    scopes: [ 'Default Suite', 'runner.TestRunner' ],
    file_name: 'SeleniumTestNG/src/test/java/runner/TestRunner.java',
    vc_filepath: 'SeleniumTestNG/src/test/java/runner/TestRunner.java',
    location: 'SeleniumTestNG/src/test/java/runner/TestRunner.java',
    started_at: '2025-11-16T08:16:43.117Z',
    finished_at: '2025-11-16T08:16:44.382Z'
  },
  logs: []
} to 49630:0
2025-11-16T08:16:44.390Z CLI info [testhub:request-queue-handler]  [sathishponnusamy_yQ8Y0R]  [jzyrvil3tvd6e1vgoc6pyjnpjnjuidhoxb3fzahx]  [83239fcc-cf94-453d-886d-9723c194e567]  Added the event {
  event_type: 'HookRunFinished',
  hook_run: {
    type: 'hook',
    hook_type: 'BEFORE_CLASS',
    framework: 'Cucumber-TestNG',
    uuid: '99f9f07a-8686-4cab-aae0-b04bc64c8771',
    name: 'setUpClass',
    result: 'passed',
    test_run_id: '2b4c7d4f-4a4b-45d2-b30c-470e1c6356fa',
    body: { lang: 'java', code: null },
    scope: 'Default Suite.runner.TestRunner',
    custom_metadata: {},
    tags: [],
    scopes: [ 'Default Suite', 'runner.TestRunner' ],
    file_name: 'SeleniumTestNG/src/test/java/runner/TestRunner.java',
    vc_filepath: 'SeleniumTestNG/src/test/java/runner/TestRunner.java',
    location: 'SeleniumTestNG/src/test/java/runner/TestRunner.java',
    started_at: '2025-11-16T08:16:43.117Z',
    finished_at: '2025-11-16T08:16:44.382Z'
  },
  logs: []
} to 49630:0
2025-11-16T08:16:44.834Z CLI info [testhub:request-queue-handler]  [sathishponnusamy_yQ8Y0R]  [jzyrvil3tvd6e1vgoc6pyjnpjnjuidhoxb3fzahx]  [83239fcc-cf94-453d-886d-9723c194e567]  Added the event {
  event_type: 'TestRunStarted',
  test_run: {
    type: 'test',
    framework: 'Cucumber-TestNG',
    uuid: '731c0ea7-c2a1-418b-aef5-bb129bf2c8ce',
    name: 'Successful login with valid credentials',
    body: {
      lang: 'java',
      code: 'public void io.cucumber.testng.AbstractTestNGCucumberTests.runScenario(io.cucumber.testng.PickleWrapper,io.cucumber.testng.FeatureWrapper)'
    },
    identifier: 'Successful login with valid credentials',
    scope: 'Successful login with valid credentials',
    scopes: [ 'Login Functionality for OpenCart E-Commerce Website' ],
    file_name: 'SeleniumTestNG/src/test/resources/features/loginpage.feature',
    vc_filepath: 'SeleniumTestNG/src/test/resources/features/loginpage.feature',
    location: 'SeleniumTestNG/src/test/resources/features/loginpage.feature',
    meta: {
      data_provider_name: 'scenarios',
      feature: [Object],
      scenario: [Object]
    },
    result: 'pending',
    duration_in_ms: null,
    started_at: '2025-11-16T08:16:44.425Z',
    failure: undefined,
    failure_type: undefined,
    failure_reason: undefined,
    retry_of: null,
    custom_metadata: {},
    tags: [],
    customRerunParam: { rerun_name: 'SeleniumTestNG-0' },
    hooks: [],
    product_map: {
      observability: true,
      accessibility: false,
      percy: false,
      automate: true,
      app_automate: false
    }
  },
  logs: []
} to 49630:0
2025-11-16T08:16:44.836Z CLI info [testhub:request-queue-handler]  [sathishponnusamy_yQ8Y0R]  [jzyrvil3tvd6e1vgoc6pyjnpjnjuidhoxb3fzahx]  [83239fcc-cf94-453d-886d-9723c194e567]  Added the event {
  event_type: 'TestRunStarted',
  test_run: {
    type: 'test',
    framework: 'Cucumber-TestNG',
    uuid: '2b71193a-6a17-40e5-83db-f9c219d3ba59',
    name: 'Successful login with valid credentials',
    body: {
      lang: 'java',
      code: 'public void io.cucumber.testng.AbstractTestNGCucumberTests.runScenario(io.cucumber.testng.PickleWrapper,io.cucumber.testng.FeatureWrapper)'
    },
    identifier: 'Successful login with valid credentials',
    scope: 'Successful login with valid credentials',
    scopes: [ 'Login Functionality for OpenCart E-Commerce Website' ],
    file_name: 'SeleniumTestNG/src/test/resources/features/loginpage.feature',
    vc_filepath: 'SeleniumTestNG/src/test/resources/features/loginpage.feature',
    location: 'SeleniumTestNG/src/test/resources/features/loginpage.feature',
    meta: {
      data_provider_name: 'scenarios',
      feature: [Object],
      scenario: [Object]
    },
    result: 'pending',
    duration_in_ms: null,
    started_at: '2025-11-16T08:16:44.425Z',
    failure: undefined,
    failure_type: undefined,
    failure_reason: undefined,
    retry_of: null,
    custom_metadata: {},
    tags: [],
    customRerunParam: { rerun_name: 'SeleniumTestNG-2' },
    hooks: [],
    product_map: {
      observability: true,
      accessibility: false,
      percy: false,
      automate: true,
      app_automate: false
    }
  },
  logs: []
} to 49630:0
2025-11-16T08:16:45.059Z CLI info [testhub:request-queue-handler]  [sathishponnusamy_yQ8Y0R]  [jzyrvil3tvd6e1vgoc6pyjnpjnjuidhoxb3fzahx]  [83239fcc-cf94-453d-886d-9723c194e567]  Added the event {
  event_type: 'TestRunStarted',
  test_run: {
    type: 'test',
    framework: 'Cucumber-TestNG',
    uuid: '47f8fd93-fd5a-4b77-b5e8-be70bd3c1126',
    name: 'Successful login with valid credentials',
    body: {
      lang: 'java',
      code: 'public void io.cucumber.testng.AbstractTestNGCucumberTests.runScenario(io.cucumber.testng.PickleWrapper,io.cucumber.testng.FeatureWrapper)'
    },
    identifier: 'Successful login with valid credentials',
    scope: 'Successful login with valid credentials',
    scopes: [ 'Login Functionality for OpenCart E-Commerce Website' ],
    file_name: 'SeleniumTestNG/src/test/resources/features/loginpage.feature',
    vc_filepath: 'SeleniumTestNG/src/test/resources/features/loginpage.feature',
    location: 'SeleniumTestNG/src/test/resources/features/loginpage.feature',
    meta: {
      data_provider_name: 'scenarios',
      feature: [Object],
      scenario: [Object]
    },
    result: 'pending',
    duration_in_ms: null,
    started_at: '2025-11-16T08:16:44.424Z',
    failure: undefined,
    failure_type: undefined,
    failure_reason: undefined,
    retry_of: null,
    custom_metadata: {},
    tags: [],
    customRerunParam: { rerun_name: 'SeleniumTestNG-1' },
    hooks: [],
    product_map: {
      observability: true,
      accessibility: false,
      percy: false,
      automate: true,
      app_automate: false
    }
  },
  logs: []
} to 49630:0
2025-11-16T08:16:45.858Z CLI info [testhub:request-queue-handler]  [sathishponnusamy_yQ8Y0R]  [jzyrvil3tvd6e1vgoc6pyjnpjnjuidhoxb3fzahx]  [83239fcc-cf94-453d-886d-9723c194e567]  Processing batch event [
  {
    event_type: 'HookRunFinished',
    hook_run: {
      type: 'hook',
      hook_type: 'BEFORE_CLASS',
      framework: 'Cucumber-TestNG',
      uuid: 'ff4d6ac0-066b-4843-93f3-6a9b78e0a1d8',
      name: 'setUpClass',
      result: 'passed',
      test_run_id: 'b1f7a861-dbd0-4cc8-9035-5c048675553f',
      body: [Object],
      scope: 'Default Suite.runner.TestRunner',
      custom_metadata: {},
      tags: [],
      scopes: [Array],
      file_name: 'SeleniumTestNG/src/test/java/runner/TestRunner.java',
      vc_filepath: 'SeleniumTestNG/src/test/java/runner/TestRunner.java',
      location: 'SeleniumTestNG/src/test/java/runner/TestRunner.java',
      started_at: '2025-11-16T08:16:43.117Z',
      finished_at: '2025-11-16T08:16:44.381Z'
    },
    logs: []
  },
  {
    event_type: 'HookRunFinished',
    hook_run: {
      type: 'hook',
      hook_type: 'BEFORE_CLASS',
      framework: 'Cucumber-TestNG',
      uuid: 'c4649e0a-4169-445c-9847-df58c9a3ef7f',
      name: 'setUpClass',
      result: 'passed',
      test_run_id: '53fc1671-7d29-4eb4-b0dc-8c0f4ac56d8d',
      body: [Object],
      scope: 'Default Suite.runner.TestRunner',
      custom_metadata: {},
      tags: [],
      scopes: [Array],
      file_name: 'SeleniumTestNG/src/test/java/runner/TestRunner.java',
      vc_filepath: 'SeleniumTestNG/src/test/java/runner/TestRunner.java',
      location: 'SeleniumTestNG/src/test/java/runner/TestRunner.java',
      started_at: '2025-11-16T08:16:43.117Z',
      finished_at: '2025-11-16T08:16:44.382Z'
    },
    logs: []
  },
  {
    event_type: 'HookRunFinished',
    hook_run: {
      type: 'hook',
      hook_type: 'BEFORE_CLASS',
      framework: 'Cucumber-TestNG',
      uuid: '99f9f07a-8686-4cab-aae0-b04bc64c8771',
      name: 'setUpClass',
      result: 'passed',
      test_run_id: '2b4c7d4f-4a4b-45d2-b30c-470e1c6356fa',
      body: [Object],
      scope: 'Default Suite.runner.TestRunner',
      custom_metadata: {},
      tags: [],
      scopes: [Array],
      file_name: 'SeleniumTestNG/src/test/java/runner/TestRunner.java',
      vc_filepath: 'SeleniumTestNG/src/test/java/runner/TestRunner.java',
      location: 'SeleniumTestNG/src/test/java/runner/TestRunner.java',
      started_at: '2025-11-16T08:16:43.117Z',
      finished_at: '2025-11-16T08:16:44.382Z'
    },
    logs: []
  },
  {
    event_type: 'TestRunStarted',
    test_run: {
      type: 'test',
      framework: 'Cucumber-TestNG',
      uuid: '731c0ea7-c2a1-418b-aef5-bb129bf2c8ce',
      name: 'Successful login with valid credentials',
      body: [Object],
      identifier: 'Successful login with valid credentials',
      scope: 'Successful login with valid credentials',
      scopes: [Array],
      file_name: 'SeleniumTestNG/src/test/resources/features/loginpage.feature',
      vc_filepath: 'SeleniumTestNG/src/test/resources/features/loginpage.feature',
      location: 'SeleniumTestNG/src/test/resources/features/loginpage.feature',
      meta: [Object],
      result: 'pending',
      duration_in_ms: null,
      started_at: '2025-11-16T08:16:44.425Z',
      failure: undefined,
      failure_type: undefined,
      failure_reason: undefined,
      retry_of: null,
      custom_metadata: {},
      tags: [],
      customRerunParam: [Object],
      hooks: [],
      product_map: [Object]
    },
    logs: []
  },
  {
    event_type: 'TestRunStarted',
    test_run: {
      type: 'test',
      framework: 'Cucumber-TestNG',
      uuid: '2b71193a-6a17-40e5-83db-f9c219d3ba59',
      name: 'Successful login with valid credentials',
      body: [Object],
      identifier: 'Successful login with valid credentials',
      scope: 'Successful login with valid credentials',
      scopes: [Array],
      file_name: 'SeleniumTestNG/src/test/resources/features/loginpage.feature',
      vc_filepath: 'SeleniumTestNG/src/test/resources/features/loginpage.feature',
      location: 'SeleniumTestNG/src/test/resources/features/loginpage.feature',
      meta: [Object],
      result: 'pending',
      duration_in_ms: null,
      started_at: '2025-11-16T08:16:44.425Z',
      failure: undefined,
      failure_type: undefined,
      failure_reason: undefined,
      retry_of: null,
      custom_metadata: {},
      tags: [],
      customRerunParam: [Object],
      hooks: [],
      product_map: [Object]
    },
    logs: []
  },
  {
    event_type: 'TestRunStarted',
    test_run: {
      type: 'test',
      framework: 'Cucumber-TestNG',
      uuid: '47f8fd93-fd5a-4b77-b5e8-be70bd3c1126',
      name: 'Successful login with valid credentials',
      body: [Object],
      identifier: 'Successful login with valid credentials',
      scope: 'Successful login with valid credentials',
      scopes: [Array],
      file_name: 'SeleniumTestNG/src/test/resources/features/loginpage.feature',
      vc_filepath: 'SeleniumTestNG/src/test/resources/features/loginpage.feature',
      location: 'SeleniumTestNG/src/test/resources/features/loginpage.feature',
      meta: [Object],
      result: 'pending',
      duration_in_ms: null,
      started_at: '2025-11-16T08:16:44.424Z',
      failure: undefined,
      failure_type: undefined,
      failure_reason: undefined,
      retry_of: null,
      custom_metadata: {},
      tags: [],
      customRerunParam: [Object],
      hooks: [],
      product_map: [Object]
    },
    logs: []
  }
] to 49630:0
2025-11-16T08:16:45.860Z CLI info  [sathishponnusamy_yQ8Y0R]  [jzyrvil3tvd6e1vgoc6pyjnpjnjuidhoxb3fzahx]  [83239fcc-cf94-453d-886d-9723c194e567]  [PRODUCTION] Making POST request to https://collector-observability.browserstack.com
2025-11-16T08:16:46.303Z CLI info [sdk:service]  [sathishponnusamy_yQ8Y0R]  [jzyrvil3tvd6e1vgoc6pyjnpjnjuidhoxb3fzahx]  [83239fcc-cf94-453d-886d-9723c194e567]  Driver initialized as primary driver: platformIndex=0
2025-11-16T08:16:46.447Z CLI info [sdk:service]  [sathishponnusamy_yQ8Y0R]  [jzyrvil3tvd6e1vgoc6pyjnpjnjuidhoxb3fzahx]  [83239fcc-cf94-453d-886d-9723c194e567]  Driver initialized as primary driver: platformIndex=1
2025-11-16T08:16:46.596Z CLI info [sdk:service]  [sathishponnusamy_yQ8Y0R]  [jzyrvil3tvd6e1vgoc6pyjnpjnjuidhoxb3fzahx]  [83239fcc-cf94-453d-886d-9723c194e567]  Driver initialized as primary driver: platformIndex=2
2025-11-16T08:16:55.355Z CLI info [testhub:request-queue-handler]  [sathishponnusamy_yQ8Y0R]  [jzyrvil3tvd6e1vgoc6pyjnpjnjuidhoxb3fzahx]  [83239fcc-cf94-453d-886d-9723c194e567]  Added the event {
  event_type: 'CBTSessionCreated',
  test_run: {
    uuid: '47f8fd93-fd5a-4b77-b5e8-be70bd3c1126',
    integrations: { browserstack: [Object] }
  }
} to 49630:0
2025-11-16T08:16:55.862Z CLI info [testhub:request-queue-handler]  [sathishponnusamy_yQ8Y0R]  [jzyrvil3tvd6e1vgoc6pyjnpjnjuidhoxb3fzahx]  [83239fcc-cf94-453d-886d-9723c194e567]  Processing batch event [
  {
    event_type: 'CBTSessionCreated',
    test_run: {
      uuid: '47f8fd93-fd5a-4b77-b5e8-be70bd3c1126',
      integrations: [Object]
    }
  }
] to 49630:0
2025-11-16T08:16:55.864Z CLI info  [sathishponnusamy_yQ8Y0R]  [jzyrvil3tvd6e1vgoc6pyjnpjnjuidhoxb3fzahx]  [83239fcc-cf94-453d-886d-9723c194e567]  [PRODUCTION] Making POST request to https://collector-observability.browserstack.com
2025-11-16T08:16:55.875Z CLI info [testhub:request-queue-handler]  [sathishponnusamy_yQ8Y0R]  [jzyrvil3tvd6e1vgoc6pyjnpjnjuidhoxb3fzahx]  [83239fcc-cf94-453d-886d-9723c194e567]  Added the event {
  event_type: 'CBTSessionCreated',
  test_run: {
    uuid: '731c0ea7-c2a1-418b-aef5-bb129bf2c8ce',
    integrations: { browserstack: [Object] }
  }
} to 49630:0
2025-11-16T08:16:57.862Z CLI info [testhub:request-queue-handler]  [sathishponnusamy_yQ8Y0R]  [jzyrvil3tvd6e1vgoc6pyjnpjnjuidhoxb3fzahx]  [83239fcc-cf94-453d-886d-9723c194e567]  Processing batch event [
  {
    event_type: 'CBTSessionCreated',
    test_run: {
      uuid: '731c0ea7-c2a1-418b-aef5-bb129bf2c8ce',
      integrations: [Object]
    }
  }
] to 49630:0
2025-11-16T08:16:57.864Z CLI info  [sathishponnusamy_yQ8Y0R]  [jzyrvil3tvd6e1vgoc6pyjnpjnjuidhoxb3fzahx]  [83239fcc-cf94-453d-886d-9723c194e567]  [PRODUCTION] Making POST request to https://collector-observability.browserstack.com
2025-11-16T08:16:59.749Z CLI info [testhub:request-queue-handler]  [sathishponnusamy_yQ8Y0R]  [jzyrvil3tvd6e1vgoc6pyjnpjnjuidhoxb3fzahx]  [83239fcc-cf94-453d-886d-9723c194e567]  Added the event {
  event_type: 'CBTSessionCreated',
  test_run: {
    uuid: '47f8fd93-fd5a-4b77-b5e8-be70bd3c1126',
    integrations: { browserstack: [Object] }
  }
} to 49630:0
2025-11-16T08:16:59.861Z CLI info [testhub:request-queue-handler]  [sathishponnusamy_yQ8Y0R]  [jzyrvil3tvd6e1vgoc6pyjnpjnjuidhoxb3fzahx]  [83239fcc-cf94-453d-886d-9723c194e567]  Processing batch event [
  {
    event_type: 'CBTSessionCreated',
    test_run: {
      uuid: '47f8fd93-fd5a-4b77-b5e8-be70bd3c1126',
      integrations: [Object]
    }
  }
] to 49630:0
2025-11-16T08:16:59.862Z CLI info  [sathishponnusamy_yQ8Y0R]  [jzyrvil3tvd6e1vgoc6pyjnpjnjuidhoxb3fzahx]  [83239fcc-cf94-453d-886d-9723c194e567]  [PRODUCTION] Making POST request to https://collector-observability.browserstack.com
2025-11-16T08:17:01.252Z CLI info [testhub:request-queue-handler]  [sathishponnusamy_yQ8Y0R]  [jzyrvil3tvd6e1vgoc6pyjnpjnjuidhoxb3fzahx]  [83239fcc-cf94-453d-886d-9723c194e567]  Added the event {
  event_type: 'CBTSessionCreated',
  test_run: {
    uuid: '47f8fd93-fd5a-4b77-b5e8-be70bd3c1126',
    integrations: { browserstack: [Object] }
  }
} to 49630:0
2025-11-16T08:17:01.862Z CLI info [testhub:request-queue-handler]  [sathishponnusamy_yQ8Y0R]  [jzyrvil3tvd6e1vgoc6pyjnpjnjuidhoxb3fzahx]  [83239fcc-cf94-453d-886d-9723c194e567]  Processing batch event [
  {
    event_type: 'CBTSessionCreated',
    test_run: {
      uuid: '47f8fd93-fd5a-4b77-b5e8-be70bd3c1126',
      integrations: [Object]
    }
  }
] to 49630:0
2025-11-16T08:17:01.863Z CLI info  [sathishponnusamy_yQ8Y0R]  [jzyrvil3tvd6e1vgoc6pyjnpjnjuidhoxb3fzahx]  [83239fcc-cf94-453d-886d-9723c194e567]  [PRODUCTION] Making POST request to https://collector-observability.browserstack.com
2025-11-16T08:17:01.938Z CLI info [testhub:request-queue-handler]  [sathishponnusamy_yQ8Y0R]  [jzyrvil3tvd6e1vgoc6pyjnpjnjuidhoxb3fzahx]  [83239fcc-cf94-453d-886d-9723c194e567]  Added the event {
  event_type: 'CBTSessionCreated',
  test_run: {
    uuid: '731c0ea7-c2a1-418b-aef5-bb129bf2c8ce',
    integrations: { browserstack: [Object] }
  }
} to 49630:0
2025-11-16T08:17:03.862Z CLI info [testhub:request-queue-handler]  [sathishponnusamy_yQ8Y0R]  [jzyrvil3tvd6e1vgoc6pyjnpjnjuidhoxb3fzahx]  [83239fcc-cf94-453d-886d-9723c194e567]  Processing batch event [
  {
    event_type: 'CBTSessionCreated',
    test_run: {
      uuid: '731c0ea7-c2a1-418b-aef5-bb129bf2c8ce',
      integrations: [Object]
    }
  }
] to 49630:0
2025-11-16T08:17:03.864Z CLI info  [sathishponnusamy_yQ8Y0R]  [jzyrvil3tvd6e1vgoc6pyjnpjnjuidhoxb3fzahx]  [83239fcc-cf94-453d-886d-9723c194e567]  [PRODUCTION] Making POST request to https://collector-observability.browserstack.com
2025-11-16T08:17:04.948Z CLI info [testhub:request-queue-handler]  [sathishponnusamy_yQ8Y0R]  [jzyrvil3tvd6e1vgoc6pyjnpjnjuidhoxb3fzahx]  [83239fcc-cf94-453d-886d-9723c194e567]  Added the event {
  event_type: 'CBTSessionCreated',
  test_run: {
    uuid: '731c0ea7-c2a1-418b-aef5-bb129bf2c8ce',
    integrations: { browserstack: [Object] }
  }
} to 49630:0
2025-11-16T08:17:05.044Z CLI info [testhub:request-queue-handler]  [sathishponnusamy_yQ8Y0R]  [jzyrvil3tvd6e1vgoc6pyjnpjnjuidhoxb3fzahx]  [83239fcc-cf94-453d-886d-9723c194e567]  Added the event {
  event_type: 'CBTSessionCreated',
  test_run: {
    uuid: '47f8fd93-fd5a-4b77-b5e8-be70bd3c1126',
    integrations: { browserstack: [Object] }
  }
} to 49630:0
2025-11-16T08:17:05.862Z CLI info [testhub:request-queue-handler]  [sathishponnusamy_yQ8Y0R]  [jzyrvil3tvd6e1vgoc6pyjnpjnjuidhoxb3fzahx]  [83239fcc-cf94-453d-886d-9723c194e567]  Processing batch event [
  {
    event_type: 'CBTSessionCreated',
    test_run: {
      uuid: '731c0ea7-c2a1-418b-aef5-bb129bf2c8ce',
      integrations: [Object]
    }
  },
  {
    event_type: 'CBTSessionCreated',
    test_run: {
      uuid: '47f8fd93-fd5a-4b77-b5e8-be70bd3c1126',
      integrations: [Object]
    }
  }
] to 49630:0
2025-11-16T08:17:05.864Z CLI info  [sathishponnusamy_yQ8Y0R]  [jzyrvil3tvd6e1vgoc6pyjnpjnjuidhoxb3fzahx]  [83239fcc-cf94-453d-886d-9723c194e567]  [PRODUCTION] Making POST request to https://collector-observability.browserstack.com
2025-11-16T08:17:07.400Z CLI info [testhub:request-queue-handler]  [sathishponnusamy_yQ8Y0R]  [jzyrvil3tvd6e1vgoc6pyjnpjnjuidhoxb3fzahx]  [83239fcc-cf94-453d-886d-9723c194e567]  Added the event {
  event_type: 'CBTSessionCreated',
  test_run: {
    uuid: '47f8fd93-fd5a-4b77-b5e8-be70bd3c1126',
    integrations: { browserstack: [Object] }
  }
} to 49630:0
2025-11-16T08:17:07.863Z CLI info [testhub:request-queue-handler]  [sathishponnusamy_yQ8Y0R]  [jzyrvil3tvd6e1vgoc6pyjnpjnjuidhoxb3fzahx]  [83239fcc-cf94-453d-886d-9723c194e567]  Processing batch event [
  {
    event_type: 'CBTSessionCreated',
    test_run: {
      uuid: '47f8fd93-fd5a-4b77-b5e8-be70bd3c1126',
      integrations: [Object]
    }
  }
] to 49630:0
2025-11-16T08:17:07.864Z CLI info  [sathishponnusamy_yQ8Y0R]  [jzyrvil3tvd6e1vgoc6pyjnpjnjuidhoxb3fzahx]  [83239fcc-cf94-453d-886d-9723c194e567]  [PRODUCTION] Making POST request to https://collector-observability.browserstack.com
2025-11-16T08:17:09.040Z CLI info [testhub:request-queue-handler]  [sathishponnusamy_yQ8Y0R]  [jzyrvil3tvd6e1vgoc6pyjnpjnjuidhoxb3fzahx]  [83239fcc-cf94-453d-886d-9723c194e567]  Added the event {
  event_type: 'CBTSessionCreated',
  test_run: {
    uuid: '731c0ea7-c2a1-418b-aef5-bb129bf2c8ce',
    integrations: { browserstack: [Object] }
  }
} to 49630:0
2025-11-16T08:17:09.863Z CLI info [testhub:request-queue-handler]  [sathishponnusamy_yQ8Y0R]  [jzyrvil3tvd6e1vgoc6pyjnpjnjuidhoxb3fzahx]  [83239fcc-cf94-453d-886d-9723c194e567]  Processing batch event [
  {
    event_type: 'CBTSessionCreated',
    test_run: {
      uuid: '731c0ea7-c2a1-418b-aef5-bb129bf2c8ce',
      integrations: [Object]
    }
  }
] to 49630:0
2025-11-16T08:17:09.863Z CLI info  [sathishponnusamy_yQ8Y0R]  [jzyrvil3tvd6e1vgoc6pyjnpjnjuidhoxb3fzahx]  [83239fcc-cf94-453d-886d-9723c194e567]  [PRODUCTION] Making POST request to https://collector-observability.browserstack.com
2025-11-16T08:17:10.785Z CLI info [testhub:request-queue-handler]  [sathishponnusamy_yQ8Y0R]  [jzyrvil3tvd6e1vgoc6pyjnpjnjuidhoxb3fzahx]  [83239fcc-cf94-453d-886d-9723c194e567]  Added the event {
  event_type: 'CBTSessionCreated',
  test_run: {
    uuid: '731c0ea7-c2a1-418b-aef5-bb129bf2c8ce',
    integrations: { browserstack: [Object] }
  }
} to 49630:0
2025-11-16T08:17:10.788Z CLI info [testhub:request-queue-handler]  [sathishponnusamy_yQ8Y0R]  [jzyrvil3tvd6e1vgoc6pyjnpjnjuidhoxb3fzahx]  [83239fcc-cf94-453d-886d-9723c194e567]  Added the event {
  event_type: 'TestRunFinished',
  test_run: {
    type: 'test',
    framework: 'Cucumber-TestNG',
    uuid: '47f8fd93-fd5a-4b77-b5e8-be70bd3c1126',
    name: 'Successful login with valid credentials',
    body: {
      lang: 'java',
      code: 'public void io.cucumber.testng.AbstractTestNGCucumberTests.runScenario(io.cucumber.testng.PickleWrapper,io.cucumber.testng.FeatureWrapper)'
    },
    identifier: 'Successful login with valid credentials',
    scope: 'Successful login with valid credentials',
    scopes: [ 'Login Functionality for OpenCart E-Commerce Website' ],
    file_name: 'SeleniumTestNG/src/test/resources/features/loginpage.feature',
    vc_filepath: 'SeleniumTestNG/src/test/resources/features/loginpage.feature',
    location: 'SeleniumTestNG/src/test/resources/features/loginpage.feature',
    meta: {
      data_provider_name: 'scenarios',
      feature: [Object],
      scenario: [Object],
      steps: [Array]
    },
    result: 'passed',
    duration_in_ms: 26360,
    started_at: '2025-11-16T08:16:44.424Z',
    finished_at: '2025-11-16T08:17:10.784Z',
    failure: null,
    failure_type: null,
    failure_reason: null,
    retry_of: null,
    custom_metadata: {},
    tags: [],
    customRerunParam: { rerun_name: 'SeleniumTestNG-1' },
    hooks: [ 'ff4d6ac0-066b-4843-93f3-6a9b78e0a1d8' ],
    product_map: {
      observability: true,
      accessibility: false,
      percy: false,
      automate: true,
      app_automate: false
    }
  },
  logs: []
} to 49630:0
2025-11-16T08:17:10.809Z CLI info [testhub:request-queue-handler]  [sathishponnusamy_yQ8Y0R]  [jzyrvil3tvd6e1vgoc6pyjnpjnjuidhoxb3fzahx]  [83239fcc-cf94-453d-886d-9723c194e567]  Added the event {
  event_type: 'CBTSessionCreated',
  test_run: {
    uuid: 'de0229ff-3855-4183-a45e-3cb90052055c',
    integrations: { browserstack: [Object] }
  }
} to 49630:0
2025-11-16T08:17:10.889Z CLI info [testhub:request-queue-handler]  [sathishponnusamy_yQ8Y0R]  [jzyrvil3tvd6e1vgoc6pyjnpjnjuidhoxb3fzahx]  [83239fcc-cf94-453d-886d-9723c194e567]  Added the event {
  event_type: 'CBTSessionCreated',
  test_run: {
    uuid: '2b71193a-6a17-40e5-83db-f9c219d3ba59',
    integrations: { browserstack: [Object] }
  }
} to 49630:0
2025-11-16T08:17:11.093Z CLI info [testhub:request-queue-handler]  [sathishponnusamy_yQ8Y0R]  [jzyrvil3tvd6e1vgoc6pyjnpjnjuidhoxb3fzahx]  [83239fcc-cf94-453d-886d-9723c194e567]  Added the event {
  event_type: 'TestRunStarted',
  test_run: {
    type: 'test',
    framework: 'Cucumber-TestNG',
    uuid: 'de0229ff-3855-4183-a45e-3cb90052055c',
    name: 'Unsuccessful login with invalid or empty credentials',
    body: {
      lang: 'java',
      code: 'public void io.cucumber.testng.AbstractTestNGCucumberTests.runScenario(io.cucumber.testng.PickleWrapper,io.cucumber.testng.FeatureWrapper)'
    },
    identifier: 'Unsuccessful login with invalid or empty credentials',
    scope: 'Unsuccessful login with invalid or empty credentials',
    scopes: [ 'Login Functionality for OpenCart E-Commerce Website' ],
    file_name: 'SeleniumTestNG/src/test/resources/features/loginpage.feature',
    vc_filepath: 'SeleniumTestNG/src/test/resources/features/loginpage.feature',
    location: 'SeleniumTestNG/src/test/resources/features/loginpage.feature',
    meta: {
      data_provider_name: 'scenarios',
      feature: [Object],
      scenario: [Object],
      examples: [Array]
    },
    result: 'passed',
    duration_in_ms: null,
    started_at: '2025-11-16T08:17:10.805Z',
    finished_at: '2025-11-16T08:17:10.784Z',
    failure: null,
    failure_type: null,
    failure_reason: null,
    retry_of: null,
    custom_metadata: {},
    tags: [],
    customRerunParam: { rerun_name: 'SeleniumTestNG-1' },
    hooks: [],
    product_map: {
      observability: true,
      accessibility: false,
      percy: false,
      automate: true,
      app_automate: false
    }
  },
  logs: []
} to 49630:0
2025-11-16T08:17:11.100Z CLI info [testhub:request-queue-handler]  [sathishponnusamy_yQ8Y0R]  [jzyrvil3tvd6e1vgoc6pyjnpjnjuidhoxb3fzahx]  [83239fcc-cf94-453d-886d-9723c194e567]  Added the event {
  event_type: 'CBTSessionCreated',
  test_run: {
    uuid: 'de0229ff-3855-4183-a45e-3cb90052055c',
    integrations: { browserstack: [Object] }
  }
} to 49630:0
2025-11-16T08:17:11.643Z CLI info [testhub:request-queue-handler]  [sathishponnusamy_yQ8Y0R]  [jzyrvil3tvd6e1vgoc6pyjnpjnjuidhoxb3fzahx]  [83239fcc-cf94-453d-886d-9723c194e567]  Added the event {
  event_type: 'CBTSessionCreated',
  test_run: {
    uuid: 'de0229ff-3855-4183-a45e-3cb90052055c',
    integrations: { browserstack: [Object] }
  }
} to 49630:0
2025-11-16T08:17:11.865Z CLI info [testhub:request-queue-handler]  [sathishponnusamy_yQ8Y0R]  [jzyrvil3tvd6e1vgoc6pyjnpjnjuidhoxb3fzahx]  [83239fcc-cf94-453d-886d-9723c194e567]  Processing batch event [
  {
    event_type: 'CBTSessionCreated',
    test_run: {
      uuid: '731c0ea7-c2a1-418b-aef5-bb129bf2c8ce',
      integrations: [Object]
    }
  },
  {
    event_type: 'TestRunFinished',
    test_run: {
      type: 'test',
      framework: 'Cucumber-TestNG',
      uuid: '47f8fd93-fd5a-4b77-b5e8-be70bd3c1126',
      name: 'Successful login with valid credentials',
      body: [Object],
      identifier: 'Successful login with valid credentials',
      scope: 'Successful login with valid credentials',
      scopes: [Array],
      file_name: 'SeleniumTestNG/src/test/resources/features/loginpage.feature',
      vc_filepath: 'SeleniumTestNG/src/test/resources/features/loginpage.feature',
      location: 'SeleniumTestNG/src/test/resources/features/loginpage.feature',
      meta: [Object],
      result: 'passed',
      duration_in_ms: 26360,
      started_at: '2025-11-16T08:16:44.424Z',
      finished_at: '2025-11-16T08:17:10.784Z',
      failure: null,
      failure_type: null,
      failure_reason: null,
      retry_of: null,
      custom_metadata: {},
      tags: [],
      customRerunParam: [Object],
      hooks: [Array],
      product_map: [Object]
    },
    logs: []
  },
  {
    event_type: 'CBTSessionCreated',
    test_run: {
      uuid: 'de0229ff-3855-4183-a45e-3cb90052055c',
      integrations: [Object]
    }
  },
  {
    event_type: 'CBTSessionCreated',
    test_run: {
      uuid: '2b71193a-6a17-40e5-83db-f9c219d3ba59',
      integrations: [Object]
    }
  },
  {
    event_type: 'TestRunStarted',
    test_run: {
      type: 'test',
      framework: 'Cucumber-TestNG',
      uuid: 'de0229ff-3855-4183-a45e-3cb90052055c',
      name: 'Unsuccessful login with invalid or empty credentials',
      body: [Object],
      identifier: 'Unsuccessful login with invalid or empty credentials',
      scope: 'Unsuccessful login with invalid or empty credentials',
      scopes: [Array],
      file_name: 'SeleniumTestNG/src/test/resources/features/loginpage.feature',
      vc_filepath: 'SeleniumTestNG/src/test/resources/features/loginpage.feature',
      location: 'SeleniumTestNG/src/test/resources/features/loginpage.feature',
      meta: [Object],
      result: 'passed',
      duration_in_ms: null,
      started_at: '2025-11-16T08:17:10.805Z',
      finished_at: '2025-11-16T08:17:10.784Z',
      failure: null,
      failure_type: null,
      failure_reason: null,
      retry_of: null,
      custom_metadata: {},
      tags: [],
      customRerunParam: [Object],
      hooks: [],
      product_map: [Object]
    },
    logs: []
  },
  {
    event_type: 'CBTSessionCreated',
    test_run: {
      uuid: 'de0229ff-3855-4183-a45e-3cb90052055c',
      integrations: [Object]
    }
  },
  {
    event_type: 'CBTSessionCreated',
    test_run: {
      uuid: 'de0229ff-3855-4183-a45e-3cb90052055c',
      integrations: [Object]
    }
  }
] to 49630:0
2025-11-16T08:17:11.866Z CLI info  [sathishponnusamy_yQ8Y0R]  [jzyrvil3tvd6e1vgoc6pyjnpjnjuidhoxb3fzahx]  [83239fcc-cf94-453d-886d-9723c194e567]  [PRODUCTION] Making POST request to https://collector-observability.browserstack.com
2025-11-16T08:17:12.216Z CLI info [sdk:service]  [sathishponnusamy_yQ8Y0R]  [jzyrvil3tvd6e1vgoc6pyjnpjnjuidhoxb3fzahx]  [83239fcc-cf94-453d-886d-9723c194e567]  Driver initialized as primary driver: platformIndex=1
2025-11-16T08:17:14.234Z CLI info [testhub:request-queue-handler]  [sathishponnusamy_yQ8Y0R]  [jzyrvil3tvd6e1vgoc6pyjnpjnjuidhoxb3fzahx]  [83239fcc-cf94-453d-886d-9723c194e567]  Added the event {
  event_type: 'TestRunFinished',
  test_run: {
    type: 'test',
    framework: 'Cucumber-TestNG',
    uuid: '731c0ea7-c2a1-418b-aef5-bb129bf2c8ce',
    name: 'Successful login with valid credentials',
    body: {
      lang: 'java',
      code: 'public void io.cucumber.testng.AbstractTestNGCucumberTests.runScenario(io.cucumber.testng.PickleWrapper,io.cucumber.testng.FeatureWrapper)'
    },
    identifier: 'Successful login with valid credentials',
    scope: 'Successful login with valid credentials',
    scopes: [ 'Login Functionality for OpenCart E-Commerce Website' ],
    file_name: 'SeleniumTestNG/src/test/resources/features/loginpage.feature',
    vc_filepath: 'SeleniumTestNG/src/test/resources/features/loginpage.feature',
    location: 'SeleniumTestNG/src/test/resources/features/loginpage.feature',
    meta: {
      data_provider_name: 'scenarios',
      feature: [Object],
      scenario: [Object],
      steps: [Array]
    },
    result: 'passed',
    duration_in_ms: 29803,
    started_at: '2025-11-16T08:16:44.425Z',
    finished_at: '2025-11-16T08:17:14.228Z',
    failure: null,
    failure_type: null,
    failure_reason: null,
    retry_of: null,
    custom_metadata: {},
    tags: [],
    customRerunParam: { rerun_name: 'SeleniumTestNG-0' },
    hooks: [ 'c4649e0a-4169-445c-9847-df58c9a3ef7f' ],
    product_map: {
      observability: true,
      accessibility: false,
      percy: false,
      automate: true,
      app_automate: false
    }
  },
  logs: []
} to 49630:0
2025-11-16T08:17:14.257Z CLI info [testhub:request-queue-handler]  [sathishponnusamy_yQ8Y0R]  [jzyrvil3tvd6e1vgoc6pyjnpjnjuidhoxb3fzahx]  [83239fcc-cf94-453d-886d-9723c194e567]  Added the event {
  event_type: 'CBTSessionCreated',
  test_run: {
    uuid: 'b09547c8-22fd-4b32-b73d-e3714b12ddf8',
    integrations: { browserstack: [Object] }
  }
} to 49630:0
2025-11-16T08:17:14.568Z CLI info [testhub:request-queue-handler]  [sathishponnusamy_yQ8Y0R]  [jzyrvil3tvd6e1vgoc6pyjnpjnjuidhoxb3fzahx]  [83239fcc-cf94-453d-886d-9723c194e567]  Added the event {
  event_type: 'TestRunStarted',
  test_run: {
    type: 'test',
    framework: 'Cucumber-TestNG',
    uuid: 'b09547c8-22fd-4b32-b73d-e3714b12ddf8',
    name: 'Unsuccessful login with invalid or empty credentials',
    body: {
      lang: 'java',
      code: 'public void io.cucumber.testng.AbstractTestNGCucumberTests.runScenario(io.cucumber.testng.PickleWrapper,io.cucumber.testng.FeatureWrapper)'
    },
    identifier: 'Unsuccessful login with invalid or empty credentials',
    scope: 'Unsuccessful login with invalid or empty credentials',
    scopes: [ 'Login Functionality for OpenCart E-Commerce Website' ],
    file_name: 'SeleniumTestNG/src/test/resources/features/loginpage.feature',
    vc_filepath: 'SeleniumTestNG/src/test/resources/features/loginpage.feature',
    location: 'SeleniumTestNG/src/test/resources/features/loginpage.feature',
    meta: {
      data_provider_name: 'scenarios',
      feature: [Object],
      scenario: [Object],
      examples: [Array]
    },
    result: 'passed',
    duration_in_ms: null,
    started_at: '2025-11-16T08:17:14.252Z',
    finished_at: '2025-11-16T08:17:14.228Z',
    failure: null,
    failure_type: null,
    failure_reason: null,
    retry_of: null,
    custom_metadata: {},
    tags: [],
    customRerunParam: { rerun_name: 'SeleniumTestNG-0' },
    hooks: [],
    product_map: {
      observability: true,
      accessibility: false,
      percy: false,
      automate: true,
      app_automate: false
    }
  },
  logs: []
} to 49630:0
2025-11-16T08:17:14.574Z CLI info [testhub:request-queue-handler]  [sathishponnusamy_yQ8Y0R]  [jzyrvil3tvd6e1vgoc6pyjnpjnjuidhoxb3fzahx]  [83239fcc-cf94-453d-886d-9723c194e567]  Added the event {
  event_type: 'CBTSessionCreated',
  test_run: {
    uuid: 'b09547c8-22fd-4b32-b73d-e3714b12ddf8',
    integrations: { browserstack: [Object] }
  }
} to 49630:0
2025-11-16T08:17:15.113Z CLI info [testhub:request-queue-handler]  [sathishponnusamy_yQ8Y0R]  [jzyrvil3tvd6e1vgoc6pyjnpjnjuidhoxb3fzahx]  [83239fcc-cf94-453d-886d-9723c194e567]  Added the event {
  event_type: 'CBTSessionCreated',
  test_run: {
    uuid: 'b09547c8-22fd-4b32-b73d-e3714b12ddf8',
    integrations: { browserstack: [Object] }
  }
} to 49630:0
2025-11-16T08:17:15.656Z CLI info [sdk:service]  [sathishponnusamy_yQ8Y0R]  [jzyrvil3tvd6e1vgoc6pyjnpjnjuidhoxb3fzahx]  [83239fcc-cf94-453d-886d-9723c194e567]  Driver initialized as primary driver: platformIndex=0
2025-11-16T08:17:15.864Z CLI info [testhub:request-queue-handler]  [sathishponnusamy_yQ8Y0R]  [jzyrvil3tvd6e1vgoc6pyjnpjnjuidhoxb3fzahx]  [83239fcc-cf94-453d-886d-9723c194e567]  Processing batch event [
  {
    event_type: 'TestRunFinished',
    test_run: {
      type: 'test',
      framework: 'Cucumber-TestNG',
      uuid: '731c0ea7-c2a1-418b-aef5-bb129bf2c8ce',
      name: 'Successful login with valid credentials',
      body: [Object],
      identifier: 'Successful login with valid credentials',
      scope: 'Successful login with valid credentials',
      scopes: [Array],
      file_name: 'SeleniumTestNG/src/test/resources/features/loginpage.feature',
      vc_filepath: 'SeleniumTestNG/src/test/resources/features/loginpage.feature',
      location: 'SeleniumTestNG/src/test/resources/features/loginpage.feature',
      meta: [Object],
      result: 'passed',
      duration_in_ms: 29803,
      started_at: '2025-11-16T08:16:44.425Z',
      finished_at: '2025-11-16T08:17:14.228Z',
      failure: null,
      failure_type: null,
      failure_reason: null,
      retry_of: null,
      custom_metadata: {},
      tags: [],
      customRerunParam: [Object],
      hooks: [Array],
      product_map: [Object]
    },
    logs: []
  },
  {
    event_type: 'CBTSessionCreated',
    test_run: {
      uuid: 'b09547c8-22fd-4b32-b73d-e3714b12ddf8',
      integrations: [Object]
    }
  },
  {
    event_type: 'TestRunStarted',
    test_run: {
      type: 'test',
      framework: 'Cucumber-TestNG',
      uuid: 'b09547c8-22fd-4b32-b73d-e3714b12ddf8',
      name: 'Unsuccessful login with invalid or empty credentials',
      body: [Object],
      identifier: 'Unsuccessful login with invalid or empty credentials',
      scope: 'Unsuccessful login with invalid or empty credentials',
      scopes: [Array],
      file_name: 'SeleniumTestNG/src/test/resources/features/loginpage.feature',
      vc_filepath: 'SeleniumTestNG/src/test/resources/features/loginpage.feature',
      location: 'SeleniumTestNG/src/test/resources/features/loginpage.feature',
      meta: [Object],
      result: 'passed',
      duration_in_ms: null,
      started_at: '2025-11-16T08:17:14.252Z',
      finished_at: '2025-11-16T08:17:14.228Z',
      failure: null,
      failure_type: null,
      failure_reason: null,
      retry_of: null,
      custom_metadata: {},
      tags: [],
      customRerunParam: [Object],
      hooks: [],
      product_map: [Object]
    },
    logs: []
  },
  {
    event_type: 'CBTSessionCreated',
    test_run: {
      uuid: 'b09547c8-22fd-4b32-b73d-e3714b12ddf8',
      integrations: [Object]
    }
  },
  {
    event_type: 'CBTSessionCreated',
    test_run: {
      uuid: 'b09547c8-22fd-4b32-b73d-e3714b12ddf8',
      integrations: [Object]
    }
  }
] to 49630:0
2025-11-16T08:17:15.864Z CLI info  [sathishponnusamy_yQ8Y0R]  [jzyrvil3tvd6e1vgoc6pyjnpjnjuidhoxb3fzahx]  [83239fcc-cf94-453d-886d-9723c194e567]  [PRODUCTION] Making POST request to https://collector-observability.browserstack.com
2025-11-16T08:17:16.365Z CLI info [testhub:request-queue-handler]  [sathishponnusamy_yQ8Y0R]  [jzyrvil3tvd6e1vgoc6pyjnpjnjuidhoxb3fzahx]  [83239fcc-cf94-453d-886d-9723c194e567]  Added the event {
  event_type: 'CBTSessionCreated',
  test_run: {
    uuid: '2b71193a-6a17-40e5-83db-f9c219d3ba59',
    integrations: { browserstack: [Object] }
  }
} to 49630:0
2025-11-16T08:17:17.865Z CLI info [testhub:request-queue-handler]  [sathishponnusamy_yQ8Y0R]  [jzyrvil3tvd6e1vgoc6pyjnpjnjuidhoxb3fzahx]  [83239fcc-cf94-453d-886d-9723c194e567]  Processing batch event [
  {
    event_type: 'CBTSessionCreated',
    test_run: {
      uuid: '2b71193a-6a17-40e5-83db-f9c219d3ba59',
      integrations: [Object]
    }
  }
] to 49630:0
2025-11-16T08:17:17.866Z CLI info  [sathishponnusamy_yQ8Y0R]  [jzyrvil3tvd6e1vgoc6pyjnpjnjuidhoxb3fzahx]  [83239fcc-cf94-453d-886d-9723c194e567]  [PRODUCTION] Making POST request to https://collector-observability.browserstack.com
2025-11-16T08:17:20.023Z CLI info [testhub:request-queue-handler]  [sathishponnusamy_yQ8Y0R]  [jzyrvil3tvd6e1vgoc6pyjnpjnjuidhoxb3fzahx]  [83239fcc-cf94-453d-886d-9723c194e567]  Added the event {
  event_type: 'CBTSessionCreated',
  test_run: {
    uuid: '2b71193a-6a17-40e5-83db-f9c219d3ba59',
    integrations: { browserstack: [Object] }
  }
} to 49630:0
2025-11-16T08:17:21.338Z CLI info [testhub:request-queue-handler]  [sathishponnusamy_yQ8Y0R]  [jzyrvil3tvd6e1vgoc6pyjnpjnjuidhoxb3fzahx]  [83239fcc-cf94-453d-886d-9723c194e567]  Added the event {
  event_type: 'CBTSessionCreated',
  test_run: {
    uuid: 'de0229ff-3855-4183-a45e-3cb90052055c',
    integrations: { browserstack: [Object] }
  }
} to 49630:0
2025-11-16T08:17:21.864Z CLI info [testhub:request-queue-handler]  [sathishponnusamy_yQ8Y0R]  [jzyrvil3tvd6e1vgoc6pyjnpjnjuidhoxb3fzahx]  [83239fcc-cf94-453d-886d-9723c194e567]  Processing batch event [
  {
    event_type: 'CBTSessionCreated',
    test_run: {
      uuid: '2b71193a-6a17-40e5-83db-f9c219d3ba59',
      integrations: [Object]
    }
  },
  {
    event_type: 'CBTSessionCreated',
    test_run: {
      uuid: 'de0229ff-3855-4183-a45e-3cb90052055c',
      integrations: [Object]
    }
  }
] to 49630:0
2025-11-16T08:17:21.865Z CLI info  [sathishponnusamy_yQ8Y0R]  [jzyrvil3tvd6e1vgoc6pyjnpjnjuidhoxb3fzahx]  [83239fcc-cf94-453d-886d-9723c194e567]  [PRODUCTION] Making POST request to https://collector-observability.browserstack.com
2025-11-16T08:17:22.183Z CLI info [testhub:request-queue-handler]  [sathishponnusamy_yQ8Y0R]  [jzyrvil3tvd6e1vgoc6pyjnpjnjuidhoxb3fzahx]  [83239fcc-cf94-453d-886d-9723c194e567]  Added the event {
  event_type: 'CBTSessionCreated',
  test_run: {
    uuid: '2b71193a-6a17-40e5-83db-f9c219d3ba59',
    integrations: { browserstack: [Object] }
  }
} to 49630:0
2025-11-16T08:17:23.505Z CLI info [testhub:request-queue-handler]  [sathishponnusamy_yQ8Y0R]  [jzyrvil3tvd6e1vgoc6pyjnpjnjuidhoxb3fzahx]  [83239fcc-cf94-453d-886d-9723c194e567]  Added the event {
  event_type: 'CBTSessionCreated',
  test_run: {
    uuid: 'b09547c8-22fd-4b32-b73d-e3714b12ddf8',
    integrations: { browserstack: [Object] }
  }
} to 49630:0
2025-11-16T08:17:23.741Z CLI info [testhub:request-queue-handler]  [sathishponnusamy_yQ8Y0R]  [jzyrvil3tvd6e1vgoc6pyjnpjnjuidhoxb3fzahx]  [83239fcc-cf94-453d-886d-9723c194e567]  Added the event {
  event_type: 'CBTSessionCreated',
  test_run: {
    uuid: '2b71193a-6a17-40e5-83db-f9c219d3ba59',
    integrations: { browserstack: [Object] }
  }
} to 49630:0
2025-11-16T08:17:23.865Z CLI info [testhub:request-queue-handler]  [sathishponnusamy_yQ8Y0R]  [jzyrvil3tvd6e1vgoc6pyjnpjnjuidhoxb3fzahx]  [83239fcc-cf94-453d-886d-9723c194e567]  Processing batch event [
  {
    event_type: 'CBTSessionCreated',
    test_run: {
      uuid: '2b71193a-6a17-40e5-83db-f9c219d3ba59',
      integrations: [Object]
    }
  },
  {
    event_type: 'CBTSessionCreated',
    test_run: {
      uuid: 'b09547c8-22fd-4b32-b73d-e3714b12ddf8',
      integrations: [Object]
    }
  },
  {
    event_type: 'CBTSessionCreated',
    test_run: {
      uuid: '2b71193a-6a17-40e5-83db-f9c219d3ba59',
      integrations: [Object]
    }
  }
] to 49630:0
2025-11-16T08:17:23.866Z CLI info  [sathishponnusamy_yQ8Y0R]  [jzyrvil3tvd6e1vgoc6pyjnpjnjuidhoxb3fzahx]  [83239fcc-cf94-453d-886d-9723c194e567]  [PRODUCTION] Making POST request to https://collector-observability.browserstack.com
2025-11-16T08:17:25.286Z CLI info [testhub:request-queue-handler]  [sathishponnusamy_yQ8Y0R]  [jzyrvil3tvd6e1vgoc6pyjnpjnjuidhoxb3fzahx]  [83239fcc-cf94-453d-886d-9723c194e567]  Added the event {
  event_type: 'CBTSessionCreated',
  test_run: {
    uuid: 'de0229ff-3855-4183-a45e-3cb90052055c',
    integrations: { browserstack: [Object] }
  }
} to 49630:0
2025-11-16T08:17:25.864Z CLI info [testhub:request-queue-handler]  [sathishponnusamy_yQ8Y0R]  [jzyrvil3tvd6e1vgoc6pyjnpjnjuidhoxb3fzahx]  [83239fcc-cf94-453d-886d-9723c194e567]  Processing batch event [
  {
    event_type: 'CBTSessionCreated',
    test_run: {
      uuid: 'de0229ff-3855-4183-a45e-3cb90052055c',
      integrations: [Object]
    }
  }
] to 49630:0
2025-11-16T08:17:25.865Z CLI info  [sathishponnusamy_yQ8Y0R]  [jzyrvil3tvd6e1vgoc6pyjnpjnjuidhoxb3fzahx]  [83239fcc-cf94-453d-886d-9723c194e567]  [PRODUCTION] Making POST request to https://collector-observability.browserstack.com
2025-11-16T08:17:26.421Z CLI info [testhub:request-queue-handler]  [sathishponnusamy_yQ8Y0R]  [jzyrvil3tvd6e1vgoc6pyjnpjnjuidhoxb3fzahx]  [83239fcc-cf94-453d-886d-9723c194e567]  Added the event {
  event_type: 'TestRunFinished',
  test_run: {
    type: 'test',
    framework: 'Cucumber-TestNG',
    uuid: '2b71193a-6a17-40e5-83db-f9c219d3ba59',
    name: 'Successful login with valid credentials',
    body: {
      lang: 'java',
      code: 'public void io.cucumber.testng.AbstractTestNGCucumberTests.runScenario(io.cucumber.testng.PickleWrapper,io.cucumber.testng.FeatureWrapper)'
    },
    identifier: 'Successful login with valid credentials',
    scope: 'Successful login with valid credentials',
    scopes: [ 'Login Functionality for OpenCart E-Commerce Website' ],
    file_name: 'SeleniumTestNG/src/test/resources/features/loginpage.feature',
    vc_filepath: 'SeleniumTestNG/src/test/resources/features/loginpage.feature',
    location: 'SeleniumTestNG/src/test/resources/features/loginpage.feature',
    meta: {
      data_provider_name: 'scenarios',
      feature: [Object],
      scenario: [Object],
      steps: [Array]
    },
    result: 'failed',
    duration_in_ms: 41992,
    started_at: '2025-11-16T08:16:44.425Z',
    finished_at: '2025-11-16T08:17:26.417Z',
    failure: [ [Object] ],
    failure_type: 'AssertionError',
    failure_reason: 'java.lang.AssertionError: expected [true] but found [false]',
    retry_of: null,
    custom_metadata: {},
    tags: [],
    customRerunParam: { rerun_name: 'SeleniumTestNG-2' },
    hooks: [ '99f9f07a-8686-4cab-aae0-b04bc64c8771' ],
    product_map: {
      observability: true,
      accessibility: false,
      percy: false,
      automate: true,
      app_automate: false
    }
  },
  logs: []
} to 49630:0
2025-11-16T08:17:26.448Z CLI info [testhub:request-queue-handler]  [sathishponnusamy_yQ8Y0R]  [jzyrvil3tvd6e1vgoc6pyjnpjnjuidhoxb3fzahx]  [83239fcc-cf94-453d-886d-9723c194e567]  Added the event {
  event_type: 'CBTSessionCreated',
  test_run: {
    uuid: '6cc9287b-05dc-40bd-921b-fc64594ccc4d',
    integrations: { browserstack: [Object] }
  }
} to 49630:0
2025-11-16T08:17:26.711Z CLI info [testhub:request-queue-handler]  [sathishponnusamy_yQ8Y0R]  [jzyrvil3tvd6e1vgoc6pyjnpjnjuidhoxb3fzahx]  [83239fcc-cf94-453d-886d-9723c194e567]  Added the event {
  event_type: 'CBTSessionCreated',
  test_run: {
    uuid: 'de0229ff-3855-4183-a45e-3cb90052055c',
    integrations: { browserstack: [Object] }
  }
} to 49630:0
2025-11-16T08:17:26.765Z CLI info [testhub:request-queue-handler]  [sathishponnusamy_yQ8Y0R]  [jzyrvil3tvd6e1vgoc6pyjnpjnjuidhoxb3fzahx]  [83239fcc-cf94-453d-886d-9723c194e567]  Added the event {
  event_type: 'TestRunStarted',
  test_run: {
    type: 'test',
    framework: 'Cucumber-TestNG',
    uuid: '6cc9287b-05dc-40bd-921b-fc64594ccc4d',
    name: 'Unsuccessful login with invalid or empty credentials',
    body: {
      lang: 'java',
      code: 'public void io.cucumber.testng.AbstractTestNGCucumberTests.runScenario(io.cucumber.testng.PickleWrapper,io.cucumber.testng.FeatureWrapper)'
    },
    identifier: 'Unsuccessful login with invalid or empty credentials',
    scope: 'Unsuccessful login with invalid or empty credentials',
    scopes: [ 'Login Functionality for OpenCart E-Commerce Website' ],
    file_name: 'SeleniumTestNG/src/test/resources/features/loginpage.feature',
    vc_filepath: 'SeleniumTestNG/src/test/resources/features/loginpage.feature',
    location: 'SeleniumTestNG/src/test/resources/features/loginpage.feature',
    meta: {
      data_provider_name: 'scenarios',
      feature: [Object],
      scenario: [Object],
      examples: [Array]
    },
    result: 'failed',
    duration_in_ms: null,
    started_at: '2025-11-16T08:17:26.443Z',
    finished_at: '2025-11-16T08:17:26.417Z',
    failure: [ [Object] ],
    failure_type: 'AssertionError',
    failure_reason: 'java.lang.AssertionError: expected [true] but found [false]',
    retry_of: null,
    custom_metadata: {},
    tags: [],
    customRerunParam: { rerun_name: 'SeleniumTestNG-2' },
    hooks: [],
    product_map: {
      observability: true,
      accessibility: false,
      percy: false,
      automate: true,
      app_automate: false
    }
  },
  logs: []
} to 49630:0
2025-11-16T08:17:26.772Z CLI info [testhub:request-queue-handler]  [sathishponnusamy_yQ8Y0R]  [jzyrvil3tvd6e1vgoc6pyjnpjnjuidhoxb3fzahx]  [83239fcc-cf94-453d-886d-9723c194e567]  Added the event {
  event_type: 'CBTSessionCreated',
  test_run: {
    uuid: '6cc9287b-05dc-40bd-921b-fc64594ccc4d',
    integrations: { browserstack: [Object] }
  }
} to 49630:0
2025-11-16T08:17:27.327Z CLI info [testhub:request-queue-handler]  [sathishponnusamy_yQ8Y0R]  [jzyrvil3tvd6e1vgoc6pyjnpjnjuidhoxb3fzahx]  [83239fcc-cf94-453d-886d-9723c194e567]  Added the event {
  event_type: 'CBTSessionCreated',
  test_run: {
    uuid: '6cc9287b-05dc-40bd-921b-fc64594ccc4d',
    integrations: { browserstack: [Object] }
  }
} to 49630:0
2025-11-16T08:17:27.863Z CLI info [sdk:service]  [sathishponnusamy_yQ8Y0R]  [jzyrvil3tvd6e1vgoc6pyjnpjnjuidhoxb3fzahx]  [83239fcc-cf94-453d-886d-9723c194e567]  Driver initialized as primary driver: platformIndex=2
2025-11-16T08:17:27.865Z CLI info [testhub:request-queue-handler]  [sathishponnusamy_yQ8Y0R]  [jzyrvil3tvd6e1vgoc6pyjnpjnjuidhoxb3fzahx]  [83239fcc-cf94-453d-886d-9723c194e567]  Processing batch event [
  {
    event_type: 'TestRunFinished',
    test_run: {
      type: 'test',
      framework: 'Cucumber-TestNG',
      uuid: '2b71193a-6a17-40e5-83db-f9c219d3ba59',
      name: 'Successful login with valid credentials',
      body: [Object],
      identifier: 'Successful login with valid credentials',
      scope: 'Successful login with valid credentials',
      scopes: [Array],
      file_name: 'SeleniumTestNG/src/test/resources/features/loginpage.feature',
      vc_filepath: 'SeleniumTestNG/src/test/resources/features/loginpage.feature',
      location: 'SeleniumTestNG/src/test/resources/features/loginpage.feature',
      meta: [Object],
      result: 'failed',
      duration_in_ms: 41992,
      started_at: '2025-11-16T08:16:44.425Z',
      finished_at: '2025-11-16T08:17:26.417Z',
      failure: [Array],
      failure_type: 'AssertionError',
      failure_reason: 'java.lang.AssertionError: expected [true] but found [false]',
      retry_of: null,
      custom_metadata: {},
      tags: [],
      customRerunParam: [Object],
      hooks: [Array],
      product_map: [Object]
    },
    logs: []
  },
  {
    event_type: 'CBTSessionCreated',
    test_run: {
      uuid: '6cc9287b-05dc-40bd-921b-fc64594ccc4d',
      integrations: [Object]
    }
  },
  {
    event_type: 'CBTSessionCreated',
    test_run: {
      uuid: 'de0229ff-3855-4183-a45e-3cb90052055c',
      integrations: [Object]
    }
  },
  {
    event_type: 'TestRunStarted',
    test_run: {
      type: 'test',
      framework: 'Cucumber-TestNG',
      uuid: '6cc9287b-05dc-40bd-921b-fc64594ccc4d',
      name: 'Unsuccessful login with invalid or empty credentials',
      body: [Object],
      identifier: 'Unsuccessful login with invalid or empty credentials',
      scope: 'Unsuccessful login with invalid or empty credentials',
      scopes: [Array],
      file_name: 'SeleniumTestNG/src/test/resources/features/loginpage.feature',
      vc_filepath: 'SeleniumTestNG/src/test/resources/features/loginpage.feature',
      location: 'SeleniumTestNG/src/test/resources/features/loginpage.feature',
      meta: [Object],
      result: 'failed',
      duration_in_ms: null,
      started_at: '2025-11-16T08:17:26.443Z',
      finished_at: '2025-11-16T08:17:26.417Z',
      failure: [Array],
      failure_type: 'AssertionError',
      failure_reason: 'java.lang.AssertionError: expected [true] but found [false]',
      retry_of: null,
      custom_metadata: {},
      tags: [],
      customRerunParam: [Object],
      hooks: [],
      product_map: [Object]
    },
    logs: []
  },
  {
    event_type: 'CBTSessionCreated',
    test_run: {
      uuid: '6cc9287b-05dc-40bd-921b-fc64594ccc4d',
      integrations: [Object]
    }
  },
  {
    event_type: 'CBTSessionCreated',
    test_run: {
      uuid: '6cc9287b-05dc-40bd-921b-fc64594ccc4d',
      integrations: [Object]
    }
  }
] to 49630:0
2025-11-16T08:17:27.866Z CLI info  [sathishponnusamy_yQ8Y0R]  [jzyrvil3tvd6e1vgoc6pyjnpjnjuidhoxb3fzahx]  [83239fcc-cf94-453d-886d-9723c194e567]  [PRODUCTION] Making POST request to https://collector-observability.browserstack.com
2025-11-16T08:17:28.416Z CLI info [testhub:request-queue-handler]  [sathishponnusamy_yQ8Y0R]  [jzyrvil3tvd6e1vgoc6pyjnpjnjuidhoxb3fzahx]  [83239fcc-cf94-453d-886d-9723c194e567]  Added the event {
  event_type: 'CBTSessionCreated',
  test_run: {
    uuid: 'de0229ff-3855-4183-a45e-3cb90052055c',
    integrations: { browserstack: [Object] }
  }
} to 49630:0
2025-11-16T08:17:28.678Z CLI info [testhub:request-queue-handler]  [sathishponnusamy_yQ8Y0R]  [jzyrvil3tvd6e1vgoc6pyjnpjnjuidhoxb3fzahx]  [83239fcc-cf94-453d-886d-9723c194e567]  Added the event {
  event_type: 'CBTSessionCreated',
  test_run: {
    uuid: 'b09547c8-22fd-4b32-b73d-e3714b12ddf8',
    integrations: { browserstack: [Object] }
  }
} to 49630:0
2025-11-16T08:17:29.615Z CLI info [testhub:request-queue-handler]  [sathishponnusamy_yQ8Y0R]  [jzyrvil3tvd6e1vgoc6pyjnpjnjuidhoxb3fzahx]  [83239fcc-cf94-453d-886d-9723c194e567]  Added the event {
  event_type: 'CBTSessionCreated',
  test_run: {
    uuid: 'de0229ff-3855-4183-a45e-3cb90052055c',
    integrations: { browserstack: [Object] }
  }
} to 49630:0
2025-11-16T08:17:29.867Z CLI info [testhub:request-queue-handler]  [sathishponnusamy_yQ8Y0R]  [jzyrvil3tvd6e1vgoc6pyjnpjnjuidhoxb3fzahx]  [83239fcc-cf94-453d-886d-9723c194e567]  Processing batch event [
  {
    event_type: 'CBTSessionCreated',
    test_run: {
      uuid: 'de0229ff-3855-4183-a45e-3cb90052055c',
      integrations: [Object]
    }
  },
  {
    event_type: 'CBTSessionCreated',
    test_run: {
      uuid: 'b09547c8-22fd-4b32-b73d-e3714b12ddf8',
      integrations: [Object]
    }
  },
  {
    event_type: 'CBTSessionCreated',
    test_run: {
      uuid: 'de0229ff-3855-4183-a45e-3cb90052055c',
      integrations: [Object]
    }
  }
] to 49630:0
2025-11-16T08:17:29.868Z CLI info  [sathishponnusamy_yQ8Y0R]  [jzyrvil3tvd6e1vgoc6pyjnpjnjuidhoxb3fzahx]  [83239fcc-cf94-453d-886d-9723c194e567]  [PRODUCTION] Making POST request to https://collector-observability.browserstack.com
2025-11-16T08:17:30.874Z CLI info [testhub:request-queue-handler]  [sathishponnusamy_yQ8Y0R]  [jzyrvil3tvd6e1vgoc6pyjnpjnjuidhoxb3fzahx]  [83239fcc-cf94-453d-886d-9723c194e567]  Added the event {
  event_type: 'CBTSessionCreated',
  test_run: {
    uuid: 'b09547c8-22fd-4b32-b73d-e3714b12ddf8',
    integrations: { browserstack: [Object] }
  }
} to 49630:0
2025-11-16T08:17:31.868Z CLI info [testhub:request-queue-handler]  [sathishponnusamy_yQ8Y0R]  [jzyrvil3tvd6e1vgoc6pyjnpjnjuidhoxb3fzahx]  [83239fcc-cf94-453d-886d-9723c194e567]  Processing batch event [
  {
    event_type: 'CBTSessionCreated',
    test_run: {
      uuid: 'b09547c8-22fd-4b32-b73d-e3714b12ddf8',
      integrations: [Object]
    }
  }
] to 49630:0
2025-11-16T08:17:31.870Z CLI info  [sathishponnusamy_yQ8Y0R]  [jzyrvil3tvd6e1vgoc6pyjnpjnjuidhoxb3fzahx]  [83239fcc-cf94-453d-886d-9723c194e567]  [PRODUCTION] Making POST request to https://collector-observability.browserstack.com
2025-11-16T08:17:33.050Z CLI info [testhub:request-queue-handler]  [sathishponnusamy_yQ8Y0R]  [jzyrvil3tvd6e1vgoc6pyjnpjnjuidhoxb3fzahx]  [83239fcc-cf94-453d-886d-9723c194e567]  Added the event {
  event_type: 'TestRunFinished',
  test_run: {
    type: 'test',
    framework: 'Cucumber-TestNG',
    uuid: 'de0229ff-3855-4183-a45e-3cb90052055c',
    name: 'Unsuccessful login with invalid or empty credentials',
    body: {
      lang: 'java',
      code: 'public void io.cucumber.testng.AbstractTestNGCucumberTests.runScenario(io.cucumber.testng.PickleWrapper,io.cucumber.testng.FeatureWrapper)'
    },
    identifier: 'Unsuccessful login with invalid or empty credentials',
    scope: 'Unsuccessful login with invalid or empty credentials',
    scopes: [ 'Login Functionality for OpenCart E-Commerce Website' ],
    file_name: 'SeleniumTestNG/src/test/resources/features/loginpage.feature',
    vc_filepath: 'SeleniumTestNG/src/test/resources/features/loginpage.feature',
    location: 'SeleniumTestNG/src/test/resources/features/loginpage.feature',
    meta: {
      data_provider_name: 'scenarios',
      feature: [Object],
      scenario: [Object],
      steps: [Array],
      examples: [Array]
    },
    result: 'passed',
    duration_in_ms: 22242,
    started_at: '2025-11-16T08:17:10.805Z',
    finished_at: '2025-11-16T08:17:33.047Z',
    failure: null,
    failure_type: null,
    failure_reason: null,
    retry_of: null,
    custom_metadata: {},
    tags: [],
    customRerunParam: { rerun_name: 'SeleniumTestNG-1' },
    hooks: [],
    product_map: {
      observability: true,
      accessibility: false,
      percy: false,
      automate: true,
      app_automate: false
    }
  },
  logs: []
} to 49630:0
2025-11-16T08:17:33.068Z CLI info [testhub:request-queue-handler]  [sathishponnusamy_yQ8Y0R]  [jzyrvil3tvd6e1vgoc6pyjnpjnjuidhoxb3fzahx]  [83239fcc-cf94-453d-886d-9723c194e567]  Added the event {
  event_type: 'CBTSessionCreated',
  test_run: {
    uuid: '32e13a70-d304-40a8-887b-86fc66850a69',
    integrations: { browserstack: [Object] }
  }
} to 49630:0
2025-11-16T08:17:33.551Z CLI info [testhub:request-queue-handler]  [sathishponnusamy_yQ8Y0R]  [jzyrvil3tvd6e1vgoc6pyjnpjnjuidhoxb3fzahx]  [83239fcc-cf94-453d-886d-9723c194e567]  Added the event {
  event_type: 'TestRunStarted',
  test_run: {
    type: 'test',
    framework: 'Cucumber-TestNG',
    uuid: '32e13a70-d304-40a8-887b-86fc66850a69',
    name: 'Unsuccessful login with invalid or empty credentials',
    body: {
      lang: 'java',
      code: 'public void io.cucumber.testng.AbstractTestNGCucumberTests.runScenario(io.cucumber.testng.PickleWrapper,io.cucumber.testng.FeatureWrapper)'
    },
    identifier: 'Unsuccessful login with invalid or empty credentials',
    scope: 'Unsuccessful login with invalid or empty credentials',
    scopes: [ 'Login Functionality for OpenCart E-Commerce Website' ],
    file_name: 'SeleniumTestNG/src/test/resources/features/loginpage.feature',
    vc_filepath: 'SeleniumTestNG/src/test/resources/features/loginpage.feature',
    location: 'SeleniumTestNG/src/test/resources/features/loginpage.feature',
    meta: {
      data_provider_name: 'scenarios',
      feature: [Object],
      scenario: [Object],
      examples: [Array]
    },
    result: 'passed',
    duration_in_ms: null,
    started_at: '2025-11-16T08:17:33.065Z',
    finished_at: '2025-11-16T08:17:33.047Z',
    failure: null,
    failure_type: null,
    failure_reason: null,
    retry_of: null,
    custom_metadata: {},
    tags: [],
    customRerunParam: { rerun_name: 'SeleniumTestNG-1' },
    hooks: [],
    product_map: {
      observability: true,
      accessibility: false,
      percy: false,
      automate: true,
      app_automate: false
    }
  },
  logs: []
} to 49630:0
2025-11-16T08:17:33.560Z CLI info [testhub:request-queue-handler]  [sathishponnusamy_yQ8Y0R]  [jzyrvil3tvd6e1vgoc6pyjnpjnjuidhoxb3fzahx]  [83239fcc-cf94-453d-886d-9723c194e567]  Added the event {
  event_type: 'CBTSessionCreated',
  test_run: {
    uuid: '32e13a70-d304-40a8-887b-86fc66850a69',
    integrations: { browserstack: [Object] }
  }
} to 49630:0
2025-11-16T08:17:33.869Z CLI info [testhub:request-queue-handler]  [sathishponnusamy_yQ8Y0R]  [jzyrvil3tvd6e1vgoc6pyjnpjnjuidhoxb3fzahx]  [83239fcc-cf94-453d-886d-9723c194e567]  Processing batch event [
  {
    event_type: 'TestRunFinished',
    test_run: {
      type: 'test',
      framework: 'Cucumber-TestNG',
      uuid: 'de0229ff-3855-4183-a45e-3cb90052055c',
      name: 'Unsuccessful login with invalid or empty credentials',
      body: [Object],
      identifier: 'Unsuccessful login with invalid or empty credentials',
      scope: 'Unsuccessful login with invalid or empty credentials',
      scopes: [Array],
      file_name: 'SeleniumTestNG/src/test/resources/features/loginpage.feature',
      vc_filepath: 'SeleniumTestNG/src/test/resources/features/loginpage.feature',
      location: 'SeleniumTestNG/src/test/resources/features/loginpage.feature',
      meta: [Object],
      result: 'passed',
      duration_in_ms: 22242,
      started_at: '2025-11-16T08:17:10.805Z',
      finished_at: '2025-11-16T08:17:33.047Z',
      failure: null,
      failure_type: null,
      failure_reason: null,
      retry_of: null,
      custom_metadata: {},
      tags: [],
      customRerunParam: [Object],
      hooks: [],
      product_map: [Object]
    },
    logs: []
  },
  {
    event_type: 'CBTSessionCreated',
    test_run: {
      uuid: '32e13a70-d304-40a8-887b-86fc66850a69',
      integrations: [Object]
    }
  },
  {
    event_type: 'TestRunStarted',
    test_run: {
      type: 'test',
      framework: 'Cucumber-TestNG',
      uuid: '32e13a70-d304-40a8-887b-86fc66850a69',
      name: 'Unsuccessful login with invalid or empty credentials',
      body: [Object],
      identifier: 'Unsuccessful login with invalid or empty credentials',
      scope: 'Unsuccessful login with invalid or empty credentials',
      scopes: [Array],
      file_name: 'SeleniumTestNG/src/test/resources/features/loginpage.feature',
      vc_filepath: 'SeleniumTestNG/src/test/resources/features/loginpage.feature',
      location: 'SeleniumTestNG/src/test/resources/features/loginpage.feature',
      meta: [Object],
      result: 'passed',
      duration_in_ms: null,
      started_at: '2025-11-16T08:17:33.065Z',
      finished_at: '2025-11-16T08:17:33.047Z',
      failure: null,
      failure_type: null,
      failure_reason: null,
      retry_of: null,
      custom_metadata: {},
      tags: [],
      customRerunParam: [Object],
      hooks: [],
      product_map: [Object]
    },
    logs: []
  },
  {
    event_type: 'CBTSessionCreated',
    test_run: {
      uuid: '32e13a70-d304-40a8-887b-86fc66850a69',
      integrations: [Object]
    }
  }
] to 49630:0
2025-11-16T08:17:33.870Z CLI info  [sathishponnusamy_yQ8Y0R]  [jzyrvil3tvd6e1vgoc6pyjnpjnjuidhoxb3fzahx]  [83239fcc-cf94-453d-886d-9723c194e567]  [PRODUCTION] Making POST request to https://collector-observability.browserstack.com
2025-11-16T08:17:34.377Z CLI info [testhub:request-queue-handler]  [sathishponnusamy_yQ8Y0R]  [jzyrvil3tvd6e1vgoc6pyjnpjnjuidhoxb3fzahx]  [83239fcc-cf94-453d-886d-9723c194e567]  Added the event {
  event_type: 'CBTSessionCreated',
  test_run: {
    uuid: 'b09547c8-22fd-4b32-b73d-e3714b12ddf8',
    integrations: { browserstack: [Object] }
  }
} to 49630:0
2025-11-16T08:17:34.750Z CLI info [testhub:request-queue-handler]  [sathishponnusamy_yQ8Y0R]  [jzyrvil3tvd6e1vgoc6pyjnpjnjuidhoxb3fzahx]  [83239fcc-cf94-453d-886d-9723c194e567]  Added the event {
  event_type: 'CBTSessionCreated',
  test_run: {
    uuid: '32e13a70-d304-40a8-887b-86fc66850a69',
    integrations: { browserstack: [Object] }
  }
} to 49630:0
2025-11-16T08:17:35.438Z CLI info [sdk:service]  [sathishponnusamy_yQ8Y0R]  [jzyrvil3tvd6e1vgoc6pyjnpjnjuidhoxb3fzahx]  [83239fcc-cf94-453d-886d-9723c194e567]  Driver initialized as primary driver: platformIndex=1
2025-11-16T08:17:35.869Z CLI info [testhub:request-queue-handler]  [sathishponnusamy_yQ8Y0R]  [jzyrvil3tvd6e1vgoc6pyjnpjnjuidhoxb3fzahx]  [83239fcc-cf94-453d-886d-9723c194e567]  Processing batch event [
  {
    event_type: 'CBTSessionCreated',
    test_run: {
      uuid: 'b09547c8-22fd-4b32-b73d-e3714b12ddf8',
      integrations: [Object]
    }
  },
  {
    event_type: 'CBTSessionCreated',
    test_run: {
      uuid: '32e13a70-d304-40a8-887b-86fc66850a69',
      integrations: [Object]
    }
  }
] to 49630:0
2025-11-16T08:17:35.869Z CLI info  [sathishponnusamy_yQ8Y0R]  [jzyrvil3tvd6e1vgoc6pyjnpjnjuidhoxb3fzahx]  [83239fcc-cf94-453d-886d-9723c194e567]  [PRODUCTION] Making POST request to https://collector-observability.browserstack.com
2025-11-16T08:17:36.571Z CLI info [testhub:request-queue-handler]  [sathishponnusamy_yQ8Y0R]  [jzyrvil3tvd6e1vgoc6pyjnpjnjuidhoxb3fzahx]  [83239fcc-cf94-453d-886d-9723c194e567]  Added the event {
  event_type: 'CBTSessionCreated',
  test_run: {
    uuid: 'b09547c8-22fd-4b32-b73d-e3714b12ddf8',
    integrations: { browserstack: [Object] }
  }
} to 49630:0
2025-11-16T08:17:37.869Z CLI info [testhub:request-queue-handler]  [sathishponnusamy_yQ8Y0R]  [jzyrvil3tvd6e1vgoc6pyjnpjnjuidhoxb3fzahx]  [83239fcc-cf94-453d-886d-9723c194e567]  Processing batch event [
  {
    event_type: 'CBTSessionCreated',
    test_run: {
      uuid: 'b09547c8-22fd-4b32-b73d-e3714b12ddf8',
      integrations: [Object]
    }
  }
] to 49630:0
2025-11-16T08:17:37.870Z CLI info  [sathishponnusamy_yQ8Y0R]  [jzyrvil3tvd6e1vgoc6pyjnpjnjuidhoxb3fzahx]  [83239fcc-cf94-453d-886d-9723c194e567]  [PRODUCTION] Making POST request to https://collector-observability.browserstack.com
2025-11-16T08:17:39.879Z CLI info [testhub:request-queue-handler]  [sathishponnusamy_yQ8Y0R]  [jzyrvil3tvd6e1vgoc6pyjnpjnjuidhoxb3fzahx]  [83239fcc-cf94-453d-886d-9723c194e567]  Added the event {
  event_type: 'TestRunFinished',
  test_run: {
    type: 'test',
    framework: 'Cucumber-TestNG',
    uuid: 'b09547c8-22fd-4b32-b73d-e3714b12ddf8',
    name: 'Unsuccessful login with invalid or empty credentials',
    body: {
      lang: 'java',
      code: 'public void io.cucumber.testng.AbstractTestNGCucumberTests.runScenario(io.cucumber.testng.PickleWrapper,io.cucumber.testng.FeatureWrapper)'
    },
    identifier: 'Unsuccessful login with invalid or empty credentials',
    scope: 'Unsuccessful login with invalid or empty credentials',
    scopes: [ 'Login Functionality for OpenCart E-Commerce Website' ],
    file_name: 'SeleniumTestNG/src/test/resources/features/loginpage.feature',
    vc_filepath: 'SeleniumTestNG/src/test/resources/features/loginpage.feature',
    location: 'SeleniumTestNG/src/test/resources/features/loginpage.feature',
    meta: {
      data_provider_name: 'scenarios',
      feature: [Object],
      scenario: [Object],
      steps: [Array],
      examples: [Array]
    },
    result: 'passed',
    duration_in_ms: 25623,
    started_at: '2025-11-16T08:17:14.252Z',
    finished_at: '2025-11-16T08:17:39.875Z',
    failure: null,
    failure_type: null,
    failure_reason: null,
    retry_of: null,
    custom_metadata: {},
    tags: [],
    customRerunParam: { rerun_name: 'SeleniumTestNG-0' },
    hooks: [],
    product_map: {
      observability: true,
      accessibility: false,
      percy: false,
      automate: true,
      app_automate: false
    }
  },
  logs: []
} to 49630:0
2025-11-16T08:17:39.900Z CLI info [testhub:request-queue-handler]  [sathishponnusamy_yQ8Y0R]  [jzyrvil3tvd6e1vgoc6pyjnpjnjuidhoxb3fzahx]  [83239fcc-cf94-453d-886d-9723c194e567]  Added the event {
  event_type: 'CBTSessionCreated',
  test_run: {
    uuid: '8fac6e06-74b4-4e07-bf4f-e22b92026175',
    integrations: { browserstack: [Object] }
  }
} to 49630:0
2025-11-16T08:17:40.224Z CLI info [testhub:request-queue-handler]  [sathishponnusamy_yQ8Y0R]  [jzyrvil3tvd6e1vgoc6pyjnpjnjuidhoxb3fzahx]  [83239fcc-cf94-453d-886d-9723c194e567]  Added the event {
  event_type: 'TestRunStarted',
  test_run: {
    type: 'test',
    framework: 'Cucumber-TestNG',
    uuid: '8fac6e06-74b4-4e07-bf4f-e22b92026175',
    name: 'Unsuccessful login with invalid or empty credentials',
    body: {
      lang: 'java',
      code: 'public void io.cucumber.testng.AbstractTestNGCucumberTests.runScenario(io.cucumber.testng.PickleWrapper,io.cucumber.testng.FeatureWrapper)'
    },
    identifier: 'Unsuccessful login with invalid or empty credentials',
    scope: 'Unsuccessful login with invalid or empty credentials',
    scopes: [ 'Login Functionality for OpenCart E-Commerce Website' ],
    file_name: 'SeleniumTestNG/src/test/resources/features/loginpage.feature',
    vc_filepath: 'SeleniumTestNG/src/test/resources/features/loginpage.feature',
    location: 'SeleniumTestNG/src/test/resources/features/loginpage.feature',
    meta: {
      data_provider_name: 'scenarios',
      feature: [Object],
      scenario: [Object],
      examples: [Array]
    },
    result: 'passed',
    duration_in_ms: null,
    started_at: '2025-11-16T08:17:39.896Z',
    finished_at: '2025-11-16T08:17:39.875Z',
    failure: null,
    failure_type: null,
    failure_reason: null,
    retry_of: null,
    custom_metadata: {},
    tags: [],
    customRerunParam: { rerun_name: 'SeleniumTestNG-0' },
    hooks: [],
    product_map: {
      observability: true,
      accessibility: false,
      percy: false,
      automate: true,
      app_automate: false
    }
  },
  logs: []
} to 49630:0
2025-11-16T08:17:40.231Z CLI info [testhub:request-queue-handler]  [sathishponnusamy_yQ8Y0R]  [jzyrvil3tvd6e1vgoc6pyjnpjnjuidhoxb3fzahx]  [83239fcc-cf94-453d-886d-9723c194e567]  Added the event {
  event_type: 'CBTSessionCreated',
  test_run: {
    uuid: '8fac6e06-74b4-4e07-bf4f-e22b92026175',
    integrations: { browserstack: [Object] }
  }
} to 49630:0
2025-11-16T08:17:40.817Z CLI info [testhub:request-queue-handler]  [sathishponnusamy_yQ8Y0R]  [jzyrvil3tvd6e1vgoc6pyjnpjnjuidhoxb3fzahx]  [83239fcc-cf94-453d-886d-9723c194e567]  Added the event {
  event_type: 'CBTSessionCreated',
  test_run: {
    uuid: '8fac6e06-74b4-4e07-bf4f-e22b92026175',
    integrations: { browserstack: [Object] }
  }
} to 49630:0
2025-11-16T08:17:41.353Z CLI info [sdk:service]  [sathishponnusamy_yQ8Y0R]  [jzyrvil3tvd6e1vgoc6pyjnpjnjuidhoxb3fzahx]  [83239fcc-cf94-453d-886d-9723c194e567]  Driver initialized as primary driver: platformIndex=0
2025-11-16T08:17:41.872Z CLI info [testhub:request-queue-handler]  [sathishponnusamy_yQ8Y0R]  [jzyrvil3tvd6e1vgoc6pyjnpjnjuidhoxb3fzahx]  [83239fcc-cf94-453d-886d-9723c194e567]  Processing batch event [
  {
    event_type: 'TestRunFinished',
    test_run: {
      type: 'test',
      framework: 'Cucumber-TestNG',
      uuid: 'b09547c8-22fd-4b32-b73d-e3714b12ddf8',
      name: 'Unsuccessful login with invalid or empty credentials',
      body: [Object],
      identifier: 'Unsuccessful login with invalid or empty credentials',
      scope: 'Unsuccessful login with invalid or empty credentials',
      scopes: [Array],
      file_name: 'SeleniumTestNG/src/test/resources/features/loginpage.feature',
      vc_filepath: 'SeleniumTestNG/src/test/resources/features/loginpage.feature',
      location: 'SeleniumTestNG/src/test/resources/features/loginpage.feature',
      meta: [Object],
      result: 'passed',
      duration_in_ms: 25623,
      started_at: '2025-11-16T08:17:14.252Z',
      finished_at: '2025-11-16T08:17:39.875Z',
      failure: null,
      failure_type: null,
      failure_reason: null,
      retry_of: null,
      custom_metadata: {},
      tags: [],
      customRerunParam: [Object],
      hooks: [],
      product_map: [Object]
    },
    logs: []
  },
  {
    event_type: 'CBTSessionCreated',
    test_run: {
      uuid: '8fac6e06-74b4-4e07-bf4f-e22b92026175',
      integrations: [Object]
    }
  },
  {
    event_type: 'TestRunStarted',
    test_run: {
      type: 'test',
      framework: 'Cucumber-TestNG',
      uuid: '8fac6e06-74b4-4e07-bf4f-e22b92026175',
      name: 'Unsuccessful login with invalid or empty credentials',
      body: [Object],
      identifier: 'Unsuccessful login with invalid or empty credentials',
      scope: 'Unsuccessful login with invalid or empty credentials',
      scopes: [Array],
      file_name: 'SeleniumTestNG/src/test/resources/features/loginpage.feature',
      vc_filepath: 'SeleniumTestNG/src/test/resources/features/loginpage.feature',
      location: 'SeleniumTestNG/src/test/resources/features/loginpage.feature',
      meta: [Object],
      result: 'passed',
      duration_in_ms: null,
      started_at: '2025-11-16T08:17:39.896Z',
      finished_at: '2025-11-16T08:17:39.875Z',
      failure: null,
      failure_type: null,
      failure_reason: null,
      retry_of: null,
      custom_metadata: {},
      tags: [],
      customRerunParam: [Object],
      hooks: [],
      product_map: [Object]
    },
    logs: []
  },
  {
    event_type: 'CBTSessionCreated',
    test_run: {
      uuid: '8fac6e06-74b4-4e07-bf4f-e22b92026175',
      integrations: [Object]
    }
  },
  {
    event_type: 'CBTSessionCreated',
    test_run: {
      uuid: '8fac6e06-74b4-4e07-bf4f-e22b92026175',
      integrations: [Object]
    }
  }
] to 49630:0
2025-11-16T08:17:41.873Z CLI info  [sathishponnusamy_yQ8Y0R]  [jzyrvil3tvd6e1vgoc6pyjnpjnjuidhoxb3fzahx]  [83239fcc-cf94-453d-886d-9723c194e567]  [PRODUCTION] Making POST request to https://collector-observability.browserstack.com
2025-11-16T08:17:45.844Z CLI info [testhub:request-queue-handler]  [sathishponnusamy_yQ8Y0R]  [jzyrvil3tvd6e1vgoc6pyjnpjnjuidhoxb3fzahx]  [83239fcc-cf94-453d-886d-9723c194e567]  Added the event {
  event_type: 'CBTSessionCreated',
  test_run: {
    uuid: '32e13a70-d304-40a8-887b-86fc66850a69',
    integrations: { browserstack: [Object] }
  }
} to 49630:0
2025-11-16T08:17:45.873Z CLI info [testhub:request-queue-handler]  [sathishponnusamy_yQ8Y0R]  [jzyrvil3tvd6e1vgoc6pyjnpjnjuidhoxb3fzahx]  [83239fcc-cf94-453d-886d-9723c194e567]  Processing batch event [
  {
    event_type: 'CBTSessionCreated',
    test_run: {
      uuid: '32e13a70-d304-40a8-887b-86fc66850a69',
      integrations: [Object]
    }
  }
] to 49630:0
2025-11-16T08:17:45.873Z CLI info  [sathishponnusamy_yQ8Y0R]  [jzyrvil3tvd6e1vgoc6pyjnpjnjuidhoxb3fzahx]  [83239fcc-cf94-453d-886d-9723c194e567]  [PRODUCTION] Making POST request to https://collector-observability.browserstack.com
2025-11-16T08:17:49.777Z CLI info [testhub:request-queue-handler]  [sathishponnusamy_yQ8Y0R]  [jzyrvil3tvd6e1vgoc6pyjnpjnjuidhoxb3fzahx]  [83239fcc-cf94-453d-886d-9723c194e567]  Added the event {
  event_type: 'CBTSessionCreated',
  test_run: {
    uuid: '32e13a70-d304-40a8-887b-86fc66850a69',
    integrations: { browserstack: [Object] }
  }
} to 49630:0
2025-11-16T08:17:49.873Z CLI info [testhub:request-queue-handler]  [sathishponnusamy_yQ8Y0R]  [jzyrvil3tvd6e1vgoc6pyjnpjnjuidhoxb3fzahx]  [83239fcc-cf94-453d-886d-9723c194e567]  Processing batch event [
  {
    event_type: 'CBTSessionCreated',
    test_run: {
      uuid: '32e13a70-d304-40a8-887b-86fc66850a69',
      integrations: [Object]
    }
  }
] to 49630:0
2025-11-16T08:17:49.873Z CLI info  [sathishponnusamy_yQ8Y0R]  [jzyrvil3tvd6e1vgoc6pyjnpjnjuidhoxb3fzahx]  [83239fcc-cf94-453d-886d-9723c194e567]  [PRODUCTION] Making POST request to https://collector-observability.browserstack.com
2025-11-16T08:17:50.530Z CLI info [testhub:request-queue-handler]  [sathishponnusamy_yQ8Y0R]  [jzyrvil3tvd6e1vgoc6pyjnpjnjuidhoxb3fzahx]  [83239fcc-cf94-453d-886d-9723c194e567]  Added the event {
  event_type: 'CBTSessionCreated',
  test_run: {
    uuid: '6cc9287b-05dc-40bd-921b-fc64594ccc4d',
    integrations: { browserstack: [Object] }
  }
} to 49630:0
2025-11-16T08:17:51.400Z CLI info [testhub:request-queue-handler]  [sathishponnusamy_yQ8Y0R]  [jzyrvil3tvd6e1vgoc6pyjnpjnjuidhoxb3fzahx]  [83239fcc-cf94-453d-886d-9723c194e567]  Added the event {
  event_type: 'CBTSessionCreated',
  test_run: {
    uuid: '32e13a70-d304-40a8-887b-86fc66850a69',
    integrations: { browserstack: [Object] }
  }
} to 49630:0
2025-11-16T08:17:51.874Z CLI info [testhub:request-queue-handler]  [sathishponnusamy_yQ8Y0R]  [jzyrvil3tvd6e1vgoc6pyjnpjnjuidhoxb3fzahx]  [83239fcc-cf94-453d-886d-9723c194e567]  Processing batch event [
  {
    event_type: 'CBTSessionCreated',
    test_run: {
      uuid: '6cc9287b-05dc-40bd-921b-fc64594ccc4d',
      integrations: [Object]
    }
  },
  {
    event_type: 'CBTSessionCreated',
    test_run: {
      uuid: '32e13a70-d304-40a8-887b-86fc66850a69',
      integrations: [Object]
    }
  }
] to 49630:0
2025-11-16T08:17:51.875Z CLI info  [sathishponnusamy_yQ8Y0R]  [jzyrvil3tvd6e1vgoc6pyjnpjnjuidhoxb3fzahx]  [83239fcc-cf94-453d-886d-9723c194e567]  [PRODUCTION] Making POST request to https://collector-observability.browserstack.com
2025-11-16T08:17:51.980Z CLI info [testhub:request-queue-handler]  [sathishponnusamy_yQ8Y0R]  [jzyrvil3tvd6e1vgoc6pyjnpjnjuidhoxb3fzahx]  [83239fcc-cf94-453d-886d-9723c194e567]  Added the event {
  event_type: 'CBTSessionCreated',
  test_run: {
    uuid: '8fac6e06-74b4-4e07-bf4f-e22b92026175',
    integrations: { browserstack: [Object] }
  }
} to 49630:0
2025-11-16T08:17:53.521Z CLI info [testhub:request-queue-handler]  [sathishponnusamy_yQ8Y0R]  [jzyrvil3tvd6e1vgoc6pyjnpjnjuidhoxb3fzahx]  [83239fcc-cf94-453d-886d-9723c194e567]  Added the event {
  event_type: 'CBTSessionCreated',
  test_run: {
    uuid: '32e13a70-d304-40a8-887b-86fc66850a69',
    integrations: { browserstack: [Object] }
  }
} to 49630:0
2025-11-16T08:17:53.876Z CLI info [testhub:request-queue-handler]  [sathishponnusamy_yQ8Y0R]  [jzyrvil3tvd6e1vgoc6pyjnpjnjuidhoxb3fzahx]  [83239fcc-cf94-453d-886d-9723c194e567]  Processing batch event [
  {
    event_type: 'CBTSessionCreated',
    test_run: {
      uuid: '8fac6e06-74b4-4e07-bf4f-e22b92026175',
      integrations: [Object]
    }
  },
  {
    event_type: 'CBTSessionCreated',
    test_run: {
      uuid: '32e13a70-d304-40a8-887b-86fc66850a69',
      integrations: [Object]
    }
  }
] to 49630:0
2025-11-16T08:17:53.876Z CLI info  [sathishponnusamy_yQ8Y0R]  [jzyrvil3tvd6e1vgoc6pyjnpjnjuidhoxb3fzahx]  [83239fcc-cf94-453d-886d-9723c194e567]  [PRODUCTION] Making POST request to https://collector-observability.browserstack.com
2025-11-16T08:17:54.743Z CLI info [testhub:request-queue-handler]  [sathishponnusamy_yQ8Y0R]  [jzyrvil3tvd6e1vgoc6pyjnpjnjuidhoxb3fzahx]  [83239fcc-cf94-453d-886d-9723c194e567]  Added the event {
  event_type: 'CBTSessionCreated',
  test_run: {
    uuid: '32e13a70-d304-40a8-887b-86fc66850a69',
    integrations: { browserstack: [Object] }
  }
} to 49630:0
2025-11-16T08:17:55.096Z CLI info [testhub:request-queue-handler]  [sathishponnusamy_yQ8Y0R]  [jzyrvil3tvd6e1vgoc6pyjnpjnjuidhoxb3fzahx]  [83239fcc-cf94-453d-886d-9723c194e567]  Added the event {
  event_type: 'CBTSessionCreated',
  test_run: {
    uuid: '6cc9287b-05dc-40bd-921b-fc64594ccc4d',
    integrations: { browserstack: [Object] }
  }
} to 49630:0
2025-11-16T08:17:55.876Z CLI info [testhub:request-queue-handler]  [sathishponnusamy_yQ8Y0R]  [jzyrvil3tvd6e1vgoc6pyjnpjnjuidhoxb3fzahx]  [83239fcc-cf94-453d-886d-9723c194e567]  Processing batch event [
  {
    event_type: 'CBTSessionCreated',
    test_run: {
      uuid: '32e13a70-d304-40a8-887b-86fc66850a69',
      integrations: [Object]
    }
  },
  {
    event_type: 'CBTSessionCreated',
    test_run: {
      uuid: '6cc9287b-05dc-40bd-921b-fc64594ccc4d',
      integrations: [Object]
    }
  }
] to 49630:0
2025-11-16T08:17:55.878Z CLI info  [sathishponnusamy_yQ8Y0R]  [jzyrvil3tvd6e1vgoc6pyjnpjnjuidhoxb3fzahx]  [83239fcc-cf94-453d-886d-9723c194e567]  [PRODUCTION] Making POST request to https://collector-observability.browserstack.com
2025-11-16T08:17:57.171Z CLI info [testhub:request-queue-handler]  [sathishponnusamy_yQ8Y0R]  [jzyrvil3tvd6e1vgoc6pyjnpjnjuidhoxb3fzahx]  [83239fcc-cf94-453d-886d-9723c194e567]  Added the event {
  event_type: 'CBTSessionCreated',
  test_run: {
    uuid: '8fac6e06-74b4-4e07-bf4f-e22b92026175',
    integrations: { browserstack: [Object] }
  }
} to 49630:0
2025-11-16T08:17:57.538Z CLI info [testhub:request-queue-handler]  [sathishponnusamy_yQ8Y0R]  [jzyrvil3tvd6e1vgoc6pyjnpjnjuidhoxb3fzahx]  [83239fcc-cf94-453d-886d-9723c194e567]  Added the event {
  event_type: 'TestRunFinished',
  test_run: {
    type: 'test',
    framework: 'Cucumber-TestNG',
    uuid: '32e13a70-d304-40a8-887b-86fc66850a69',
    name: 'Unsuccessful login with invalid or empty credentials',
    body: {
      lang: 'java',
      code: 'public void io.cucumber.testng.AbstractTestNGCucumberTests.runScenario(io.cucumber.testng.PickleWrapper,io.cucumber.testng.FeatureWrapper)'
    },
    identifier: 'Unsuccessful login with invalid or empty credentials',
    scope: 'Unsuccessful login with invalid or empty credentials',
    scopes: [ 'Login Functionality for OpenCart E-Commerce Website' ],
    file_name: 'SeleniumTestNG/src/test/resources/features/loginpage.feature',
    vc_filepath: 'SeleniumTestNG/src/test/resources/features/loginpage.feature',
    location: 'SeleniumTestNG/src/test/resources/features/loginpage.feature',
    meta: {
      data_provider_name: 'scenarios',
      feature: [Object],
      scenario: [Object],
      steps: [Array],
      examples: [Array]
    },
    result: 'passed',
    duration_in_ms: 24468,
    started_at: '2025-11-16T08:17:33.065Z',
    finished_at: '2025-11-16T08:17:57.533Z',
    failure: null,
    failure_type: null,
    failure_reason: null,
    retry_of: null,
    custom_metadata: {},
    tags: [],
    customRerunParam: { rerun_name: 'SeleniumTestNG-1' },
    hooks: [],
    product_map: {
      observability: true,
      accessibility: false,
      percy: false,
      automate: true,
      app_automate: false
    }
  },
  logs: []
} to 49630:0
2025-11-16T08:17:57.556Z CLI info [testhub:request-queue-handler]  [sathishponnusamy_yQ8Y0R]  [jzyrvil3tvd6e1vgoc6pyjnpjnjuidhoxb3fzahx]  [83239fcc-cf94-453d-886d-9723c194e567]  Added the event {
  event_type: 'CBTSessionCreated',
  test_run: {
    uuid: 'd1fb1fcc-9ca9-43f8-81ba-e739c18c4ea7',
    integrations: { browserstack: [Object] }
  }
} to 49630:0
2025-11-16T08:17:57.878Z CLI info [testhub:request-queue-handler]  [sathishponnusamy_yQ8Y0R]  [jzyrvil3tvd6e1vgoc6pyjnpjnjuidhoxb3fzahx]  [83239fcc-cf94-453d-886d-9723c194e567]  Added the event {
  event_type: 'TestRunStarted',
  test_run: {
    type: 'test',
    framework: 'Cucumber-TestNG',
    uuid: 'd1fb1fcc-9ca9-43f8-81ba-e739c18c4ea7',
    name: 'Navigating to the forgotten password page',
    body: {
      lang: 'java',
      code: 'public void io.cucumber.testng.AbstractTestNGCucumberTests.runScenario(io.cucumber.testng.PickleWrapper,io.cucumber.testng.FeatureWrapper)'
    },
    identifier: 'Navigating to the forgotten password page',
    scope: 'Navigating to the forgotten password page',
    scopes: [ 'Login Functionality for OpenCart E-Commerce Website' ],
    file_name: 'SeleniumTestNG/src/test/resources/features/loginpage.feature',
    vc_filepath: 'SeleniumTestNG/src/test/resources/features/loginpage.feature',
    location: 'SeleniumTestNG/src/test/resources/features/loginpage.feature',
    meta: {
      data_provider_name: 'scenarios',
      feature: [Object],
      scenario: [Object]
    },
    result: 'passed',
    duration_in_ms: null,
    started_at: '2025-11-16T08:17:57.553Z',
    finished_at: '2025-11-16T08:17:57.533Z',
    failure: null,
    failure_type: null,
    failure_reason: null,
    retry_of: null,
    custom_metadata: {},
    tags: [],
    customRerunParam: { rerun_name: 'SeleniumTestNG-1' },
    hooks: [],
    product_map: {
      observability: true,
      accessibility: false,
      percy: false,
      automate: true,
      app_automate: false
    }
  },
  logs: []
} to 49630:0
2025-11-16T08:17:57.879Z CLI info [testhub:request-queue-handler]  [sathishponnusamy_yQ8Y0R]  [jzyrvil3tvd6e1vgoc6pyjnpjnjuidhoxb3fzahx]  [83239fcc-cf94-453d-886d-9723c194e567]  Processing batch event [
  {
    event_type: 'CBTSessionCreated',
    test_run: {
      uuid: '8fac6e06-74b4-4e07-bf4f-e22b92026175',
      integrations: [Object]
    }
  },
  {
    event_type: 'TestRunFinished',
    test_run: {
      type: 'test',
      framework: 'Cucumber-TestNG',
      uuid: '32e13a70-d304-40a8-887b-86fc66850a69',
      name: 'Unsuccessful login with invalid or empty credentials',
      body: [Object],
      identifier: 'Unsuccessful login with invalid or empty credentials',
      scope: 'Unsuccessful login with invalid or empty credentials',
      scopes: [Array],
      file_name: 'SeleniumTestNG/src/test/resources/features/loginpage.feature',
      vc_filepath: 'SeleniumTestNG/src/test/resources/features/loginpage.feature',
      location: 'SeleniumTestNG/src/test/resources/features/loginpage.feature',
      meta: [Object],
      result: 'passed',
      duration_in_ms: 24468,
      started_at: '2025-11-16T08:17:33.065Z',
      finished_at: '2025-11-16T08:17:57.533Z',
      failure: null,
      failure_type: null,
      failure_reason: null,
      retry_of: null,
      custom_metadata: {},
      tags: [],
      customRerunParam: [Object],
      hooks: [],
      product_map: [Object]
    },
    logs: []
  },
  {
    event_type: 'CBTSessionCreated',
    test_run: {
      uuid: 'd1fb1fcc-9ca9-43f8-81ba-e739c18c4ea7',
      integrations: [Object]
    }
  },
  {
    event_type: 'TestRunStarted',
    test_run: {
      type: 'test',
      framework: 'Cucumber-TestNG',
      uuid: 'd1fb1fcc-9ca9-43f8-81ba-e739c18c4ea7',
      name: 'Navigating to the forgotten password page',
      body: [Object],
      identifier: 'Navigating to the forgotten password page',
      scope: 'Navigating to the forgotten password page',
      scopes: [Array],
      file_name: 'SeleniumTestNG/src/test/resources/features/loginpage.feature',
      vc_filepath: 'SeleniumTestNG/src/test/resources/features/loginpage.feature',
      location: 'SeleniumTestNG/src/test/resources/features/loginpage.feature',
      meta: [Object],
      result: 'passed',
      duration_in_ms: null,
      started_at: '2025-11-16T08:17:57.553Z',
      finished_at: '2025-11-16T08:17:57.533Z',
      failure: null,
      failure_type: null,
      failure_reason: null,
      retry_of: null,
      custom_metadata: {},
      tags: [],
      customRerunParam: [Object],
      hooks: [],
      product_map: [Object]
    },
    logs: []
  }
] to 49630:0
2025-11-16T08:17:57.879Z CLI info  [sathishponnusamy_yQ8Y0R]  [jzyrvil3tvd6e1vgoc6pyjnpjnjuidhoxb3fzahx]  [83239fcc-cf94-453d-886d-9723c194e567]  [PRODUCTION] Making POST request to https://collector-observability.browserstack.com
2025-11-16T08:17:57.889Z CLI info [testhub:request-queue-handler]  [sathishponnusamy_yQ8Y0R]  [jzyrvil3tvd6e1vgoc6pyjnpjnjuidhoxb3fzahx]  [83239fcc-cf94-453d-886d-9723c194e567]  Added the event {
  event_type: 'CBTSessionCreated',
  test_run: {
    uuid: 'd1fb1fcc-9ca9-43f8-81ba-e739c18c4ea7',
    integrations: { browserstack: [Object] }
  }
} to 49630:0
2025-11-16T08:17:58.434Z CLI info [testhub:request-queue-handler]  [sathishponnusamy_yQ8Y0R]  [jzyrvil3tvd6e1vgoc6pyjnpjnjuidhoxb3fzahx]  [83239fcc-cf94-453d-886d-9723c194e567]  Added the event {
  event_type: 'CBTSessionCreated',
  test_run: {
    uuid: 'd1fb1fcc-9ca9-43f8-81ba-e739c18c4ea7',
    integrations: { browserstack: [Object] }
  }
} to 49630:0
2025-11-16T08:17:58.555Z CLI info [testhub:request-queue-handler]  [sathishponnusamy_yQ8Y0R]  [jzyrvil3tvd6e1vgoc6pyjnpjnjuidhoxb3fzahx]  [83239fcc-cf94-453d-886d-9723c194e567]  Added the event {
  event_type: 'CBTSessionCreated',
  test_run: {
    uuid: '6cc9287b-05dc-40bd-921b-fc64594ccc4d',
    integrations: { browserstack: [Object] }
  }
} to 49630:0
2025-11-16T08:17:59.004Z CLI info [sdk:service]  [sathishponnusamy_yQ8Y0R]  [jzyrvil3tvd6e1vgoc6pyjnpjnjuidhoxb3fzahx]  [83239fcc-cf94-453d-886d-9723c194e567]  Driver initialized as primary driver: platformIndex=1
2025-11-16T08:17:59.551Z CLI info [testhub:request-queue-handler]  [sathishponnusamy_yQ8Y0R]  [jzyrvil3tvd6e1vgoc6pyjnpjnjuidhoxb3fzahx]  [83239fcc-cf94-453d-886d-9723c194e567]  Added the event {
  event_type: 'CBTSessionCreated',
  test_run: {
    uuid: '8fac6e06-74b4-4e07-bf4f-e22b92026175',
    integrations: { browserstack: [Object] }
  }
} to 49630:0
2025-11-16T08:17:59.880Z CLI info [testhub:request-queue-handler]  [sathishponnusamy_yQ8Y0R]  [jzyrvil3tvd6e1vgoc6pyjnpjnjuidhoxb3fzahx]  [83239fcc-cf94-453d-886d-9723c194e567]  Processing batch event [
  {
    event_type: 'CBTSessionCreated',
    test_run: {
      uuid: 'd1fb1fcc-9ca9-43f8-81ba-e739c18c4ea7',
      integrations: [Object]
    }
  },
  {
    event_type: 'CBTSessionCreated',
    test_run: {
      uuid: 'd1fb1fcc-9ca9-43f8-81ba-e739c18c4ea7',
      integrations: [Object]
    }
  },
  {
    event_type: 'CBTSessionCreated',
    test_run: {
      uuid: '6cc9287b-05dc-40bd-921b-fc64594ccc4d',
      integrations: [Object]
    }
  },
  {
    event_type: 'CBTSessionCreated',
    test_run: {
      uuid: '8fac6e06-74b4-4e07-bf4f-e22b92026175',
      integrations: [Object]
    }
  }
] to 49630:0
2025-11-16T08:17:59.881Z CLI info  [sathishponnusamy_yQ8Y0R]  [jzyrvil3tvd6e1vgoc6pyjnpjnjuidhoxb3fzahx]  [83239fcc-cf94-453d-886d-9723c194e567]  [PRODUCTION] Making POST request to https://collector-observability.browserstack.com
2025-11-16T08:18:00.970Z CLI info [testhub:request-queue-handler]  [sathishponnusamy_yQ8Y0R]  [jzyrvil3tvd6e1vgoc6pyjnpjnjuidhoxb3fzahx]  [83239fcc-cf94-453d-886d-9723c194e567]  Added the event {
  event_type: 'CBTSessionCreated',
  test_run: {
    uuid: '6cc9287b-05dc-40bd-921b-fc64594ccc4d',
    integrations: { browserstack: [Object] }
  }
} to 49630:0
2025-11-16T08:18:01.880Z CLI info [testhub:request-queue-handler]  [sathishponnusamy_yQ8Y0R]  [jzyrvil3tvd6e1vgoc6pyjnpjnjuidhoxb3fzahx]  [83239fcc-cf94-453d-886d-9723c194e567]  Processing batch event [
  {
    event_type: 'CBTSessionCreated',
    test_run: {
      uuid: '6cc9287b-05dc-40bd-921b-fc64594ccc4d',
      integrations: [Object]
    }
  }
] to 49630:0
2025-11-16T08:18:01.881Z CLI info  [sathishponnusamy_yQ8Y0R]  [jzyrvil3tvd6e1vgoc6pyjnpjnjuidhoxb3fzahx]  [83239fcc-cf94-453d-886d-9723c194e567]  [PRODUCTION] Making POST request to https://collector-observability.browserstack.com
2025-11-16T08:18:03.133Z CLI info [testhub:request-queue-handler]  [sathishponnusamy_yQ8Y0R]  [jzyrvil3tvd6e1vgoc6pyjnpjnjuidhoxb3fzahx]  [83239fcc-cf94-453d-886d-9723c194e567]  Added the event {
  event_type: 'CBTSessionCreated',
  test_run: {
    uuid: '8fac6e06-74b4-4e07-bf4f-e22b92026175',
    integrations: { browserstack: [Object] }
  }
} to 49630:0
2025-11-16T08:18:03.882Z CLI info [testhub:request-queue-handler]  [sathishponnusamy_yQ8Y0R]  [jzyrvil3tvd6e1vgoc6pyjnpjnjuidhoxb3fzahx]  [83239fcc-cf94-453d-886d-9723c194e567]  Processing batch event [
  {
    event_type: 'CBTSessionCreated',
    test_run: {
      uuid: '8fac6e06-74b4-4e07-bf4f-e22b92026175',
      integrations: [Object]
    }
  }
] to 49630:0
2025-11-16T08:18:03.883Z CLI info  [sathishponnusamy_yQ8Y0R]  [jzyrvil3tvd6e1vgoc6pyjnpjnjuidhoxb3fzahx]  [83239fcc-cf94-453d-886d-9723c194e567]  [PRODUCTION] Making POST request to https://collector-observability.browserstack.com
2025-11-16T08:18:05.233Z CLI info [testhub:request-queue-handler]  [sathishponnusamy_yQ8Y0R]  [jzyrvil3tvd6e1vgoc6pyjnpjnjuidhoxb3fzahx]  [83239fcc-cf94-453d-886d-9723c194e567]  Added the event {
  event_type: 'CBTSessionCreated',
  test_run: {
    uuid: '8fac6e06-74b4-4e07-bf4f-e22b92026175',
    integrations: { browserstack: [Object] }
  }
} to 49630:0
2025-11-16T08:18:05.882Z CLI info [testhub:request-queue-handler]  [sathishponnusamy_yQ8Y0R]  [jzyrvil3tvd6e1vgoc6pyjnpjnjuidhoxb3fzahx]  [83239fcc-cf94-453d-886d-9723c194e567]  Processing batch event [
  {
    event_type: 'CBTSessionCreated',
    test_run: {
      uuid: '8fac6e06-74b4-4e07-bf4f-e22b92026175',
      integrations: [Object]
    }
  }
] to 49630:0
2025-11-16T08:18:05.882Z CLI info  [sathishponnusamy_yQ8Y0R]  [jzyrvil3tvd6e1vgoc6pyjnpjnjuidhoxb3fzahx]  [83239fcc-cf94-453d-886d-9723c194e567]  [PRODUCTION] Making POST request to https://collector-observability.browserstack.com
2025-11-16T08:18:08.764Z CLI info [testhub:request-queue-handler]  [sathishponnusamy_yQ8Y0R]  [jzyrvil3tvd6e1vgoc6pyjnpjnjuidhoxb3fzahx]  [83239fcc-cf94-453d-886d-9723c194e567]  Added the event {
  event_type: 'TestRunFinished',
  test_run: {
    type: 'test',
    framework: 'Cucumber-TestNG',
    uuid: '8fac6e06-74b4-4e07-bf4f-e22b92026175',
    name: 'Unsuccessful login with invalid or empty credentials',
    body: {
      lang: 'java',
      code: 'public void io.cucumber.testng.AbstractTestNGCucumberTests.runScenario(io.cucumber.testng.PickleWrapper,io.cucumber.testng.FeatureWrapper)'
    },
    identifier: 'Unsuccessful login with invalid or empty credentials',
    scope: 'Unsuccessful login with invalid or empty credentials',
    scopes: [ 'Login Functionality for OpenCart E-Commerce Website' ],
    file_name: 'SeleniumTestNG/src/test/resources/features/loginpage.feature',
    vc_filepath: 'SeleniumTestNG/src/test/resources/features/loginpage.feature',
    location: 'SeleniumTestNG/src/test/resources/features/loginpage.feature',
    meta: {
      data_provider_name: 'scenarios',
      feature: [Object],
      scenario: [Object],
      steps: [Array],
      examples: [Array]
    },
    result: 'passed',
    duration_in_ms: 28863,
    started_at: '2025-11-16T08:17:39.896Z',
    finished_at: '2025-11-16T08:18:08.759Z',
    failure: null,
    failure_type: null,
    failure_reason: null,
    retry_of: null,
    custom_metadata: {},
    tags: [],
    customRerunParam: { rerun_name: 'SeleniumTestNG-0' },
    hooks: [],
    product_map: {
      observability: true,
      accessibility: false,
      percy: false,
      automate: true,
      app_automate: false
    }
  },
  logs: []
} to 49630:0
2025-11-16T08:18:08.782Z CLI info [testhub:request-queue-handler]  [sathishponnusamy_yQ8Y0R]  [jzyrvil3tvd6e1vgoc6pyjnpjnjuidhoxb3fzahx]  [83239fcc-cf94-453d-886d-9723c194e567]  Added the event {
  event_type: 'CBTSessionCreated',
  test_run: {
    uuid: '74ef8050-836d-4b1c-93f3-54b55316dfb6',
    integrations: { browserstack: [Object] }
  }
} to 49630:0
2025-11-16T08:18:09.102Z CLI info [testhub:request-queue-handler]  [sathishponnusamy_yQ8Y0R]  [jzyrvil3tvd6e1vgoc6pyjnpjnjuidhoxb3fzahx]  [83239fcc-cf94-453d-886d-9723c194e567]  Added the event {
  event_type: 'TestRunStarted',
  test_run: {
    type: 'test',
    framework: 'Cucumber-TestNG',
    uuid: '74ef8050-836d-4b1c-93f3-54b55316dfb6',
    name: 'Navigating to the forgotten password page',
    body: {
      lang: 'java',
      code: 'public void io.cucumber.testng.AbstractTestNGCucumberTests.runScenario(io.cucumber.testng.PickleWrapper,io.cucumber.testng.FeatureWrapper)'
    },
    identifier: 'Navigating to the forgotten password page',
    scope: 'Navigating to the forgotten password page',
    scopes: [ 'Login Functionality for OpenCart E-Commerce Website' ],
    file_name: 'SeleniumTestNG/src/test/resources/features/loginpage.feature',
    vc_filepath: 'SeleniumTestNG/src/test/resources/features/loginpage.feature',
    location: 'SeleniumTestNG/src/test/resources/features/loginpage.feature',
    meta: {
      data_provider_name: 'scenarios',
      feature: [Object],
      scenario: [Object]
    },
    result: 'passed',
    duration_in_ms: null,
    started_at: '2025-11-16T08:18:08.778Z',
    finished_at: '2025-11-16T08:18:08.759Z',
    failure: null,
    failure_type: null,
    failure_reason: null,
    retry_of: null,
    custom_metadata: {},
    tags: [],
    customRerunParam: { rerun_name: 'SeleniumTestNG-0' },
    hooks: [],
    product_map: {
      observability: true,
      accessibility: false,
      percy: false,
      automate: true,
      app_automate: false
    }
  },
  logs: []
} to 49630:0
2025-11-16T08:18:09.110Z CLI info [testhub:request-queue-handler]  [sathishponnusamy_yQ8Y0R]  [jzyrvil3tvd6e1vgoc6pyjnpjnjuidhoxb3fzahx]  [83239fcc-cf94-453d-886d-9723c194e567]  Added the event {
  event_type: 'CBTSessionCreated',
  test_run: {
    uuid: '74ef8050-836d-4b1c-93f3-54b55316dfb6',
    integrations: { browserstack: [Object] }
  }
} to 49630:0
2025-11-16T08:18:09.347Z CLI info [testhub:request-queue-handler]  [sathishponnusamy_yQ8Y0R]  [jzyrvil3tvd6e1vgoc6pyjnpjnjuidhoxb3fzahx]  [83239fcc-cf94-453d-886d-9723c194e567]  Added the event {
  event_type: 'CBTSessionCreated',
  test_run: {
    uuid: 'd1fb1fcc-9ca9-43f8-81ba-e739c18c4ea7',
    integrations: { browserstack: [Object] }
  }
} to 49630:0
2025-11-16T08:18:09.678Z CLI info [testhub:request-queue-handler]  [sathishponnusamy_yQ8Y0R]  [jzyrvil3tvd6e1vgoc6pyjnpjnjuidhoxb3fzahx]  [83239fcc-cf94-453d-886d-9723c194e567]  Added the event {
  event_type: 'CBTSessionCreated',
  test_run: {
    uuid: '74ef8050-836d-4b1c-93f3-54b55316dfb6',
    integrations: { browserstack: [Object] }
  }
} to 49630:0
2025-11-16T08:18:09.883Z CLI info [testhub:request-queue-handler]  [sathishponnusamy_yQ8Y0R]  [jzyrvil3tvd6e1vgoc6pyjnpjnjuidhoxb3fzahx]  [83239fcc-cf94-453d-886d-9723c194e567]  Processing batch event [
  {
    event_type: 'TestRunFinished',
    test_run: {
      type: 'test',
      framework: 'Cucumber-TestNG',
      uuid: '8fac6e06-74b4-4e07-bf4f-e22b92026175',
      name: 'Unsuccessful login with invalid or empty credentials',
      body: [Object],
      identifier: 'Unsuccessful login with invalid or empty credentials',
      scope: 'Unsuccessful login with invalid or empty credentials',
      scopes: [Array],
      file_name: 'SeleniumTestNG/src/test/resources/features/loginpage.feature',
      vc_filepath: 'SeleniumTestNG/src/test/resources/features/loginpage.feature',
      location: 'SeleniumTestNG/src/test/resources/features/loginpage.feature',
      meta: [Object],
      result: 'passed',
      duration_in_ms: 28863,
      started_at: '2025-11-16T08:17:39.896Z',
      finished_at: '2025-11-16T08:18:08.759Z',
      failure: null,
      failure_type: null,
      failure_reason: null,
      retry_of: null,
      custom_metadata: {},
      tags: [],
      customRerunParam: [Object],
      hooks: [],
      product_map: [Object]
    },
    logs: []
  },
  {
    event_type: 'CBTSessionCreated',
    test_run: {
      uuid: '74ef8050-836d-4b1c-93f3-54b55316dfb6',
      integrations: [Object]
    }
  },
  {
    event_type: 'TestRunStarted',
    test_run: {
      type: 'test',
      framework: 'Cucumber-TestNG',
      uuid: '74ef8050-836d-4b1c-93f3-54b55316dfb6',
      name: 'Navigating to the forgotten password page',
      body: [Object],
      identifier: 'Navigating to the forgotten password page',
      scope: 'Navigating to the forgotten password page',
      scopes: [Array],
      file_name: 'SeleniumTestNG/src/test/resources/features/loginpage.feature',
      vc_filepath: 'SeleniumTestNG/src/test/resources/features/loginpage.feature',
      location: 'SeleniumTestNG/src/test/resources/features/loginpage.feature',
      meta: [Object],
      result: 'passed',
      duration_in_ms: null,
      started_at: '2025-11-16T08:18:08.778Z',
      finished_at: '2025-11-16T08:18:08.759Z',
      failure: null,
      failure_type: null,
      failure_reason: null,
      retry_of: null,
      custom_metadata: {},
      tags: [],
      customRerunParam: [Object],
      hooks: [],
      product_map: [Object]
    },
    logs: []
  },
  {
    event_type: 'CBTSessionCreated',
    test_run: {
      uuid: '74ef8050-836d-4b1c-93f3-54b55316dfb6',
      integrations: [Object]
    }
  },
  {
    event_type: 'CBTSessionCreated',
    test_run: {
      uuid: 'd1fb1fcc-9ca9-43f8-81ba-e739c18c4ea7',
      integrations: [Object]
    }
  },
  {
    event_type: 'CBTSessionCreated',
    test_run: {
      uuid: '74ef8050-836d-4b1c-93f3-54b55316dfb6',
      integrations: [Object]
    }
  }
] to 49630:0
2025-11-16T08:18:09.884Z CLI info  [sathishponnusamy_yQ8Y0R]  [jzyrvil3tvd6e1vgoc6pyjnpjnjuidhoxb3fzahx]  [83239fcc-cf94-453d-886d-9723c194e567]  [PRODUCTION] Making POST request to https://collector-observability.browserstack.com
2025-11-16T08:18:10.234Z CLI info [sdk:service]  [sathishponnusamy_yQ8Y0R]  [jzyrvil3tvd6e1vgoc6pyjnpjnjuidhoxb3fzahx]  [83239fcc-cf94-453d-886d-9723c194e567]  Driver initialized as primary driver: platformIndex=0
2025-11-16T08:18:13.342Z CLI info [testhub:request-queue-handler]  [sathishponnusamy_yQ8Y0R]  [jzyrvil3tvd6e1vgoc6pyjnpjnjuidhoxb3fzahx]  [83239fcc-cf94-453d-886d-9723c194e567]  Added the event {
  event_type: 'CBTSessionCreated',
  test_run: {
    uuid: 'd1fb1fcc-9ca9-43f8-81ba-e739c18c4ea7',
    integrations: { browserstack: [Object] }
  }
} to 49630:0
2025-11-16T08:18:13.886Z CLI info [testhub:request-queue-handler]  [sathishponnusamy_yQ8Y0R]  [jzyrvil3tvd6e1vgoc6pyjnpjnjuidhoxb3fzahx]  [83239fcc-cf94-453d-886d-9723c194e567]  Processing batch event [
  {
    event_type: 'CBTSessionCreated',
    test_run: {
      uuid: 'd1fb1fcc-9ca9-43f8-81ba-e739c18c4ea7',
      integrations: [Object]
    }
  }
] to 49630:0
2025-11-16T08:18:13.886Z CLI info  [sathishponnusamy_yQ8Y0R]  [jzyrvil3tvd6e1vgoc6pyjnpjnjuidhoxb3fzahx]  [83239fcc-cf94-453d-886d-9723c194e567]  [PRODUCTION] Making POST request to https://collector-observability.browserstack.com
2025-11-16T08:18:15.353Z CLI info [testhub:request-queue-handler]  [sathishponnusamy_yQ8Y0R]  [jzyrvil3tvd6e1vgoc6pyjnpjnjuidhoxb3fzahx]  [83239fcc-cf94-453d-886d-9723c194e567]  Added the event {
  event_type: 'CBTSessionCreated',
  test_run: {
    uuid: 'd1fb1fcc-9ca9-43f8-81ba-e739c18c4ea7',
    integrations: { browserstack: [Object] }
  }
} to 49630:0
2025-11-16T08:18:15.887Z CLI info [testhub:request-queue-handler]  [sathishponnusamy_yQ8Y0R]  [jzyrvil3tvd6e1vgoc6pyjnpjnjuidhoxb3fzahx]  [83239fcc-cf94-453d-886d-9723c194e567]  Processing batch event [
  {
    event_type: 'CBTSessionCreated',
    test_run: {
      uuid: 'd1fb1fcc-9ca9-43f8-81ba-e739c18c4ea7',
      integrations: [Object]
    }
  }
] to 49630:0
2025-11-16T08:18:15.887Z CLI info  [sathishponnusamy_yQ8Y0R]  [jzyrvil3tvd6e1vgoc6pyjnpjnjuidhoxb3fzahx]  [83239fcc-cf94-453d-886d-9723c194e567]  [PRODUCTION] Making POST request to https://collector-observability.browserstack.com
2025-11-16T08:18:16.696Z CLI info [testhub:request-queue-handler]  [sathishponnusamy_yQ8Y0R]  [jzyrvil3tvd6e1vgoc6pyjnpjnjuidhoxb3fzahx]  [83239fcc-cf94-453d-886d-9723c194e567]  Added the event {
  event_type: 'CBTSessionCreated',
  test_run: {
    uuid: 'd1fb1fcc-9ca9-43f8-81ba-e739c18c4ea7',
    integrations: { browserstack: [Object] }
  }
} to 49630:0
2025-11-16T08:18:17.887Z CLI info [testhub:request-queue-handler]  [sathishponnusamy_yQ8Y0R]  [jzyrvil3tvd6e1vgoc6pyjnpjnjuidhoxb3fzahx]  [83239fcc-cf94-453d-886d-9723c194e567]  Processing batch event [
  {
    event_type: 'CBTSessionCreated',
    test_run: {
      uuid: 'd1fb1fcc-9ca9-43f8-81ba-e739c18c4ea7',
      integrations: [Object]
    }
  }
] to 49630:0
2025-11-16T08:18:17.888Z CLI info  [sathishponnusamy_yQ8Y0R]  [jzyrvil3tvd6e1vgoc6pyjnpjnjuidhoxb3fzahx]  [83239fcc-cf94-453d-886d-9723c194e567]  [PRODUCTION] Making POST request to https://collector-observability.browserstack.com
2025-11-16T08:18:19.212Z CLI info [testhub:request-queue-handler]  [sathishponnusamy_yQ8Y0R]  [jzyrvil3tvd6e1vgoc6pyjnpjnjuidhoxb3fzahx]  [83239fcc-cf94-453d-886d-9723c194e567]  Added the event {
  event_type: 'CBTSessionCreated',
  test_run: {
    uuid: '74ef8050-836d-4b1c-93f3-54b55316dfb6',
    integrations: { browserstack: [Object] }
  }
} to 49630:0
2025-11-16T08:18:19.603Z CLI info [testhub:request-queue-handler]  [sathishponnusamy_yQ8Y0R]  [jzyrvil3tvd6e1vgoc6pyjnpjnjuidhoxb3fzahx]  [83239fcc-cf94-453d-886d-9723c194e567]  Added the event {
  event_type: 'TestRunFinished',
  test_run: {
    type: 'test',
    framework: 'Cucumber-TestNG',
    uuid: 'd1fb1fcc-9ca9-43f8-81ba-e739c18c4ea7',
    name: 'Navigating to the forgotten password page',
    body: {
      lang: 'java',
      code: 'public void io.cucumber.testng.AbstractTestNGCucumberTests.runScenario(io.cucumber.testng.PickleWrapper,io.cucumber.testng.FeatureWrapper)'
    },
    identifier: 'Navigating to the forgotten password page',
    scope: 'Navigating to the forgotten password page',
    scopes: [ 'Login Functionality for OpenCart E-Commerce Website' ],
    file_name: 'SeleniumTestNG/src/test/resources/features/loginpage.feature',
    vc_filepath: 'SeleniumTestNG/src/test/resources/features/loginpage.feature',
    location: 'SeleniumTestNG/src/test/resources/features/loginpage.feature',
    meta: {
      data_provider_name: 'scenarios',
      feature: [Object],
      scenario: [Object],
      steps: [Array]
    },
    result: 'passed',
    duration_in_ms: 22044,
    started_at: '2025-11-16T08:17:57.553Z',
    finished_at: '2025-11-16T08:18:19.597Z',
    failure: null,
    failure_type: null,
    failure_reason: null,
    retry_of: null,
    custom_metadata: {},
    tags: [],
    customRerunParam: { rerun_name: 'SeleniumTestNG-1' },
    hooks: [],
    product_map: {
      observability: true,
      accessibility: false,
      percy: false,
      automate: true,
      app_automate: false
    }
  },
  logs: []
} to 49630:0
2025-11-16T08:18:19.622Z CLI info [testhub:request-queue-handler]  [sathishponnusamy_yQ8Y0R]  [jzyrvil3tvd6e1vgoc6pyjnpjnjuidhoxb3fzahx]  [83239fcc-cf94-453d-886d-9723c194e567]  Added the event {
  event_type: 'HookRunStarted',
  hook_run: {
    type: 'hook',
    hook_type: 'AFTER_CLASS',
    framework: 'Cucumber-TestNG',
    uuid: '2f122070-79f8-4ccf-abfc-f001917cc525',
    name: 'tearDownClass',
    result: 'pending',
    test_run_id: '34601761-5816-44f4-a1e5-cc05938c950a',
    body: { lang: 'java', code: null },
    scope: 'Default Suite.runner.TestRunner',
    custom_metadata: {},
    tags: [],
    scopes: [ 'Default Suite', 'runner.TestRunner' ],
    file_name: 'SeleniumTestNG/src/test/java/runner/TestRunner.java',
    vc_filepath: 'SeleniumTestNG/src/test/java/runner/TestRunner.java',
    location: 'SeleniumTestNG/src/test/java/runner/TestRunner.java',
    started_at: '2025-11-16T08:18:19.619Z'
  },
  logs: []
} to 49630:0
2025-11-16T08:18:19.888Z CLI info [testhub:request-queue-handler]  [sathishponnusamy_yQ8Y0R]  [jzyrvil3tvd6e1vgoc6pyjnpjnjuidhoxb3fzahx]  [83239fcc-cf94-453d-886d-9723c194e567]  Processing batch event [
  {
    event_type: 'CBTSessionCreated',
    test_run: {
      uuid: '74ef8050-836d-4b1c-93f3-54b55316dfb6',
      integrations: [Object]
    }
  },
  {
    event_type: 'TestRunFinished',
    test_run: {
      type: 'test',
      framework: 'Cucumber-TestNG',
      uuid: 'd1fb1fcc-9ca9-43f8-81ba-e739c18c4ea7',
      name: 'Navigating to the forgotten password page',
      body: [Object],
      identifier: 'Navigating to the forgotten password page',
      scope: 'Navigating to the forgotten password page',
      scopes: [Array],
      file_name: 'SeleniumTestNG/src/test/resources/features/loginpage.feature',
      vc_filepath: 'SeleniumTestNG/src/test/resources/features/loginpage.feature',
      location: 'SeleniumTestNG/src/test/resources/features/loginpage.feature',
      meta: [Object],
      result: 'passed',
      duration_in_ms: 22044,
      started_at: '2025-11-16T08:17:57.553Z',
      finished_at: '2025-11-16T08:18:19.597Z',
      failure: null,
      failure_type: null,
      failure_reason: null,
      retry_of: null,
      custom_metadata: {},
      tags: [],
      customRerunParam: [Object],
      hooks: [],
      product_map: [Object]
    },
    logs: []
  },
  {
    event_type: 'HookRunStarted',
    hook_run: {
      type: 'hook',
      hook_type: 'AFTER_CLASS',
      framework: 'Cucumber-TestNG',
      uuid: '2f122070-79f8-4ccf-abfc-f001917cc525',
      name: 'tearDownClass',
      result: 'pending',
      test_run_id: '34601761-5816-44f4-a1e5-cc05938c950a',
      body: [Object],
      scope: 'Default Suite.runner.TestRunner',
      custom_metadata: {},
      tags: [],
      scopes: [Array],
      file_name: 'SeleniumTestNG/src/test/java/runner/TestRunner.java',
      vc_filepath: 'SeleniumTestNG/src/test/java/runner/TestRunner.java',
      location: 'SeleniumTestNG/src/test/java/runner/TestRunner.java',
      started_at: '2025-11-16T08:18:19.619Z'
    },
    logs: []
  }
] to 49630:0
2025-11-16T08:18:19.889Z CLI info  [sathishponnusamy_yQ8Y0R]  [jzyrvil3tvd6e1vgoc6pyjnpjnjuidhoxb3fzahx]  [83239fcc-cf94-453d-886d-9723c194e567]  [PRODUCTION] Making POST request to https://collector-observability.browserstack.com
2025-11-16T08:18:20.796Z CLI info [testhub:request-queue-handler]  [sathishponnusamy_yQ8Y0R]  [jzyrvil3tvd6e1vgoc6pyjnpjnjuidhoxb3fzahx]  [83239fcc-cf94-453d-886d-9723c194e567]  Added the event {
  event_type: 'LogCreated',
  logs: [
    {
      testFrameworkName: 'Cucumber-TestNG',
      testFrameworkVersion: '7.11.0',
      testFrameworkState: 'LOG',
      timestamp: '2025-11-16T08:18:20.782Z',
      uuid: '2f122070-79f8-4ccf-abfc-f001917cc525',
      kind: 'TEST_LOG',
      message: '"┌──────────────────────────────────────────────────────────────────────────┐\\n│ View your Cucumber Report at:                                            │\\n│ https://reports.cucumber.io/reports/1c9c2370-a880-4da1-b4dc-52ae112ead6c │\\n│                                                                          │\\n│ This report will self-destruct in 24h.                                   │\\n└──────────────────────────────────────────────────────────────────────────┘"',
      level: 'ERROR',
      test_run_uuid: '2f122070-79f8-4ccf-abfc-f001917cc525'
    }
  ]
} to 49630:0
2025-11-16T08:18:20.813Z CLI info [testhub:request-queue-handler]  [sathishponnusamy_yQ8Y0R]  [jzyrvil3tvd6e1vgoc6pyjnpjnjuidhoxb3fzahx]  [83239fcc-cf94-453d-886d-9723c194e567]  Added the event {
  event_type: 'HookRunFinished',
  hook_run: {
    type: 'hook',
    hook_type: 'AFTER_CLASS',
    framework: 'Cucumber-TestNG',
    uuid: '2f122070-79f8-4ccf-abfc-f001917cc525',
    name: 'tearDownClass',
    result: 'passed',
    test_run_id: '34601761-5816-44f4-a1e5-cc05938c950a',
    body: { lang: 'java', code: null },
    scope: 'Default Suite.runner.TestRunner',
    custom_metadata: {},
    tags: [],
    scopes: [ 'Default Suite', 'runner.TestRunner' ],
    file_name: 'SeleniumTestNG/src/test/java/runner/TestRunner.java',
    vc_filepath: 'SeleniumTestNG/src/test/java/runner/TestRunner.java',
    location: 'SeleniumTestNG/src/test/java/runner/TestRunner.java',
    started_at: '2025-11-16T08:18:19.619Z',
    finished_at: '2025-11-16T08:18:20.810Z'
  },
  logs: []
} to 49630:0
2025-11-16T08:18:21.889Z CLI info [testhub:request-queue-handler]  [sathishponnusamy_yQ8Y0R]  [jzyrvil3tvd6e1vgoc6pyjnpjnjuidhoxb3fzahx]  [83239fcc-cf94-453d-886d-9723c194e567]  Processing batch event [
  { event_type: 'LogCreated', logs: [ [Object] ] },
  {
    event_type: 'HookRunFinished',
    hook_run: {
      type: 'hook',
      hook_type: 'AFTER_CLASS',
      framework: 'Cucumber-TestNG',
      uuid: '2f122070-79f8-4ccf-abfc-f001917cc525',
      name: 'tearDownClass',
      result: 'passed',
      test_run_id: '34601761-5816-44f4-a1e5-cc05938c950a',
      body: [Object],
      scope: 'Default Suite.runner.TestRunner',
      custom_metadata: {},
      tags: [],
      scopes: [Array],
      file_name: 'SeleniumTestNG/src/test/java/runner/TestRunner.java',
      vc_filepath: 'SeleniumTestNG/src/test/java/runner/TestRunner.java',
      location: 'SeleniumTestNG/src/test/java/runner/TestRunner.java',
      started_at: '2025-11-16T08:18:19.619Z',
      finished_at: '2025-11-16T08:18:20.810Z'
    },
    logs: []
  }
] to 49630:0
2025-11-16T08:18:21.889Z CLI info  [sathishponnusamy_yQ8Y0R]  [jzyrvil3tvd6e1vgoc6pyjnpjnjuidhoxb3fzahx]  [83239fcc-cf94-453d-886d-9723c194e567]  [PRODUCTION] Making POST request to https://collector-observability.browserstack.com
2025-11-16T08:18:24.587Z CLI info [testhub:request-queue-handler]  [sathishponnusamy_yQ8Y0R]  [jzyrvil3tvd6e1vgoc6pyjnpjnjuidhoxb3fzahx]  [83239fcc-cf94-453d-886d-9723c194e567]  Added the event {
  event_type: 'CBTSessionCreated',
  test_run: {
    uuid: '74ef8050-836d-4b1c-93f3-54b55316dfb6',
    integrations: { browserstack: [Object] }
  }
} to 49630:0
2025-11-16T08:18:25.890Z CLI info [testhub:request-queue-handler]  [sathishponnusamy_yQ8Y0R]  [jzyrvil3tvd6e1vgoc6pyjnpjnjuidhoxb3fzahx]  [83239fcc-cf94-453d-886d-9723c194e567]  Processing batch event [
  {
    event_type: 'CBTSessionCreated',
    test_run: {
      uuid: '74ef8050-836d-4b1c-93f3-54b55316dfb6',
      integrations: [Object]
    }
  }
] to 49630:0
2025-11-16T08:18:25.890Z CLI info  [sathishponnusamy_yQ8Y0R]  [jzyrvil3tvd6e1vgoc6pyjnpjnjuidhoxb3fzahx]  [83239fcc-cf94-453d-886d-9723c194e567]  [PRODUCTION] Making POST request to https://collector-observability.browserstack.com
2025-11-16T08:18:26.953Z CLI info [testhub:request-queue-handler]  [sathishponnusamy_yQ8Y0R]  [jzyrvil3tvd6e1vgoc6pyjnpjnjuidhoxb3fzahx]  [83239fcc-cf94-453d-886d-9723c194e567]  Added the event {
  event_type: 'CBTSessionCreated',
  test_run: {
    uuid: '74ef8050-836d-4b1c-93f3-54b55316dfb6',
    integrations: { browserstack: [Object] }
  }
} to 49630:0
2025-11-16T08:18:27.891Z CLI info [testhub:request-queue-handler]  [sathishponnusamy_yQ8Y0R]  [jzyrvil3tvd6e1vgoc6pyjnpjnjuidhoxb3fzahx]  [83239fcc-cf94-453d-886d-9723c194e567]  Processing batch event [
  {
    event_type: 'CBTSessionCreated',
    test_run: {
      uuid: '74ef8050-836d-4b1c-93f3-54b55316dfb6',
      integrations: [Object]
    }
  }
] to 49630:0
2025-11-16T08:18:27.892Z CLI info  [sathishponnusamy_yQ8Y0R]  [jzyrvil3tvd6e1vgoc6pyjnpjnjuidhoxb3fzahx]  [83239fcc-cf94-453d-886d-9723c194e567]  [PRODUCTION] Making POST request to https://collector-observability.browserstack.com
2025-11-16T08:18:28.314Z CLI info [testhub:request-queue-handler]  [sathishponnusamy_yQ8Y0R]  [jzyrvil3tvd6e1vgoc6pyjnpjnjuidhoxb3fzahx]  [83239fcc-cf94-453d-886d-9723c194e567]  Added the event {
  event_type: 'CBTSessionCreated',
  test_run: {
    uuid: '74ef8050-836d-4b1c-93f3-54b55316dfb6',
    integrations: { browserstack: [Object] }
  }
} to 49630:0
2025-11-16T08:18:29.890Z CLI info [testhub:request-queue-handler]  [sathishponnusamy_yQ8Y0R]  [jzyrvil3tvd6e1vgoc6pyjnpjnjuidhoxb3fzahx]  [83239fcc-cf94-453d-886d-9723c194e567]  Processing batch event [
  {
    event_type: 'CBTSessionCreated',
    test_run: {
      uuid: '74ef8050-836d-4b1c-93f3-54b55316dfb6',
      integrations: [Object]
    }
  }
] to 49630:0
2025-11-16T08:18:29.891Z CLI info  [sathishponnusamy_yQ8Y0R]  [jzyrvil3tvd6e1vgoc6pyjnpjnjuidhoxb3fzahx]  [83239fcc-cf94-453d-886d-9723c194e567]  [PRODUCTION] Making POST request to https://collector-observability.browserstack.com
2025-11-16T08:18:31.814Z CLI info [testhub:request-queue-handler]  [sathishponnusamy_yQ8Y0R]  [jzyrvil3tvd6e1vgoc6pyjnpjnjuidhoxb3fzahx]  [83239fcc-cf94-453d-886d-9723c194e567]  Added the event {
  event_type: 'TestRunFinished',
  test_run: {
    type: 'test',
    framework: 'Cucumber-TestNG',
    uuid: '74ef8050-836d-4b1c-93f3-54b55316dfb6',
    name: 'Navigating to the forgotten password page',
    body: {
      lang: 'java',
      code: 'public void io.cucumber.testng.AbstractTestNGCucumberTests.runScenario(io.cucumber.testng.PickleWrapper,io.cucumber.testng.FeatureWrapper)'
    },
    identifier: 'Navigating to the forgotten password page',
    scope: 'Navigating to the forgotten password page',
    scopes: [ 'Login Functionality for OpenCart E-Commerce Website' ],
    file_name: 'SeleniumTestNG/src/test/resources/features/loginpage.feature',
    vc_filepath: 'SeleniumTestNG/src/test/resources/features/loginpage.feature',
    location: 'SeleniumTestNG/src/test/resources/features/loginpage.feature',
    meta: {
      data_provider_name: 'scenarios',
      feature: [Object],
      scenario: [Object],
      steps: [Array]
    },
    result: 'passed',
    duration_in_ms: 23032,
    started_at: '2025-11-16T08:18:08.778Z',
    finished_at: '2025-11-16T08:18:31.810Z',
    failure: null,
    failure_type: null,
    failure_reason: null,
    retry_of: null,
    custom_metadata: {},
    tags: [],
    customRerunParam: { rerun_name: 'SeleniumTestNG-0' },
    hooks: [],
    product_map: {
      observability: true,
      accessibility: false,
      percy: false,
      automate: true,
      app_automate: false
    }
  },
  logs: []
} to 49630:0
2025-11-16T08:18:31.838Z CLI info [testhub:request-queue-handler]  [sathishponnusamy_yQ8Y0R]  [jzyrvil3tvd6e1vgoc6pyjnpjnjuidhoxb3fzahx]  [83239fcc-cf94-453d-886d-9723c194e567]  Added the event {
  event_type: 'HookRunStarted',
  hook_run: {
    type: 'hook',
    hook_type: 'AFTER_CLASS',
    framework: 'Cucumber-TestNG',
    uuid: '0bf4fe77-ca8a-467b-8812-2232dfaad95e',
    name: 'tearDownClass',
    result: 'pending',
    test_run_id: '8fd3e01b-fee2-459d-9908-082b19ab5360',
    body: { lang: 'java', code: null },
    scope: 'Default Suite.runner.TestRunner',
    custom_metadata: {},
    tags: [],
    scopes: [ 'Default Suite', 'runner.TestRunner' ],
    file_name: 'SeleniumTestNG/src/test/java/runner/TestRunner.java',
    vc_filepath: 'SeleniumTestNG/src/test/java/runner/TestRunner.java',
    location: 'SeleniumTestNG/src/test/java/runner/TestRunner.java',
    started_at: '2025-11-16T08:18:31.834Z'
  },
  logs: []
} to 49630:0
2025-11-16T08:18:31.890Z CLI info [testhub:request-queue-handler]  [sathishponnusamy_yQ8Y0R]  [jzyrvil3tvd6e1vgoc6pyjnpjnjuidhoxb3fzahx]  [83239fcc-cf94-453d-886d-9723c194e567]  Processing batch event [
  {
    event_type: 'TestRunFinished',
    test_run: {
      type: 'test',
      framework: 'Cucumber-TestNG',
      uuid: '74ef8050-836d-4b1c-93f3-54b55316dfb6',
      name: 'Navigating to the forgotten password page',
      body: [Object],
      identifier: 'Navigating to the forgotten password page',
      scope: 'Navigating to the forgotten password page',
      scopes: [Array],
      file_name: 'SeleniumTestNG/src/test/resources/features/loginpage.feature',
      vc_filepath: 'SeleniumTestNG/src/test/resources/features/loginpage.feature',
      location: 'SeleniumTestNG/src/test/resources/features/loginpage.feature',
      meta: [Object],
      result: 'passed',
      duration_in_ms: 23032,
      started_at: '2025-11-16T08:18:08.778Z',
      finished_at: '2025-11-16T08:18:31.810Z',
      failure: null,
      failure_type: null,
      failure_reason: null,
      retry_of: null,
      custom_metadata: {},
      tags: [],
      customRerunParam: [Object],
      hooks: [],
      product_map: [Object]
    },
    logs: []
  },
  {
    event_type: 'HookRunStarted',
    hook_run: {
      type: 'hook',
      hook_type: 'AFTER_CLASS',
      framework: 'Cucumber-TestNG',
      uuid: '0bf4fe77-ca8a-467b-8812-2232dfaad95e',
      name: 'tearDownClass',
      result: 'pending',
      test_run_id: '8fd3e01b-fee2-459d-9908-082b19ab5360',
      body: [Object],
      scope: 'Default Suite.runner.TestRunner',
      custom_metadata: {},
      tags: [],
      scopes: [Array],
      file_name: 'SeleniumTestNG/src/test/java/runner/TestRunner.java',
      vc_filepath: 'SeleniumTestNG/src/test/java/runner/TestRunner.java',
      location: 'SeleniumTestNG/src/test/java/runner/TestRunner.java',
      started_at: '2025-11-16T08:18:31.834Z'
    },
    logs: []
  }
] to 49630:0
2025-11-16T08:18:31.891Z CLI info  [sathishponnusamy_yQ8Y0R]  [jzyrvil3tvd6e1vgoc6pyjnpjnjuidhoxb3fzahx]  [83239fcc-cf94-453d-886d-9723c194e567]  [PRODUCTION] Making POST request to https://collector-observability.browserstack.com
2025-11-16T08:18:32.675Z CLI info [testhub:request-queue-handler]  [sathishponnusamy_yQ8Y0R]  [jzyrvil3tvd6e1vgoc6pyjnpjnjuidhoxb3fzahx]  [83239fcc-cf94-453d-886d-9723c194e567]  Added the event {
  event_type: 'LogCreated',
  logs: [
    {
      testFrameworkName: 'Cucumber-TestNG',
      testFrameworkVersion: '7.11.0',
      testFrameworkState: 'LOG',
      timestamp: '2025-11-16T08:18:32.671Z',
      uuid: '0bf4fe77-ca8a-467b-8812-2232dfaad95e',
      kind: 'TEST_LOG',
      message: '"┌──────────────────────────────────────────────────────────────────────────┐\\n│ View your Cucumber Report at:                                            │\\n│ https://reports.cucumber.io/reports/d8086c9b-86d6-4c0f-857e-e5e1ac097106 │\\n│                                                                          │\\n│ This report will self-destruct in 24h.                                   │\\n└──────────────────────────────────────────────────────────────────────────┘"',
      level: 'ERROR',
      test_run_uuid: '0bf4fe77-ca8a-467b-8812-2232dfaad95e'
    }
  ]
} to 49630:0
2025-11-16T08:18:32.692Z CLI info [testhub:request-queue-handler]  [sathishponnusamy_yQ8Y0R]  [jzyrvil3tvd6e1vgoc6pyjnpjnjuidhoxb3fzahx]  [83239fcc-cf94-453d-886d-9723c194e567]  Added the event {
  event_type: 'HookRunFinished',
  hook_run: {
    type: 'hook',
    hook_type: 'AFTER_CLASS',
    framework: 'Cucumber-TestNG',
    uuid: '0bf4fe77-ca8a-467b-8812-2232dfaad95e',
    name: 'tearDownClass',
    result: 'passed',
    test_run_id: '8fd3e01b-fee2-459d-9908-082b19ab5360',
    body: { lang: 'java', code: null },
    scope: 'Default Suite.runner.TestRunner',
    custom_metadata: {},
    tags: [],
    scopes: [ 'Default Suite', 'runner.TestRunner' ],
    file_name: 'SeleniumTestNG/src/test/java/runner/TestRunner.java',
    vc_filepath: 'SeleniumTestNG/src/test/java/runner/TestRunner.java',
    location: 'SeleniumTestNG/src/test/java/runner/TestRunner.java',
    started_at: '2025-11-16T08:18:31.834Z',
    finished_at: '2025-11-16T08:18:32.689Z'
  },
  logs: []
} to 49630:0
2025-11-16T08:18:33.890Z CLI info [testhub:request-queue-handler]  [sathishponnusamy_yQ8Y0R]  [jzyrvil3tvd6e1vgoc6pyjnpjnjuidhoxb3fzahx]  [83239fcc-cf94-453d-886d-9723c194e567]  Processing batch event [
  { event_type: 'LogCreated', logs: [ [Object] ] },
  {
    event_type: 'HookRunFinished',
    hook_run: {
      type: 'hook',
      hook_type: 'AFTER_CLASS',
      framework: 'Cucumber-TestNG',
      uuid: '0bf4fe77-ca8a-467b-8812-2232dfaad95e',
      name: 'tearDownClass',
      result: 'passed',
      test_run_id: '8fd3e01b-fee2-459d-9908-082b19ab5360',
      body: [Object],
      scope: 'Default Suite.runner.TestRunner',
      custom_metadata: {},
      tags: [],
      scopes: [Array],
      file_name: 'SeleniumTestNG/src/test/java/runner/TestRunner.java',
      vc_filepath: 'SeleniumTestNG/src/test/java/runner/TestRunner.java',
      location: 'SeleniumTestNG/src/test/java/runner/TestRunner.java',
      started_at: '2025-11-16T08:18:31.834Z',
      finished_at: '2025-11-16T08:18:32.689Z'
    },
    logs: []
  }
] to 49630:0
2025-11-16T08:18:33.891Z CLI info  [sathishponnusamy_yQ8Y0R]  [jzyrvil3tvd6e1vgoc6pyjnpjnjuidhoxb3fzahx]  [83239fcc-cf94-453d-886d-9723c194e567]  [PRODUCTION] Making POST request to https://collector-observability.browserstack.com
2025-11-16T08:22:03.250Z CLI info [testhub:request-queue-handler]  [sathishponnusamy_yQ8Y0R]  [jzyrvil3tvd6e1vgoc6pyjnpjnjuidhoxb3fzahx]  [83239fcc-cf94-453d-886d-9723c194e567]  Added the event {
  event_type: 'CBTSessionCreated',
  test_run: {
    uuid: '6cc9287b-05dc-40bd-921b-fc64594ccc4d',
    integrations: { browserstack: [Object] }
  }
} to 49630:0
2025-11-16T08:22:03.986Z CLI info [testhub:request-queue-handler]  [sathishponnusamy_yQ8Y0R]  [jzyrvil3tvd6e1vgoc6pyjnpjnjuidhoxb3fzahx]  [83239fcc-cf94-453d-886d-9723c194e567]  Processing batch event [
  {
    event_type: 'CBTSessionCreated',
    test_run: {
      uuid: '6cc9287b-05dc-40bd-921b-fc64594ccc4d',
      integrations: [Object]
    }
  }
] to 49630:0
2025-11-16T08:22:03.987Z CLI info  [sathishponnusamy_yQ8Y0R]  [jzyrvil3tvd6e1vgoc6pyjnpjnjuidhoxb3fzahx]  [83239fcc-cf94-453d-886d-9723c194e567]  [PRODUCTION] Making POST request to https://collector-observability.browserstack.com
2025-11-16T08:22:06.158Z CLI info [testhub:request-queue-handler]  [sathishponnusamy_yQ8Y0R]  [jzyrvil3tvd6e1vgoc6pyjnpjnjuidhoxb3fzahx]  [83239fcc-cf94-453d-886d-9723c194e567]  Added the event {
  event_type: 'TestRunFinished',
  test_run: {
    type: 'test',
    framework: 'Cucumber-TestNG',
    uuid: '6cc9287b-05dc-40bd-921b-fc64594ccc4d',
    name: 'Unsuccessful login with invalid or empty credentials',
    body: {
      lang: 'java',
      code: 'public void io.cucumber.testng.AbstractTestNGCucumberTests.runScenario(io.cucumber.testng.PickleWrapper,io.cucumber.testng.FeatureWrapper)'
    },
    identifier: 'Unsuccessful login with invalid or empty credentials',
    scope: 'Unsuccessful login with invalid or empty credentials',
    scopes: [ 'Login Functionality for OpenCart E-Commerce Website' ],
    file_name: 'SeleniumTestNG/src/test/resources/features/loginpage.feature',
    vc_filepath: 'SeleniumTestNG/src/test/resources/features/loginpage.feature',
    location: 'SeleniumTestNG/src/test/resources/features/loginpage.feature',
    meta: {
      data_provider_name: 'scenarios',
      feature: [Object],
      scenario: [Object],
      steps: [Array],
      examples: [Array]
    },
    result: 'failed',
    duration_in_ms: 279711,
    started_at: '2025-11-16T08:17:26.443Z',
    finished_at: '2025-11-16T08:22:06.154Z',
    failure: [ [Object] ],
    failure_type: 'UnhandledError',
    failure_reason: "java.lang.ClassCastException: class java.util.LinkedHashMap cannot be cast to class org.openqa.selenium.WebElement (java.util.LinkedHashMap is in module java.base of loader 'bootstrap'; org.openqa.selenium.WebElement is in unnamed module of loader 'app')",
    retry_of: null,
    custom_metadata: {},
    tags: [],
    customRerunParam: { rerun_name: 'SeleniumTestNG-2' },
    hooks: [],
    product_map: {
      observability: true,
      accessibility: false,
      percy: false,
      automate: true,
      app_automate: false
    }
  },
  logs: []
} to 49630:0
2025-11-16T08:22:06.182Z CLI info [testhub:request-queue-handler]  [sathishponnusamy_yQ8Y0R]  [jzyrvil3tvd6e1vgoc6pyjnpjnjuidhoxb3fzahx]  [83239fcc-cf94-453d-886d-9723c194e567]  Added the event {
  event_type: 'CBTSessionCreated',
  test_run: {
    uuid: '328889b5-d2e7-4d46-bb48-94f27d21fdf9',
    integrations: { browserstack: [Object] }
  }
} to 49630:0
2025-11-16T08:22:06.460Z CLI info [testhub:request-queue-handler]  [sathishponnusamy_yQ8Y0R]  [jzyrvil3tvd6e1vgoc6pyjnpjnjuidhoxb3fzahx]  [83239fcc-cf94-453d-886d-9723c194e567]  Added the event {
  event_type: 'TestRunStarted',
  test_run: {
    type: 'test',
    framework: 'Cucumber-TestNG',
    uuid: '328889b5-d2e7-4d46-bb48-94f27d21fdf9',
    name: 'Unsuccessful login with invalid or empty credentials',
    body: {
      lang: 'java',
      code: 'public void io.cucumber.testng.AbstractTestNGCucumberTests.runScenario(io.cucumber.testng.PickleWrapper,io.cucumber.testng.FeatureWrapper)'
    },
    identifier: 'Unsuccessful login with invalid or empty credentials',
    scope: 'Unsuccessful login with invalid or empty credentials',
    scopes: [ 'Login Functionality for OpenCart E-Commerce Website' ],
    file_name: 'SeleniumTestNG/src/test/resources/features/loginpage.feature',
    vc_filepath: 'SeleniumTestNG/src/test/resources/features/loginpage.feature',
    location: 'SeleniumTestNG/src/test/resources/features/loginpage.feature',
    meta: {
      data_provider_name: 'scenarios',
      feature: [Object],
      scenario: [Object],
      examples: [Array]
    },
    result: 'failed',
    duration_in_ms: null,
    started_at: '2025-11-16T08:22:06.177Z',
    finished_at: '2025-11-16T08:22:06.154Z',
    failure: [ [Object] ],
    failure_type: 'UnhandledError',
    failure_reason: "java.lang.ClassCastException: class java.util.LinkedHashMap cannot be cast to class org.openqa.selenium.WebElement (java.util.LinkedHashMap is in module java.base of loader 'bootstrap'; org.openqa.selenium.WebElement is in unnamed module of loader 'app')",
    retry_of: null,
    custom_metadata: {},
    tags: [],
    customRerunParam: { rerun_name: 'SeleniumTestNG-2' },
    hooks: [],
    product_map: {
      observability: true,
      accessibility: false,
      percy: false,
      automate: true,
      app_automate: false
    }
  },
  logs: []
} to 49630:0
2025-11-16T08:22:06.468Z CLI info [testhub:request-queue-handler]  [sathishponnusamy_yQ8Y0R]  [jzyrvil3tvd6e1vgoc6pyjnpjnjuidhoxb3fzahx]  [83239fcc-cf94-453d-886d-9723c194e567]  Added the event {
  event_type: 'CBTSessionCreated',
  test_run: {
    uuid: '328889b5-d2e7-4d46-bb48-94f27d21fdf9',
    integrations: { browserstack: [Object] }
  }
} to 49630:0
2025-11-16T08:22:06.989Z CLI info [testhub:request-queue-handler]  [sathishponnusamy_yQ8Y0R]  [jzyrvil3tvd6e1vgoc6pyjnpjnjuidhoxb3fzahx]  [83239fcc-cf94-453d-886d-9723c194e567]  Added the event {
  event_type: 'CBTSessionCreated',
  test_run: {
    uuid: '328889b5-d2e7-4d46-bb48-94f27d21fdf9',
    integrations: { browserstack: [Object] }
  }
} to 49630:0
2025-11-16T08:22:07.585Z CLI info [sdk:service]  [sathishponnusamy_yQ8Y0R]  [jzyrvil3tvd6e1vgoc6pyjnpjnjuidhoxb3fzahx]  [83239fcc-cf94-453d-886d-9723c194e567]  Driver initialized as primary driver: platformIndex=2
2025-11-16T08:22:07.988Z CLI info [testhub:request-queue-handler]  [sathishponnusamy_yQ8Y0R]  [jzyrvil3tvd6e1vgoc6pyjnpjnjuidhoxb3fzahx]  [83239fcc-cf94-453d-886d-9723c194e567]  Processing batch event [
  {
    event_type: 'TestRunFinished',
    test_run: {
      type: 'test',
      framework: 'Cucumber-TestNG',
      uuid: '6cc9287b-05dc-40bd-921b-fc64594ccc4d',
      name: 'Unsuccessful login with invalid or empty credentials',
      body: [Object],
      identifier: 'Unsuccessful login with invalid or empty credentials',
      scope: 'Unsuccessful login with invalid or empty credentials',
      scopes: [Array],
      file_name: 'SeleniumTestNG/src/test/resources/features/loginpage.feature',
      vc_filepath: 'SeleniumTestNG/src/test/resources/features/loginpage.feature',
      location: 'SeleniumTestNG/src/test/resources/features/loginpage.feature',
      meta: [Object],
      result: 'failed',
      duration_in_ms: 279711,
      started_at: '2025-11-16T08:17:26.443Z',
      finished_at: '2025-11-16T08:22:06.154Z',
      failure: [Array],
      failure_type: 'UnhandledError',
      failure_reason: "java.lang.ClassCastException: class java.util.LinkedHashMap cannot be cast to class org.openqa.selenium.WebElement (java.util.LinkedHashMap is in module java.base of loader 'bootstrap'; org.openqa.selenium.WebElement is in unnamed module of loader 'app')",
      retry_of: null,
      custom_metadata: {},
      tags: [],
      customRerunParam: [Object],
      hooks: [],
      product_map: [Object]
    },
    logs: []
  },
  {
    event_type: 'CBTSessionCreated',
    test_run: {
      uuid: '328889b5-d2e7-4d46-bb48-94f27d21fdf9',
      integrations: [Object]
    }
  },
  {
    event_type: 'TestRunStarted',
    test_run: {
      type: 'test',
      framework: 'Cucumber-TestNG',
      uuid: '328889b5-d2e7-4d46-bb48-94f27d21fdf9',
      name: 'Unsuccessful login with invalid or empty credentials',
      body: [Object],
      identifier: 'Unsuccessful login with invalid or empty credentials',
      scope: 'Unsuccessful login with invalid or empty credentials',
      scopes: [Array],
      file_name: 'SeleniumTestNG/src/test/resources/features/loginpage.feature',
      vc_filepath: 'SeleniumTestNG/src/test/resources/features/loginpage.feature',
      location: 'SeleniumTestNG/src/test/resources/features/loginpage.feature',
      meta: [Object],
      result: 'failed',
      duration_in_ms: null,
      started_at: '2025-11-16T08:22:06.177Z',
      finished_at: '2025-11-16T08:22:06.154Z',
      failure: [Array],
      failure_type: 'UnhandledError',
      failure_reason: "java.lang.ClassCastException: class java.util.LinkedHashMap cannot be cast to class org.openqa.selenium.WebElement (java.util.LinkedHashMap is in module java.base of loader 'bootstrap'; org.openqa.selenium.WebElement is in unnamed module of loader 'app')",
      retry_of: null,
      custom_metadata: {},
      tags: [],
      customRerunParam: [Object],
      hooks: [],
      product_map: [Object]
    },
    logs: []
  },
  {
    event_type: 'CBTSessionCreated',
    test_run: {
      uuid: '328889b5-d2e7-4d46-bb48-94f27d21fdf9',
      integrations: [Object]
    }
  },
  {
    event_type: 'CBTSessionCreated',
    test_run: {
      uuid: '328889b5-d2e7-4d46-bb48-94f27d21fdf9',
      integrations: [Object]
    }
  }
] to 49630:0
2025-11-16T08:22:07.990Z CLI info  [sathishponnusamy_yQ8Y0R]  [jzyrvil3tvd6e1vgoc6pyjnpjnjuidhoxb3fzahx]  [83239fcc-cf94-453d-886d-9723c194e567]  [PRODUCTION] Making POST request to https://collector-observability.browserstack.com
2025-11-16T08:22:31.484Z CLI info [testhub:request-queue-handler]  [sathishponnusamy_yQ8Y0R]  [jzyrvil3tvd6e1vgoc6pyjnpjnjuidhoxb3fzahx]  [83239fcc-cf94-453d-886d-9723c194e567]  Added the event {
  event_type: 'CBTSessionCreated',
  test_run: {
    uuid: '328889b5-d2e7-4d46-bb48-94f27d21fdf9',
    integrations: { browserstack: [Object] }
  }
} to 49630:0
2025-11-16T08:22:31.994Z CLI info [testhub:request-queue-handler]  [sathishponnusamy_yQ8Y0R]  [jzyrvil3tvd6e1vgoc6pyjnpjnjuidhoxb3fzahx]  [83239fcc-cf94-453d-886d-9723c194e567]  Processing batch event [
  {
    event_type: 'CBTSessionCreated',
    test_run: {
      uuid: '328889b5-d2e7-4d46-bb48-94f27d21fdf9',
      integrations: [Object]
    }
  }
] to 49630:0
2025-11-16T08:22:31.995Z CLI info  [sathishponnusamy_yQ8Y0R]  [jzyrvil3tvd6e1vgoc6pyjnpjnjuidhoxb3fzahx]  [83239fcc-cf94-453d-886d-9723c194e567]  [PRODUCTION] Making POST request to https://collector-observability.browserstack.com
2025-11-16T08:22:36.258Z CLI info [testhub:request-queue-handler]  [sathishponnusamy_yQ8Y0R]  [jzyrvil3tvd6e1vgoc6pyjnpjnjuidhoxb3fzahx]  [83239fcc-cf94-453d-886d-9723c194e567]  Added the event {
  event_type: 'CBTSessionCreated',
  test_run: {
    uuid: '328889b5-d2e7-4d46-bb48-94f27d21fdf9',
    integrations: { browserstack: [Object] }
  }
} to 49630:0
2025-11-16T08:22:37.995Z CLI info [testhub:request-queue-handler]  [sathishponnusamy_yQ8Y0R]  [jzyrvil3tvd6e1vgoc6pyjnpjnjuidhoxb3fzahx]  [83239fcc-cf94-453d-886d-9723c194e567]  Processing batch event [
  {
    event_type: 'CBTSessionCreated',
    test_run: {
      uuid: '328889b5-d2e7-4d46-bb48-94f27d21fdf9',
      integrations: [Object]
    }
  }
] to 49630:0
2025-11-16T08:22:37.997Z CLI info  [sathishponnusamy_yQ8Y0R]  [jzyrvil3tvd6e1vgoc6pyjnpjnjuidhoxb3fzahx]  [83239fcc-cf94-453d-886d-9723c194e567]  [PRODUCTION] Making POST request to https://collector-observability.browserstack.com
2025-11-16T08:22:39.262Z CLI info [testhub:request-queue-handler]  [sathishponnusamy_yQ8Y0R]  [jzyrvil3tvd6e1vgoc6pyjnpjnjuidhoxb3fzahx]  [83239fcc-cf94-453d-886d-9723c194e567]  Added the event {
  event_type: 'CBTSessionCreated',
  test_run: {
    uuid: '328889b5-d2e7-4d46-bb48-94f27d21fdf9',
    integrations: { browserstack: [Object] }
  }
} to 49630:0
2025-11-16T08:22:39.995Z CLI info [testhub:request-queue-handler]  [sathishponnusamy_yQ8Y0R]  [jzyrvil3tvd6e1vgoc6pyjnpjnjuidhoxb3fzahx]  [83239fcc-cf94-453d-886d-9723c194e567]  Processing batch event [
  {
    event_type: 'CBTSessionCreated',
    test_run: {
      uuid: '328889b5-d2e7-4d46-bb48-94f27d21fdf9',
      integrations: [Object]
    }
  }
] to 49630:0
2025-11-16T08:22:39.996Z CLI info  [sathishponnusamy_yQ8Y0R]  [jzyrvil3tvd6e1vgoc6pyjnpjnjuidhoxb3fzahx]  [83239fcc-cf94-453d-886d-9723c194e567]  [PRODUCTION] Making POST request to https://collector-observability.browserstack.com
2025-11-16T08:22:41.233Z CLI info [testhub:request-queue-handler]  [sathishponnusamy_yQ8Y0R]  [jzyrvil3tvd6e1vgoc6pyjnpjnjuidhoxb3fzahx]  [83239fcc-cf94-453d-886d-9723c194e567]  Added the event {
  event_type: 'CBTSessionCreated',
  test_run: {
    uuid: '328889b5-d2e7-4d46-bb48-94f27d21fdf9',
    integrations: { browserstack: [Object] }
  }
} to 49630:0
2025-11-16T08:22:41.996Z CLI info [testhub:request-queue-handler]  [sathishponnusamy_yQ8Y0R]  [jzyrvil3tvd6e1vgoc6pyjnpjnjuidhoxb3fzahx]  [83239fcc-cf94-453d-886d-9723c194e567]  Processing batch event [
  {
    event_type: 'CBTSessionCreated',
    test_run: {
      uuid: '328889b5-d2e7-4d46-bb48-94f27d21fdf9',
      integrations: [Object]
    }
  }
] to 49630:0
2025-11-16T08:22:41.997Z CLI info  [sathishponnusamy_yQ8Y0R]  [jzyrvil3tvd6e1vgoc6pyjnpjnjuidhoxb3fzahx]  [83239fcc-cf94-453d-886d-9723c194e567]  [PRODUCTION] Making POST request to https://collector-observability.browserstack.com
2025-11-16T08:26:42.624Z CLI info [testhub:request-queue-handler]  [sathishponnusamy_yQ8Y0R]  [jzyrvil3tvd6e1vgoc6pyjnpjnjuidhoxb3fzahx]  [83239fcc-cf94-453d-886d-9723c194e567]  Added the event {
  event_type: 'CBTSessionCreated',
  test_run: {
    uuid: '328889b5-d2e7-4d46-bb48-94f27d21fdf9',
    integrations: { browserstack: [Object] }
  }
} to 49630:0
2025-11-16T08:26:44.089Z CLI info [testhub:request-queue-handler]  [sathishponnusamy_yQ8Y0R]  [jzyrvil3tvd6e1vgoc6pyjnpjnjuidhoxb3fzahx]  [83239fcc-cf94-453d-886d-9723c194e567]  Processing batch event [
  {
    event_type: 'CBTSessionCreated',
    test_run: {
      uuid: '328889b5-d2e7-4d46-bb48-94f27d21fdf9',
      integrations: [Object]
    }
  }
] to 49630:0
2025-11-16T08:26:44.091Z CLI info  [sathishponnusamy_yQ8Y0R]  [jzyrvil3tvd6e1vgoc6pyjnpjnjuidhoxb3fzahx]  [83239fcc-cf94-453d-886d-9723c194e567]  [PRODUCTION] Making POST request to https://collector-observability.browserstack.com
2025-11-16T08:26:45.602Z CLI info [testhub:request-queue-handler]  [sathishponnusamy_yQ8Y0R]  [jzyrvil3tvd6e1vgoc6pyjnpjnjuidhoxb3fzahx]  [83239fcc-cf94-453d-886d-9723c194e567]  Added the event {
  event_type: 'TestRunFinished',
  test_run: {
    type: 'test',
    framework: 'Cucumber-TestNG',
    uuid: '328889b5-d2e7-4d46-bb48-94f27d21fdf9',
    name: 'Unsuccessful login with invalid or empty credentials',
    body: {
      lang: 'java',
      code: 'public void io.cucumber.testng.AbstractTestNGCucumberTests.runScenario(io.cucumber.testng.PickleWrapper,io.cucumber.testng.FeatureWrapper)'
    },
    identifier: 'Unsuccessful login with invalid or empty credentials',
    scope: 'Unsuccessful login with invalid or empty credentials',
    scopes: [ 'Login Functionality for OpenCart E-Commerce Website' ],
    file_name: 'SeleniumTestNG/src/test/resources/features/loginpage.feature',
    vc_filepath: 'SeleniumTestNG/src/test/resources/features/loginpage.feature',
    location: 'SeleniumTestNG/src/test/resources/features/loginpage.feature',
    meta: {
      data_provider_name: 'scenarios',
      feature: [Object],
      scenario: [Object],
      steps: [Array],
      examples: [Array]
    },
    result: 'failed',
    duration_in_ms: 279422,
    started_at: '2025-11-16T08:22:06.177Z',
    finished_at: '2025-11-16T08:26:45.599Z',
    failure: [ [Object] ],
    failure_type: 'UnhandledError',
    failure_reason: "java.lang.ClassCastException: class java.util.LinkedHashMap cannot be cast to class org.openqa.selenium.WebElement (java.util.LinkedHashMap is in module java.base of loader 'bootstrap'; org.openqa.selenium.WebElement is in unnamed module of loader 'app')",
    retry_of: null,
    custom_metadata: {},
    tags: [],
    customRerunParam: { rerun_name: 'SeleniumTestNG-2' },
    hooks: [],
    product_map: {
      observability: true,
      accessibility: false,
      percy: false,
      automate: true,
      app_automate: false
    }
  },
  logs: []
} to 49630:0
2025-11-16T08:26:45.627Z CLI info [testhub:request-queue-handler]  [sathishponnusamy_yQ8Y0R]  [jzyrvil3tvd6e1vgoc6pyjnpjnjuidhoxb3fzahx]  [83239fcc-cf94-453d-886d-9723c194e567]  Added the event {
  event_type: 'CBTSessionCreated',
  test_run: {
    uuid: '4b1b4388-afa0-4ecd-afdb-9163b004f2ff',
    integrations: { browserstack: [Object] }
  }
} to 49630:0
2025-11-16T08:26:45.897Z CLI info [testhub:request-queue-handler]  [sathishponnusamy_yQ8Y0R]  [jzyrvil3tvd6e1vgoc6pyjnpjnjuidhoxb3fzahx]  [83239fcc-cf94-453d-886d-9723c194e567]  Added the event {
  event_type: 'TestRunStarted',
  test_run: {
    type: 'test',
    framework: 'Cucumber-TestNG',
    uuid: '4b1b4388-afa0-4ecd-afdb-9163b004f2ff',
    name: 'Navigating to the forgotten password page',
    body: {
      lang: 'java',
      code: 'public void io.cucumber.testng.AbstractTestNGCucumberTests.runScenario(io.cucumber.testng.PickleWrapper,io.cucumber.testng.FeatureWrapper)'
    },
    identifier: 'Navigating to the forgotten password page',
    scope: 'Navigating to the forgotten password page',
    scopes: [ 'Login Functionality for OpenCart E-Commerce Website' ],
    file_name: 'SeleniumTestNG/src/test/resources/features/loginpage.feature',
    vc_filepath: 'SeleniumTestNG/src/test/resources/features/loginpage.feature',
    location: 'SeleniumTestNG/src/test/resources/features/loginpage.feature',
    meta: {
      data_provider_name: 'scenarios',
      feature: [Object],
      scenario: [Object]
    },
    result: 'failed',
    duration_in_ms: null,
    started_at: '2025-11-16T08:26:45.622Z',
    finished_at: '2025-11-16T08:26:45.599Z',
    failure: [ [Object] ],
    failure_type: 'UnhandledError',
    failure_reason: "java.lang.ClassCastException: class java.util.LinkedHashMap cannot be cast to class org.openqa.selenium.WebElement (java.util.LinkedHashMap is in module java.base of loader 'bootstrap'; org.openqa.selenium.WebElement is in unnamed module of loader 'app')",
    retry_of: null,
    custom_metadata: {},
    tags: [],
    customRerunParam: { rerun_name: 'SeleniumTestNG-2' },
    hooks: [],
    product_map: {
      observability: true,
      accessibility: false,
      percy: false,
      automate: true,
      app_automate: false
    }
  },
  logs: []
} to 49630:0
2025-11-16T08:26:45.911Z CLI info [testhub:request-queue-handler]  [sathishponnusamy_yQ8Y0R]  [jzyrvil3tvd6e1vgoc6pyjnpjnjuidhoxb3fzahx]  [83239fcc-cf94-453d-886d-9723c194e567]  Added the event {
  event_type: 'CBTSessionCreated',
  test_run: {
    uuid: '4b1b4388-afa0-4ecd-afdb-9163b004f2ff',
    integrations: { browserstack: [Object] }
  }
} to 49630:0
2025-11-16T08:26:46.090Z CLI info [testhub:request-queue-handler]  [sathishponnusamy_yQ8Y0R]  [jzyrvil3tvd6e1vgoc6pyjnpjnjuidhoxb3fzahx]  [83239fcc-cf94-453d-886d-9723c194e567]  Processing batch event [
  {
    event_type: 'TestRunFinished',
    test_run: {
      type: 'test',
      framework: 'Cucumber-TestNG',
      uuid: '328889b5-d2e7-4d46-bb48-94f27d21fdf9',
      name: 'Unsuccessful login with invalid or empty credentials',
      body: [Object],
      identifier: 'Unsuccessful login with invalid or empty credentials',
      scope: 'Unsuccessful login with invalid or empty credentials',
      scopes: [Array],
      file_name: 'SeleniumTestNG/src/test/resources/features/loginpage.feature',
      vc_filepath: 'SeleniumTestNG/src/test/resources/features/loginpage.feature',
      location: 'SeleniumTestNG/src/test/resources/features/loginpage.feature',
      meta: [Object],
      result: 'failed',
      duration_in_ms: 279422,
      started_at: '2025-11-16T08:22:06.177Z',
      finished_at: '2025-11-16T08:26:45.599Z',
      failure: [Array],
      failure_type: 'UnhandledError',
      failure_reason: "java.lang.ClassCastException: class java.util.LinkedHashMap cannot be cast to class org.openqa.selenium.WebElement (java.util.LinkedHashMap is in module java.base of loader 'bootstrap'; org.openqa.selenium.WebElement is in unnamed module of loader 'app')",
      retry_of: null,
      custom_metadata: {},
      tags: [],
      customRerunParam: [Object],
      hooks: [],
      product_map: [Object]
    },
    logs: []
  },
  {
    event_type: 'CBTSessionCreated',
    test_run: {
      uuid: '4b1b4388-afa0-4ecd-afdb-9163b004f2ff',
      integrations: [Object]
    }
  },
  {
    event_type: 'TestRunStarted',
    test_run: {
      type: 'test',
      framework: 'Cucumber-TestNG',
      uuid: '4b1b4388-afa0-4ecd-afdb-9163b004f2ff',
      name: 'Navigating to the forgotten password page',
      body: [Object],
      identifier: 'Navigating to the forgotten password page',
      scope: 'Navigating to the forgotten password page',
      scopes: [Array],
      file_name: 'SeleniumTestNG/src/test/resources/features/loginpage.feature',
      vc_filepath: 'SeleniumTestNG/src/test/resources/features/loginpage.feature',
      location: 'SeleniumTestNG/src/test/resources/features/loginpage.feature',
      meta: [Object],
      result: 'failed',
      duration_in_ms: null,
      started_at: '2025-11-16T08:26:45.622Z',
      finished_at: '2025-11-16T08:26:45.599Z',
      failure: [Array],
      failure_type: 'UnhandledError',
      failure_reason: "java.lang.ClassCastException: class java.util.LinkedHashMap cannot be cast to class org.openqa.selenium.WebElement (java.util.LinkedHashMap is in module java.base of loader 'bootstrap'; org.openqa.selenium.WebElement is in unnamed module of loader 'app')",
      retry_of: null,
      custom_metadata: {},
      tags: [],
      customRerunParam: [Object],
      hooks: [],
      product_map: [Object]
    },
    logs: []
  },
  {
    event_type: 'CBTSessionCreated',
    test_run: {
      uuid: '4b1b4388-afa0-4ecd-afdb-9163b004f2ff',
      integrations: [Object]
    }
  }
] to 49630:0
2025-11-16T08:26:46.092Z CLI info  [sathishponnusamy_yQ8Y0R]  [jzyrvil3tvd6e1vgoc6pyjnpjnjuidhoxb3fzahx]  [83239fcc-cf94-453d-886d-9723c194e567]  [PRODUCTION] Making POST request to https://collector-observability.browserstack.com
2025-11-16T08:26:46.455Z CLI info [testhub:request-queue-handler]  [sathishponnusamy_yQ8Y0R]  [jzyrvil3tvd6e1vgoc6pyjnpjnjuidhoxb3fzahx]  [83239fcc-cf94-453d-886d-9723c194e567]  Added the event {
  event_type: 'CBTSessionCreated',
  test_run: {
    uuid: '4b1b4388-afa0-4ecd-afdb-9163b004f2ff',
    integrations: { browserstack: [Object] }
  }
} to 49630:0
2025-11-16T08:26:47.061Z CLI info [sdk:service]  [sathishponnusamy_yQ8Y0R]  [jzyrvil3tvd6e1vgoc6pyjnpjnjuidhoxb3fzahx]  [83239fcc-cf94-453d-886d-9723c194e567]  Driver initialized as primary driver: platformIndex=2
2025-11-16T08:26:48.091Z CLI info [testhub:request-queue-handler]  [sathishponnusamy_yQ8Y0R]  [jzyrvil3tvd6e1vgoc6pyjnpjnjuidhoxb3fzahx]  [83239fcc-cf94-453d-886d-9723c194e567]  Processing batch event [
  {
    event_type: 'CBTSessionCreated',
    test_run: {
      uuid: '4b1b4388-afa0-4ecd-afdb-9163b004f2ff',
      integrations: [Object]
    }
  }
] to 49630:0
2025-11-16T08:26:48.092Z CLI info  [sathishponnusamy_yQ8Y0R]  [jzyrvil3tvd6e1vgoc6pyjnpjnjuidhoxb3fzahx]  [83239fcc-cf94-453d-886d-9723c194e567]  [PRODUCTION] Making POST request to https://collector-observability.browserstack.com
2025-11-16T08:27:10.589Z CLI info [testhub:request-queue-handler]  [sathishponnusamy_yQ8Y0R]  [jzyrvil3tvd6e1vgoc6pyjnpjnjuidhoxb3fzahx]  [83239fcc-cf94-453d-886d-9723c194e567]  Added the event {
  event_type: 'CBTSessionCreated',
  test_run: {
    uuid: '4b1b4388-afa0-4ecd-afdb-9163b004f2ff',
    integrations: { browserstack: [Object] }
  }
} to 49630:0
2025-11-16T08:27:12.106Z CLI info [testhub:request-queue-handler]  [sathishponnusamy_yQ8Y0R]  [jzyrvil3tvd6e1vgoc6pyjnpjnjuidhoxb3fzahx]  [83239fcc-cf94-453d-886d-9723c194e567]  Processing batch event [
  {
    event_type: 'CBTSessionCreated',
    test_run: {
      uuid: '4b1b4388-afa0-4ecd-afdb-9163b004f2ff',
      integrations: [Object]
    }
  }
] to 49630:0
2025-11-16T08:27:12.107Z CLI info  [sathishponnusamy_yQ8Y0R]  [jzyrvil3tvd6e1vgoc6pyjnpjnjuidhoxb3fzahx]  [83239fcc-cf94-453d-886d-9723c194e567]  [PRODUCTION] Making POST request to https://collector-observability.browserstack.com
2025-11-16T08:27:14.808Z CLI info [testhub:request-queue-handler]  [sathishponnusamy_yQ8Y0R]  [jzyrvil3tvd6e1vgoc6pyjnpjnjuidhoxb3fzahx]  [83239fcc-cf94-453d-886d-9723c194e567]  Added the event {
  event_type: 'CBTSessionCreated',
  test_run: {
    uuid: '4b1b4388-afa0-4ecd-afdb-9163b004f2ff',
    integrations: { browserstack: [Object] }
  }
} to 49630:0
2025-11-16T08:27:16.108Z CLI info [testhub:request-queue-handler]  [sathishponnusamy_yQ8Y0R]  [jzyrvil3tvd6e1vgoc6pyjnpjnjuidhoxb3fzahx]  [83239fcc-cf94-453d-886d-9723c194e567]  Processing batch event [
  {
    event_type: 'CBTSessionCreated',
    test_run: {
      uuid: '4b1b4388-afa0-4ecd-afdb-9163b004f2ff',
      integrations: [Object]
    }
  }
] to 49630:0
2025-11-16T08:27:16.109Z CLI info  [sathishponnusamy_yQ8Y0R]  [jzyrvil3tvd6e1vgoc6pyjnpjnjuidhoxb3fzahx]  [83239fcc-cf94-453d-886d-9723c194e567]  [PRODUCTION] Making POST request to https://collector-observability.browserstack.com
2025-11-16T08:27:17.197Z CLI info [testhub:request-queue-handler]  [sathishponnusamy_yQ8Y0R]  [jzyrvil3tvd6e1vgoc6pyjnpjnjuidhoxb3fzahx]  [83239fcc-cf94-453d-886d-9723c194e567]  Added the event {
  event_type: 'CBTSessionCreated',
  test_run: {
    uuid: '4b1b4388-afa0-4ecd-afdb-9163b004f2ff',
    integrations: { browserstack: [Object] }
  }
} to 49630:0
2025-11-16T08:27:18.110Z CLI info [testhub:request-queue-handler]  [sathishponnusamy_yQ8Y0R]  [jzyrvil3tvd6e1vgoc6pyjnpjnjuidhoxb3fzahx]  [83239fcc-cf94-453d-886d-9723c194e567]  Processing batch event [
  {
    event_type: 'CBTSessionCreated',
    test_run: {
      uuid: '4b1b4388-afa0-4ecd-afdb-9163b004f2ff',
      integrations: [Object]
    }
  }
] to 49630:0
2025-11-16T08:27:18.112Z CLI info  [sathishponnusamy_yQ8Y0R]  [jzyrvil3tvd6e1vgoc6pyjnpjnjuidhoxb3fzahx]  [83239fcc-cf94-453d-886d-9723c194e567]  [PRODUCTION] Making POST request to https://collector-observability.browserstack.com
2025-11-16T08:27:18.564Z CLI info [testhub:request-queue-handler]  [sathishponnusamy_yQ8Y0R]  [jzyrvil3tvd6e1vgoc6pyjnpjnjuidhoxb3fzahx]  [83239fcc-cf94-453d-886d-9723c194e567]  Added the event {
  event_type: 'CBTSessionCreated',
  test_run: {
    uuid: '4b1b4388-afa0-4ecd-afdb-9163b004f2ff',
    integrations: { browserstack: [Object] }
  }
} to 49630:0
2025-11-16T08:27:20.112Z CLI info [testhub:request-queue-handler]  [sathishponnusamy_yQ8Y0R]  [jzyrvil3tvd6e1vgoc6pyjnpjnjuidhoxb3fzahx]  [83239fcc-cf94-453d-886d-9723c194e567]  Processing batch event [
  {
    event_type: 'CBTSessionCreated',
    test_run: {
      uuid: '4b1b4388-afa0-4ecd-afdb-9163b004f2ff',
      integrations: [Object]
    }
  }
] to 49630:0
2025-11-16T08:27:20.115Z CLI info  [sathishponnusamy_yQ8Y0R]  [jzyrvil3tvd6e1vgoc6pyjnpjnjuidhoxb3fzahx]  [83239fcc-cf94-453d-886d-9723c194e567]  [PRODUCTION] Making POST request to https://collector-observability.browserstack.com
2025-11-16T08:27:21.463Z CLI info [testhub:request-queue-handler]  [sathishponnusamy_yQ8Y0R]  [jzyrvil3tvd6e1vgoc6pyjnpjnjuidhoxb3fzahx]  [83239fcc-cf94-453d-886d-9723c194e567]  Added the event {
  event_type: 'TestRunFinished',
  test_run: {
    type: 'test',
    framework: 'Cucumber-TestNG',
    uuid: '4b1b4388-afa0-4ecd-afdb-9163b004f2ff',
    name: 'Navigating to the forgotten password page',
    body: {
      lang: 'java',
      code: 'public void io.cucumber.testng.AbstractTestNGCucumberTests.runScenario(io.cucumber.testng.PickleWrapper,io.cucumber.testng.FeatureWrapper)'
    },
    identifier: 'Navigating to the forgotten password page',
    scope: 'Navigating to the forgotten password page',
    scopes: [ 'Login Functionality for OpenCart E-Commerce Website' ],
    file_name: 'SeleniumTestNG/src/test/resources/features/loginpage.feature',
    vc_filepath: 'SeleniumTestNG/src/test/resources/features/loginpage.feature',
    location: 'SeleniumTestNG/src/test/resources/features/loginpage.feature',
    meta: {
      data_provider_name: 'scenarios',
      feature: [Object],
      scenario: [Object],
      steps: [Array]
    },
    result: 'passed',
    duration_in_ms: 35837,
    started_at: '2025-11-16T08:26:45.622Z',
    finished_at: '2025-11-16T08:27:21.459Z',
    failure: null,
    failure_type: null,
    failure_reason: null,
    retry_of: null,
    custom_metadata: {},
    tags: [],
    customRerunParam: { rerun_name: 'SeleniumTestNG-2' },
    hooks: [],
    product_map: {
      observability: true,
      accessibility: false,
      percy: false,
      automate: true,
      app_automate: false
    }
  },
  logs: []
} to 49630:0
2025-11-16T08:27:21.479Z CLI info [testhub:request-queue-handler]  [sathishponnusamy_yQ8Y0R]  [jzyrvil3tvd6e1vgoc6pyjnpjnjuidhoxb3fzahx]  [83239fcc-cf94-453d-886d-9723c194e567]  Added the event {
  event_type: 'HookRunStarted',
  hook_run: {
    type: 'hook',
    hook_type: 'AFTER_CLASS',
    framework: 'Cucumber-TestNG',
    uuid: 'a43dd0d5-14e3-4f64-bd20-d4ed646f8e73',
    name: 'tearDownClass',
    result: 'pending',
    test_run_id: 'c8c22c7c-642e-4381-9677-0db37bdfb514',
    body: { lang: 'java', code: null },
    scope: 'Default Suite.runner.TestRunner',
    custom_metadata: {},
    tags: [],
    scopes: [ 'Default Suite', 'runner.TestRunner' ],
    file_name: 'SeleniumTestNG/src/test/java/runner/TestRunner.java',
    vc_filepath: 'SeleniumTestNG/src/test/java/runner/TestRunner.java',
    location: 'SeleniumTestNG/src/test/java/runner/TestRunner.java',
    started_at: '2025-11-16T08:27:21.477Z'
  },
  logs: []
} to 49630:0
2025-11-16T08:27:22.114Z CLI info [testhub:request-queue-handler]  [sathishponnusamy_yQ8Y0R]  [jzyrvil3tvd6e1vgoc6pyjnpjnjuidhoxb3fzahx]  [83239fcc-cf94-453d-886d-9723c194e567]  Processing batch event [
  {
    event_type: 'TestRunFinished',
    test_run: {
      type: 'test',
      framework: 'Cucumber-TestNG',
      uuid: '4b1b4388-afa0-4ecd-afdb-9163b004f2ff',
      name: 'Navigating to the forgotten password page',
      body: [Object],
      identifier: 'Navigating to the forgotten password page',
      scope: 'Navigating to the forgotten password page',
      scopes: [Array],
      file_name: 'SeleniumTestNG/src/test/resources/features/loginpage.feature',
      vc_filepath: 'SeleniumTestNG/src/test/resources/features/loginpage.feature',
      location: 'SeleniumTestNG/src/test/resources/features/loginpage.feature',
      meta: [Object],
      result: 'passed',
      duration_in_ms: 35837,
      started_at: '2025-11-16T08:26:45.622Z',
      finished_at: '2025-11-16T08:27:21.459Z',
      failure: null,
      failure_type: null,
      failure_reason: null,
      retry_of: null,
      custom_metadata: {},
      tags: [],
      customRerunParam: [Object],
      hooks: [],
      product_map: [Object]
    },
    logs: []
  },
  {
    event_type: 'HookRunStarted',
    hook_run: {
      type: 'hook',
      hook_type: 'AFTER_CLASS',
      framework: 'Cucumber-TestNG',
      uuid: 'a43dd0d5-14e3-4f64-bd20-d4ed646f8e73',
      name: 'tearDownClass',
      result: 'pending',
      test_run_id: 'c8c22c7c-642e-4381-9677-0db37bdfb514',
      body: [Object],
      scope: 'Default Suite.runner.TestRunner',
      custom_metadata: {},
      tags: [],
      scopes: [Array],
      file_name: 'SeleniumTestNG/src/test/java/runner/TestRunner.java',
      vc_filepath: 'SeleniumTestNG/src/test/java/runner/TestRunner.java',
      location: 'SeleniumTestNG/src/test/java/runner/TestRunner.java',
      started_at: '2025-11-16T08:27:21.477Z'
    },
    logs: []
  }
] to 49630:0
2025-11-16T08:27:22.115Z CLI info  [sathishponnusamy_yQ8Y0R]  [jzyrvil3tvd6e1vgoc6pyjnpjnjuidhoxb3fzahx]  [83239fcc-cf94-453d-886d-9723c194e567]  [PRODUCTION] Making POST request to https://collector-observability.browserstack.com
2025-11-16T08:27:22.343Z CLI info [testhub:request-queue-handler]  [sathishponnusamy_yQ8Y0R]  [jzyrvil3tvd6e1vgoc6pyjnpjnjuidhoxb3fzahx]  [83239fcc-cf94-453d-886d-9723c194e567]  Added the event {
  event_type: 'LogCreated',
  logs: [
    {
      testFrameworkName: 'Cucumber-TestNG',
      testFrameworkVersion: '7.11.0',
      testFrameworkState: 'LOG',
      timestamp: '2025-11-16T08:27:22.340Z',
      uuid: 'a43dd0d5-14e3-4f64-bd20-d4ed646f8e73',
      kind: 'TEST_LOG',
      message: '"┌──────────────────────────────────────────────────────────────────────────┐\\n│ View your Cucumber Report at:                                            │\\n│ https://reports.cucumber.io/reports/a03e3d8f-ccf5-4e2b-98c5-7dd3ee99a9dd │\\n│                                                                          │\\n│ This report will self-destruct in 24h.                                   │\\n└──────────────────────────────────────────────────────────────────────────┘"',
      level: 'ERROR',
      test_run_uuid: 'a43dd0d5-14e3-4f64-bd20-d4ed646f8e73'
    }
  ]
} to 49630:0
2025-11-16T08:27:22.365Z CLI info [testhub:request-queue-handler]  [sathishponnusamy_yQ8Y0R]  [jzyrvil3tvd6e1vgoc6pyjnpjnjuidhoxb3fzahx]  [83239fcc-cf94-453d-886d-9723c194e567]  Added the event {
  event_type: 'HookRunFinished',
  hook_run: {
    type: 'hook',
    hook_type: 'AFTER_CLASS',
    framework: 'Cucumber-TestNG',
    uuid: 'a43dd0d5-14e3-4f64-bd20-d4ed646f8e73',
    name: 'tearDownClass',
    result: 'passed',
    test_run_id: 'c8c22c7c-642e-4381-9677-0db37bdfb514',
    body: { lang: 'java', code: null },
    scope: 'Default Suite.runner.TestRunner',
    custom_metadata: {},
    tags: [],
    scopes: [ 'Default Suite', 'runner.TestRunner' ],
    file_name: 'SeleniumTestNG/src/test/java/runner/TestRunner.java',
    vc_filepath: 'SeleniumTestNG/src/test/java/runner/TestRunner.java',
    location: 'SeleniumTestNG/src/test/java/runner/TestRunner.java',
    started_at: '2025-11-16T08:27:21.477Z',
    finished_at: '2025-11-16T08:27:22.361Z'
  },
  logs: []
} to 49630:0
2025-11-16T08:27:24.115Z CLI info [testhub:request-queue-handler]  [sathishponnusamy_yQ8Y0R]  [jzyrvil3tvd6e1vgoc6pyjnpjnjuidhoxb3fzahx]  [83239fcc-cf94-453d-886d-9723c194e567]  Processing batch event [
  { event_type: 'LogCreated', logs: [ [Object] ] },
  {
    event_type: 'HookRunFinished',
    hook_run: {
      type: 'hook',
      hook_type: 'AFTER_CLASS',
      framework: 'Cucumber-TestNG',
      uuid: 'a43dd0d5-14e3-4f64-bd20-d4ed646f8e73',
      name: 'tearDownClass',
      result: 'passed',
      test_run_id: 'c8c22c7c-642e-4381-9677-0db37bdfb514',
      body: [Object],
      scope: 'Default Suite.runner.TestRunner',
      custom_metadata: {},
      tags: [],
      scopes: [Array],
      file_name: 'SeleniumTestNG/src/test/java/runner/TestRunner.java',
      vc_filepath: 'SeleniumTestNG/src/test/java/runner/TestRunner.java',
      location: 'SeleniumTestNG/src/test/java/runner/TestRunner.java',
      started_at: '2025-11-16T08:27:21.477Z',
      finished_at: '2025-11-16T08:27:22.361Z'
    },
    logs: []
  }
] to 49630:0
2025-11-16T08:27:24.116Z CLI info  [sathishponnusamy_yQ8Y0R]  [jzyrvil3tvd6e1vgoc6pyjnpjnjuidhoxb3fzahx]  [83239fcc-cf94-453d-886d-9723c194e567]  [PRODUCTION] Making POST request to https://collector-observability.browserstack.com
2025-11-16T08:27:24.462Z CLI info  [sathishponnusamy_yQ8Y0R]  [jzyrvil3tvd6e1vgoc6pyjnpjnjuidhoxb3fzahx]  [83239fcc-cf94-453d-886d-9723c194e567]  [PRODUCTION] Making PUT request to https://collector-observability.browserstack.com
2025-11-16T08:27:24.785Z CLI info [testhub:module]  [sathishponnusamy_yQ8Y0R]  [jzyrvil3tvd6e1vgoc6pyjnpjnjuidhoxb3fzahx]  [83239fcc-cf94-453d-886d-9723c194e567]  stopBuild: jzyrvil3tvd6e1vgoc6pyjnpjnjuidhoxb3fzahx request={"finished_at":"2025-11-16T08:27:22.846Z","finished_metadata":[],"custom_metadata":{}} response={"data":""}
2025-11-16T08:27:24.787Z CLI info  [sathishponnusamy_yQ8Y0R]  [jzyrvil3tvd6e1vgoc6pyjnpjnjuidhoxb3fzahx]  [83239fcc-cf94-453d-886d-9723c194e567]  [PRODUCTION] Making POST request to https://api.browserstack.com
2025-11-16T08:27:24.789Z CLI info [TEST REPORTING AND ANALYTICS:module]  [sathishponnusamy_yQ8Y0R]  [jzyrvil3tvd6e1vgoc6pyjnpjnjuidhoxb3fzahx]  [83239fcc-cf94-453d-886d-9723c194e567]  Visit https://automation.browserstack.com/builds/jzyrvil3tvd6e1vgoc6pyjnpjnjuidhoxb3fzahx to view build report, insights, and many more debugging information all at one place!
2025-11-16T08:27:27.377Z CLI info  [sathishponnusamy_yQ8Y0R]  [jzyrvil3tvd6e1vgoc6pyjnpjnjuidhoxb3fzahx]  [83239fcc-cf94-453d-886d-9723c194e567]  [PRODUCTION] Making GET request to https://api.browserstack.com
2025-11-16T08:27:27.556Z CLI info  [sathishponnusamy_yQ8Y0R]  [jzyrvil3tvd6e1vgoc6pyjnpjnjuidhoxb3fzahx]  [83239fcc-cf94-453d-886d-9723c194e567]  [PRODUCTION] Making POST request to https://eds.browserstack.com
2025-11-16T08:27:28.025Z CLI info [main]  [sathishponnusamy_yQ8Y0R]  [jzyrvil3tvd6e1vgoc6pyjnpjnjuidhoxb3fzahx]  [83239fcc-cf94-453d-886d-9723c194e567]  Received graceful signal termination, performing cleanup
2025-11-16T08:44:52.132Z CLI info [main]     Server listening on port: 5400
2025-11-16T08:44:52.571Z CLI info     Config : {"userName":"sathishponnusamy_yQ8Y0R","accessKey":"yyxPBXzPZhsqhzuNmPGs","projectName":"SeleniumTestNG","buildName":"browserstack build","buildIdentifier":"#${BUILD_NUMBER}","platforms":[{"os":"OS X","osVersion":"Big Sur","browserName":"Chrome","browserVersion":"latest"},{"os":"Windows","osVersion":"10","browserName":"Edge","browserVersion":"latest"},{"deviceName":"Samsung Galaxy S22 Ultra","browserName":"chrome","osVersion":"12.0"}],"parallelsPerPlatform":1,"source":"java:intellij:2.0.0-IC","browserstackLocal":true,"debug":false,"networkLogs":false,"consoleLogs":"errors"}
2025-11-16T08:44:52.583Z CLI info [testhub:module]  [sathishponnusamy_yQ8Y0R]   [fe9eb77a-5923-4f14-926a-c561bc0da599]  Starting testhub from 50353:0
2025-11-16T08:44:52.584Z CLI info  [sathishponnusamy_yQ8Y0R]   [fe9eb77a-5923-4f14-926a-c561bc0da599]  [PRODUCTION] Making POST request to https://sdk.browserstack.com
2025-11-16T08:44:53.357Z CLI info [testhub:module]  [sathishponnusamy_yQ8Y0R]   [fe9eb77a-5923-4f14-926a-c561bc0da599]  startBuild: response=qx6jaiwni8lveaetbfn8xb1lc8dhi3xwguuidlee
2025-11-16T08:44:53.360Z CLI info  [sathishponnusamy_yQ8Y0R]  [qx6jaiwni8lveaetbfn8xb1lc8dhi3xwguuidlee]  [fe9eb77a-5923-4f14-926a-c561bc0da599]  [PRODUCTION] Making POST request to https://api.browserstack.com
2025-11-16T08:44:56.441Z CLI info  [sathishponnusamy_yQ8Y0R]  [qx6jaiwni8lveaetbfn8xb1lc8dhi3xwguuidlee]  [fe9eb77a-5923-4f14-926a-c561bc0da599]  [PRODUCTION] Making GET request to https://hub.browserstack.com
2025-11-16T08:44:56.540Z CLI info  [sathishponnusamy_yQ8Y0R]  [qx6jaiwni8lveaetbfn8xb1lc8dhi3xwguuidlee]  [fe9eb77a-5923-4f14-926a-c561bc0da599]  [PRODUCTION] Making GET request to https://hub-euw.browserstack.com
2025-11-16T08:44:56.614Z CLI info  [sathishponnusamy_yQ8Y0R]  [qx6jaiwni8lveaetbfn8xb1lc8dhi3xwguuidlee]  [fe9eb77a-5923-4f14-926a-c561bc0da599]  [PRODUCTION] Making GET request to https://hub-use.browserstack.com
2025-11-16T08:44:57.027Z CLI info  [sathishponnusamy_yQ8Y0R]  [qx6jaiwni8lveaetbfn8xb1lc8dhi3xwguuidlee]  [fe9eb77a-5923-4f14-926a-c561bc0da599]  [PRODUCTION] Making GET request to https://hub-aps.browserstack.com
2025-11-16T08:45:00.177Z CLI info [testhub:request-queue-handler]  [sathishponnusamy_yQ8Y0R]  [qx6jaiwni8lveaetbfn8xb1lc8dhi3xwguuidlee]  [fe9eb77a-5923-4f14-926a-c561bc0da599]  Added the event {
  event_type: 'HookRunStarted',
  hook_run: {
    type: 'hook',
    hook_type: 'BEFORE_CLASS',
    framework: 'Cucumber-TestNG',
    uuid: '2ecc7134-7c5f-41ef-a366-00a0d118dba4',
    name: 'setUpClass',
    result: 'pending',
    test_run_id: 'e0bbe1f0-5657-4dd1-9657-f3e6859874c8',
    body: { lang: 'java', code: null },
    scope: 'Default Suite.runner.TestRunner',
    custom_metadata: {},
    tags: [],
    scopes: [ 'Default Suite', 'runner.TestRunner' ],
    file_name: 'SeleniumTestNG/src/test/java/runner/TestRunner.java',
    vc_filepath: 'SeleniumTestNG/src/test/java/runner/TestRunner.java',
    location: 'SeleniumTestNG/src/test/java/runner/TestRunner.java',
    started_at: '2025-11-16T08:45:00.156Z'
  },
  logs: []
} to 50353:0
2025-11-16T08:45:00.178Z CLI info [testhub:request-queue-handler]  [sathishponnusamy_yQ8Y0R]  [qx6jaiwni8lveaetbfn8xb1lc8dhi3xwguuidlee]  [fe9eb77a-5923-4f14-926a-c561bc0da599]  Added the event {
  event_type: 'HookRunStarted',
  hook_run: {
    type: 'hook',
    hook_type: 'BEFORE_CLASS',
    framework: 'Cucumber-TestNG',
    uuid: 'fe6eb2a8-6edd-42bf-ae6c-af01af4e064b',
    name: 'setUpClass',
    result: 'pending',
    test_run_id: 'ec211f9a-a590-4559-9bcd-0a1968e5f3c9',
    body: { lang: 'java', code: null },
    scope: 'Default Suite.runner.TestRunner',
    custom_metadata: {},
    tags: [],
    scopes: [ 'Default Suite', 'runner.TestRunner' ],
    file_name: 'SeleniumTestNG/src/test/java/runner/TestRunner.java',
    vc_filepath: 'SeleniumTestNG/src/test/java/runner/TestRunner.java',
    location: 'SeleniumTestNG/src/test/java/runner/TestRunner.java',
    started_at: '2025-11-16T08:45:00.156Z'
  },
  logs: []
} to 50353:0
2025-11-16T08:45:00.179Z CLI info [testhub:request-queue-handler]  [sathishponnusamy_yQ8Y0R]  [qx6jaiwni8lveaetbfn8xb1lc8dhi3xwguuidlee]  [fe9eb77a-5923-4f14-926a-c561bc0da599]  Added the event {
  event_type: 'HookRunStarted',
  hook_run: {
    type: 'hook',
    hook_type: 'BEFORE_CLASS',
    framework: 'Cucumber-TestNG',
    uuid: 'b4da4a7a-431c-494d-93f4-60d25acbbc5a',
    name: 'setUpClass',
    result: 'pending',
    test_run_id: '7f9651f8-60bf-4efa-84d3-fef9752c40d9',
    body: { lang: 'java', code: null },
    scope: 'Default Suite.runner.TestRunner',
    custom_metadata: {},
    tags: [],
    scopes: [ 'Default Suite', 'runner.TestRunner' ],
    file_name: 'SeleniumTestNG/src/test/java/runner/TestRunner.java',
    vc_filepath: 'SeleniumTestNG/src/test/java/runner/TestRunner.java',
    location: 'SeleniumTestNG/src/test/java/runner/TestRunner.java',
    started_at: '2025-11-16T08:45:00.156Z'
  },
  logs: []
} to 50353:0
2025-11-16T08:45:01.361Z CLI info [testhub:request-queue-handler]  [sathishponnusamy_yQ8Y0R]  [qx6jaiwni8lveaetbfn8xb1lc8dhi3xwguuidlee]  [fe9eb77a-5923-4f14-926a-c561bc0da599]  Processing batch event [
  {
    event_type: 'HookRunStarted',
    hook_run: {
      type: 'hook',
      hook_type: 'BEFORE_CLASS',
      framework: 'Cucumber-TestNG',
      uuid: '2ecc7134-7c5f-41ef-a366-00a0d118dba4',
      name: 'setUpClass',
      result: 'pending',
      test_run_id: 'e0bbe1f0-5657-4dd1-9657-f3e6859874c8',
      body: [Object],
      scope: 'Default Suite.runner.TestRunner',
      custom_metadata: {},
      tags: [],
      scopes: [Array],
      file_name: 'SeleniumTestNG/src/test/java/runner/TestRunner.java',
      vc_filepath: 'SeleniumTestNG/src/test/java/runner/TestRunner.java',
      location: 'SeleniumTestNG/src/test/java/runner/TestRunner.java',
      started_at: '2025-11-16T08:45:00.156Z'
    },
    logs: []
  },
  {
    event_type: 'HookRunStarted',
    hook_run: {
      type: 'hook',
      hook_type: 'BEFORE_CLASS',
      framework: 'Cucumber-TestNG',
      uuid: 'fe6eb2a8-6edd-42bf-ae6c-af01af4e064b',
      name: 'setUpClass',
      result: 'pending',
      test_run_id: 'ec211f9a-a590-4559-9bcd-0a1968e5f3c9',
      body: [Object],
      scope: 'Default Suite.runner.TestRunner',
      custom_metadata: {},
      tags: [],
      scopes: [Array],
      file_name: 'SeleniumTestNG/src/test/java/runner/TestRunner.java',
      vc_filepath: 'SeleniumTestNG/src/test/java/runner/TestRunner.java',
      location: 'SeleniumTestNG/src/test/java/runner/TestRunner.java',
      started_at: '2025-11-16T08:45:00.156Z'
    },
    logs: []
  },
  {
    event_type: 'HookRunStarted',
    hook_run: {
      type: 'hook',
      hook_type: 'BEFORE_CLASS',
      framework: 'Cucumber-TestNG',
      uuid: 'b4da4a7a-431c-494d-93f4-60d25acbbc5a',
      name: 'setUpClass',
      result: 'pending',
      test_run_id: '7f9651f8-60bf-4efa-84d3-fef9752c40d9',
      body: [Object],
      scope: 'Default Suite.runner.TestRunner',
      custom_metadata: {},
      tags: [],
      scopes: [Array],
      file_name: 'SeleniumTestNG/src/test/java/runner/TestRunner.java',
      vc_filepath: 'SeleniumTestNG/src/test/java/runner/TestRunner.java',
      location: 'SeleniumTestNG/src/test/java/runner/TestRunner.java',
      started_at: '2025-11-16T08:45:00.156Z'
    },
    logs: []
  }
] to 50353:0
2025-11-16T08:45:01.362Z CLI info  [sathishponnusamy_yQ8Y0R]  [qx6jaiwni8lveaetbfn8xb1lc8dhi3xwguuidlee]  [fe9eb77a-5923-4f14-926a-c561bc0da599]  [PRODUCTION] Making POST request to https://collector-observability.browserstack.com
2025-11-16T08:45:01.587Z CLI info [testhub:request-queue-handler]  [sathishponnusamy_yQ8Y0R]  [qx6jaiwni8lveaetbfn8xb1lc8dhi3xwguuidlee]  [fe9eb77a-5923-4f14-926a-c561bc0da599]  Added the event {
  event_type: 'HookRunFinished',
  hook_run: {
    type: 'hook',
    hook_type: 'BEFORE_CLASS',
    framework: 'Cucumber-TestNG',
    uuid: '2ecc7134-7c5f-41ef-a366-00a0d118dba4',
    name: 'setUpClass',
    result: 'passed',
    test_run_id: 'e0bbe1f0-5657-4dd1-9657-f3e6859874c8',
    body: { lang: 'java', code: null },
    scope: 'Default Suite.runner.TestRunner',
    custom_metadata: {},
    tags: [],
    scopes: [ 'Default Suite', 'runner.TestRunner' ],
    file_name: 'SeleniumTestNG/src/test/java/runner/TestRunner.java',
    vc_filepath: 'SeleniumTestNG/src/test/java/runner/TestRunner.java',
    location: 'SeleniumTestNG/src/test/java/runner/TestRunner.java',
    started_at: '2025-11-16T08:45:00.156Z',
    finished_at: '2025-11-16T08:45:01.581Z'
  },
  logs: []
} to 50353:0
2025-11-16T08:45:01.612Z CLI info [testhub:request-queue-handler]  [sathishponnusamy_yQ8Y0R]  [qx6jaiwni8lveaetbfn8xb1lc8dhi3xwguuidlee]  [fe9eb77a-5923-4f14-926a-c561bc0da599]  Added the event {
  event_type: 'HookRunFinished',
  hook_run: {
    type: 'hook',
    hook_type: 'BEFORE_CLASS',
    framework: 'Cucumber-TestNG',
    uuid: 'b4da4a7a-431c-494d-93f4-60d25acbbc5a',
    name: 'setUpClass',
    result: 'passed',
    test_run_id: '7f9651f8-60bf-4efa-84d3-fef9752c40d9',
    body: { lang: 'java', code: null },
    scope: 'Default Suite.runner.TestRunner',
    custom_metadata: {},
    tags: [],
    scopes: [ 'Default Suite', 'runner.TestRunner' ],
    file_name: 'SeleniumTestNG/src/test/java/runner/TestRunner.java',
    vc_filepath: 'SeleniumTestNG/src/test/java/runner/TestRunner.java',
    location: 'SeleniumTestNG/src/test/java/runner/TestRunner.java',
    started_at: '2025-11-16T08:45:00.156Z',
    finished_at: '2025-11-16T08:45:01.603Z'
  },
  logs: []
} to 50353:0
2025-11-16T08:45:01.615Z CLI info [testhub:request-queue-handler]  [sathishponnusamy_yQ8Y0R]  [qx6jaiwni8lveaetbfn8xb1lc8dhi3xwguuidlee]  [fe9eb77a-5923-4f14-926a-c561bc0da599]  Added the event {
  event_type: 'HookRunFinished',
  hook_run: {
    type: 'hook',
    hook_type: 'BEFORE_CLASS',
    framework: 'Cucumber-TestNG',
    uuid: 'fe6eb2a8-6edd-42bf-ae6c-af01af4e064b',
    name: 'setUpClass',
    result: 'passed',
    test_run_id: 'ec211f9a-a590-4559-9bcd-0a1968e5f3c9',
    body: { lang: 'java', code: null },
    scope: 'Default Suite.runner.TestRunner',
    custom_metadata: {},
    tags: [],
    scopes: [ 'Default Suite', 'runner.TestRunner' ],
    file_name: 'SeleniumTestNG/src/test/java/runner/TestRunner.java',
    vc_filepath: 'SeleniumTestNG/src/test/java/runner/TestRunner.java',
    location: 'SeleniumTestNG/src/test/java/runner/TestRunner.java',
    started_at: '2025-11-16T08:45:00.156Z',
    finished_at: '2025-11-16T08:45:01.609Z'
  },
  logs: []
} to 50353:0
2025-11-16T08:45:02.034Z CLI info [testhub:request-queue-handler]  [sathishponnusamy_yQ8Y0R]  [qx6jaiwni8lveaetbfn8xb1lc8dhi3xwguuidlee]  [fe9eb77a-5923-4f14-926a-c561bc0da599]  Added the event {
  event_type: 'TestRunStarted',
  test_run: {
    type: 'test',
    framework: 'Cucumber-TestNG',
    uuid: '7e218b58-8ae8-44aa-a5ae-317b24b7fa17',
    name: 'Successful login with valid credentials',
    body: {
      lang: 'java',
      code: 'public void io.cucumber.testng.AbstractTestNGCucumberTests.runScenario(io.cucumber.testng.PickleWrapper,io.cucumber.testng.FeatureWrapper)'
    },
    identifier: 'Successful login with valid credentials',
    scope: 'Successful login with valid credentials',
    scopes: [ 'Login Functionality for OpenCart E-Commerce Website' ],
    file_name: 'SeleniumTestNG/src/test/resources/features/loginpage.feature',
    vc_filepath: 'SeleniumTestNG/src/test/resources/features/loginpage.feature',
    location: 'SeleniumTestNG/src/test/resources/features/loginpage.feature',
    meta: {
      data_provider_name: 'scenarios',
      feature: [Object],
      scenario: [Object]
    },
    result: 'pending',
    duration_in_ms: null,
    started_at: '2025-11-16T08:45:01.639Z',
    failure: undefined,
    failure_type: undefined,
    failure_reason: undefined,
    retry_of: null,
    custom_metadata: {},
    tags: [],
    customRerunParam: { rerun_name: 'SeleniumTestNG-0' },
    hooks: [],
    product_map: {
      observability: true,
      accessibility: false,
      percy: false,
      automate: true,
      app_automate: false
    }
  },
  logs: []
} to 50353:0
2025-11-16T08:45:02.950Z CLI info [testhub:request-queue-handler]  [sathishponnusamy_yQ8Y0R]  [qx6jaiwni8lveaetbfn8xb1lc8dhi3xwguuidlee]  [fe9eb77a-5923-4f14-926a-c561bc0da599]  Added the event {
  event_type: 'TestRunStarted',
  test_run: {
    type: 'test',
    framework: 'Cucumber-TestNG',
    uuid: '0bc032e1-f806-41f6-bc74-31b02ee7b6d2',
    name: 'Successful login with valid credentials',
    body: {
      lang: 'java',
      code: 'public void io.cucumber.testng.AbstractTestNGCucumberTests.runScenario(io.cucumber.testng.PickleWrapper,io.cucumber.testng.FeatureWrapper)'
    },
    identifier: 'Successful login with valid credentials',
    scope: 'Successful login with valid credentials',
    scopes: [ 'Login Functionality for OpenCart E-Commerce Website' ],
    file_name: 'SeleniumTestNG/src/test/resources/features/loginpage.feature',
    vc_filepath: 'SeleniumTestNG/src/test/resources/features/loginpage.feature',
    location: 'SeleniumTestNG/src/test/resources/features/loginpage.feature',
    meta: {
      data_provider_name: 'scenarios',
      feature: [Object],
      scenario: [Object]
    },
    result: 'pending',
    duration_in_ms: null,
    started_at: '2025-11-16T08:45:01.646Z',
    failure: undefined,
    failure_type: undefined,
    failure_reason: undefined,
    retry_of: null,
    custom_metadata: {},
    tags: [],
    customRerunParam: { rerun_name: 'SeleniumTestNG-1' },
    hooks: [],
    product_map: {
      observability: true,
      accessibility: false,
      percy: false,
      automate: true,
      app_automate: false
    }
  },
  logs: []
} to 50353:0
2025-11-16T08:45:02.958Z CLI info [testhub:request-queue-handler]  [sathishponnusamy_yQ8Y0R]  [qx6jaiwni8lveaetbfn8xb1lc8dhi3xwguuidlee]  [fe9eb77a-5923-4f14-926a-c561bc0da599]  Added the event {
  event_type: 'TestRunStarted',
  test_run: {
    type: 'test',
    framework: 'Cucumber-TestNG',
    uuid: '79b0a7dd-6342-4775-ab8e-481de4311ac5',
    name: 'Successful login with valid credentials',
    body: {
      lang: 'java',
      code: 'public void io.cucumber.testng.AbstractTestNGCucumberTests.runScenario(io.cucumber.testng.PickleWrapper,io.cucumber.testng.FeatureWrapper)'
    },
    identifier: 'Successful login with valid credentials',
    scope: 'Successful login with valid credentials',
    scopes: [ 'Login Functionality for OpenCart E-Commerce Website' ],
    file_name: 'SeleniumTestNG/src/test/resources/features/loginpage.feature',
    vc_filepath: 'SeleniumTestNG/src/test/resources/features/loginpage.feature',
    location: 'SeleniumTestNG/src/test/resources/features/loginpage.feature',
    meta: {
      data_provider_name: 'scenarios',
      feature: [Object],
      scenario: [Object]
    },
    result: 'pending',
    duration_in_ms: null,
    started_at: '2025-11-16T08:45:01.629Z',
    failure: undefined,
    failure_type: undefined,
    failure_reason: undefined,
    retry_of: null,
    custom_metadata: {},
    tags: [],
    customRerunParam: { rerun_name: 'SeleniumTestNG-2' },
    hooks: [],
    product_map: {
      observability: true,
      accessibility: false,
      percy: false,
      automate: true,
      app_automate: false
    }
  },
  logs: []
} to 50353:0
2025-11-16T08:45:03.361Z CLI info [testhub:request-queue-handler]  [sathishponnusamy_yQ8Y0R]  [qx6jaiwni8lveaetbfn8xb1lc8dhi3xwguuidlee]  [fe9eb77a-5923-4f14-926a-c561bc0da599]  Processing batch event [
  {
    event_type: 'HookRunFinished',
    hook_run: {
      type: 'hook',
      hook_type: 'BEFORE_CLASS',
      framework: 'Cucumber-TestNG',
      uuid: '2ecc7134-7c5f-41ef-a366-00a0d118dba4',
      name: 'setUpClass',
      result: 'passed',
      test_run_id: 'e0bbe1f0-5657-4dd1-9657-f3e6859874c8',
      body: [Object],
      scope: 'Default Suite.runner.TestRunner',
      custom_metadata: {},
      tags: [],
      scopes: [Array],
      file_name: 'SeleniumTestNG/src/test/java/runner/TestRunner.java',
      vc_filepath: 'SeleniumTestNG/src/test/java/runner/TestRunner.java',
      location: 'SeleniumTestNG/src/test/java/runner/TestRunner.java',
      started_at: '2025-11-16T08:45:00.156Z',
      finished_at: '2025-11-16T08:45:01.581Z'
    },
    logs: []
  },
  {
    event_type: 'HookRunFinished',
    hook_run: {
      type: 'hook',
      hook_type: 'BEFORE_CLASS',
      framework: 'Cucumber-TestNG',
      uuid: 'b4da4a7a-431c-494d-93f4-60d25acbbc5a',
      name: 'setUpClass',
      result: 'passed',
      test_run_id: '7f9651f8-60bf-4efa-84d3-fef9752c40d9',
      body: [Object],
      scope: 'Default Suite.runner.TestRunner',
      custom_metadata: {},
      tags: [],
      scopes: [Array],
      file_name: 'SeleniumTestNG/src/test/java/runner/TestRunner.java',
      vc_filepath: 'SeleniumTestNG/src/test/java/runner/TestRunner.java',
      location: 'SeleniumTestNG/src/test/java/runner/TestRunner.java',
      started_at: '2025-11-16T08:45:00.156Z',
      finished_at: '2025-11-16T08:45:01.603Z'
    },
    logs: []
  },
  {
    event_type: 'HookRunFinished',
    hook_run: {
      type: 'hook',
      hook_type: 'BEFORE_CLASS',
      framework: 'Cucumber-TestNG',
      uuid: 'fe6eb2a8-6edd-42bf-ae6c-af01af4e064b',
      name: 'setUpClass',
      result: 'passed',
      test_run_id: 'ec211f9a-a590-4559-9bcd-0a1968e5f3c9',
      body: [Object],
      scope: 'Default Suite.runner.TestRunner',
      custom_metadata: {},
      tags: [],
      scopes: [Array],
      file_name: 'SeleniumTestNG/src/test/java/runner/TestRunner.java',
      vc_filepath: 'SeleniumTestNG/src/test/java/runner/TestRunner.java',
      location: 'SeleniumTestNG/src/test/java/runner/TestRunner.java',
      started_at: '2025-11-16T08:45:00.156Z',
      finished_at: '2025-11-16T08:45:01.609Z'
    },
    logs: []
  },
  {
    event_type: 'TestRunStarted',
    test_run: {
      type: 'test',
      framework: 'Cucumber-TestNG',
      uuid: '7e218b58-8ae8-44aa-a5ae-317b24b7fa17',
      name: 'Successful login with valid credentials',
      body: [Object],
      identifier: 'Successful login with valid credentials',
      scope: 'Successful login with valid credentials',
      scopes: [Array],
      file_name: 'SeleniumTestNG/src/test/resources/features/loginpage.feature',
      vc_filepath: 'SeleniumTestNG/src/test/resources/features/loginpage.feature',
      location: 'SeleniumTestNG/src/test/resources/features/loginpage.feature',
      meta: [Object],
      result: 'pending',
      duration_in_ms: null,
      started_at: '2025-11-16T08:45:01.639Z',
      failure: undefined,
      failure_type: undefined,
      failure_reason: undefined,
      retry_of: null,
      custom_metadata: {},
      tags: [],
      customRerunParam: [Object],
      hooks: [],
      product_map: [Object]
    },
    logs: []
  },
  {
    event_type: 'TestRunStarted',
    test_run: {
      type: 'test',
      framework: 'Cucumber-TestNG',
      uuid: '0bc032e1-f806-41f6-bc74-31b02ee7b6d2',
      name: 'Successful login with valid credentials',
      body: [Object],
      identifier: 'Successful login with valid credentials',
      scope: 'Successful login with valid credentials',
      scopes: [Array],
      file_name: 'SeleniumTestNG/src/test/resources/features/loginpage.feature',
      vc_filepath: 'SeleniumTestNG/src/test/resources/features/loginpage.feature',
      location: 'SeleniumTestNG/src/test/resources/features/loginpage.feature',
      meta: [Object],
      result: 'pending',
      duration_in_ms: null,
      started_at: '2025-11-16T08:45:01.646Z',
      failure: undefined,
      failure_type: undefined,
      failure_reason: undefined,
      retry_of: null,
      custom_metadata: {},
      tags: [],
      customRerunParam: [Object],
      hooks: [],
      product_map: [Object]
    },
    logs: []
  },
  {
    event_type: 'TestRunStarted',
    test_run: {
      type: 'test',
      framework: 'Cucumber-TestNG',
      uuid: '79b0a7dd-6342-4775-ab8e-481de4311ac5',
      name: 'Successful login with valid credentials',
      body: [Object],
      identifier: 'Successful login with valid credentials',
      scope: 'Successful login with valid credentials',
      scopes: [Array],
      file_name: 'SeleniumTestNG/src/test/resources/features/loginpage.feature',
      vc_filepath: 'SeleniumTestNG/src/test/resources/features/loginpage.feature',
      location: 'SeleniumTestNG/src/test/resources/features/loginpage.feature',
      meta: [Object],
      result: 'pending',
      duration_in_ms: null,
      started_at: '2025-11-16T08:45:01.629Z',
      failure: undefined,
      failure_type: undefined,
      failure_reason: undefined,
      retry_of: null,
      custom_metadata: {},
      tags: [],
      customRerunParam: [Object],
      hooks: [],
      product_map: [Object]
    },
    logs: []
  }
] to 50353:0
2025-11-16T08:45:03.362Z CLI info  [sathishponnusamy_yQ8Y0R]  [qx6jaiwni8lveaetbfn8xb1lc8dhi3xwguuidlee]  [fe9eb77a-5923-4f14-926a-c561bc0da599]  [PRODUCTION] Making POST request to https://collector-observability.browserstack.com
2025-11-16T08:45:05.319Z CLI info [sdk:service]  [sathishponnusamy_yQ8Y0R]  [qx6jaiwni8lveaetbfn8xb1lc8dhi3xwguuidlee]  [fe9eb77a-5923-4f14-926a-c561bc0da599]  Driver initialized as primary driver: platformIndex=0
2025-11-16T08:45:05.322Z CLI info [sdk:service]  [sathishponnusamy_yQ8Y0R]  [qx6jaiwni8lveaetbfn8xb1lc8dhi3xwguuidlee]  [fe9eb77a-5923-4f14-926a-c561bc0da599]  Driver initialized as primary driver: platformIndex=1
2025-11-16T08:45:05.325Z CLI info [sdk:service]  [sathishponnusamy_yQ8Y0R]  [qx6jaiwni8lveaetbfn8xb1lc8dhi3xwguuidlee]  [fe9eb77a-5923-4f14-926a-c561bc0da599]  Driver initialized as primary driver: platformIndex=2
2025-11-16T08:45:14.807Z CLI info [testhub:request-queue-handler]  [sathishponnusamy_yQ8Y0R]  [qx6jaiwni8lveaetbfn8xb1lc8dhi3xwguuidlee]  [fe9eb77a-5923-4f14-926a-c561bc0da599]  Added the event {
  event_type: 'CBTSessionCreated',
  test_run: {
    uuid: '0bc032e1-f806-41f6-bc74-31b02ee7b6d2',
    integrations: { browserstack: [Object] }
  }
} to 50353:0
2025-11-16T08:45:14.925Z CLI info [testhub:request-queue-handler]  [sathishponnusamy_yQ8Y0R]  [qx6jaiwni8lveaetbfn8xb1lc8dhi3xwguuidlee]  [fe9eb77a-5923-4f14-926a-c561bc0da599]  Added the event {
  event_type: 'CBTSessionCreated',
  test_run: {
    uuid: '7e218b58-8ae8-44aa-a5ae-317b24b7fa17',
    integrations: { browserstack: [Object] }
  }
} to 50353:0
2025-11-16T08:45:15.366Z CLI info [testhub:request-queue-handler]  [sathishponnusamy_yQ8Y0R]  [qx6jaiwni8lveaetbfn8xb1lc8dhi3xwguuidlee]  [fe9eb77a-5923-4f14-926a-c561bc0da599]  Processing batch event [
  {
    event_type: 'CBTSessionCreated',
    test_run: {
      uuid: '0bc032e1-f806-41f6-bc74-31b02ee7b6d2',
      integrations: [Object]
    }
  },
  {
    event_type: 'CBTSessionCreated',
    test_run: {
      uuid: '7e218b58-8ae8-44aa-a5ae-317b24b7fa17',
      integrations: [Object]
    }
  }
] to 50353:0
2025-11-16T08:45:15.368Z CLI info  [sathishponnusamy_yQ8Y0R]  [qx6jaiwni8lveaetbfn8xb1lc8dhi3xwguuidlee]  [fe9eb77a-5923-4f14-926a-c561bc0da599]  [PRODUCTION] Making POST request to https://collector-observability.browserstack.com
2025-11-16T08:45:19.058Z CLI info [testhub:request-queue-handler]  [sathishponnusamy_yQ8Y0R]  [qx6jaiwni8lveaetbfn8xb1lc8dhi3xwguuidlee]  [fe9eb77a-5923-4f14-926a-c561bc0da599]  Added the event {
  event_type: 'CBTSessionCreated',
  test_run: {
    uuid: '0bc032e1-f806-41f6-bc74-31b02ee7b6d2',
    integrations: { browserstack: [Object] }
  }
} to 50353:0
2025-11-16T08:45:19.368Z CLI info [testhub:request-queue-handler]  [sathishponnusamy_yQ8Y0R]  [qx6jaiwni8lveaetbfn8xb1lc8dhi3xwguuidlee]  [fe9eb77a-5923-4f14-926a-c561bc0da599]  Processing batch event [
  {
    event_type: 'CBTSessionCreated',
    test_run: {
      uuid: '0bc032e1-f806-41f6-bc74-31b02ee7b6d2',
      integrations: [Object]
    }
  }
] to 50353:0
2025-11-16T08:45:19.369Z CLI info  [sathishponnusamy_yQ8Y0R]  [qx6jaiwni8lveaetbfn8xb1lc8dhi3xwguuidlee]  [fe9eb77a-5923-4f14-926a-c561bc0da599]  [PRODUCTION] Making POST request to https://collector-observability.browserstack.com
2025-11-16T08:45:20.137Z CLI info [testhub:request-queue-handler]  [sathishponnusamy_yQ8Y0R]  [qx6jaiwni8lveaetbfn8xb1lc8dhi3xwguuidlee]  [fe9eb77a-5923-4f14-926a-c561bc0da599]  Added the event {
  event_type: 'CBTSessionCreated',
  test_run: {
    uuid: '7e218b58-8ae8-44aa-a5ae-317b24b7fa17',
    integrations: { browserstack: [Object] }
  }
} to 50353:0
2025-11-16T08:45:20.525Z CLI info [testhub:request-queue-handler]  [sathishponnusamy_yQ8Y0R]  [qx6jaiwni8lveaetbfn8xb1lc8dhi3xwguuidlee]  [fe9eb77a-5923-4f14-926a-c561bc0da599]  Added the event {
  event_type: 'CBTSessionCreated',
  test_run: {
    uuid: '0bc032e1-f806-41f6-bc74-31b02ee7b6d2',
    integrations: { browserstack: [Object] }
  }
} to 50353:0
2025-11-16T08:45:21.369Z CLI info [testhub:request-queue-handler]  [sathishponnusamy_yQ8Y0R]  [qx6jaiwni8lveaetbfn8xb1lc8dhi3xwguuidlee]  [fe9eb77a-5923-4f14-926a-c561bc0da599]  Processing batch event [
  {
    event_type: 'CBTSessionCreated',
    test_run: {
      uuid: '7e218b58-8ae8-44aa-a5ae-317b24b7fa17',
      integrations: [Object]
    }
  },
  {
    event_type: 'CBTSessionCreated',
    test_run: {
      uuid: '0bc032e1-f806-41f6-bc74-31b02ee7b6d2',
      integrations: [Object]
    }
  }
] to 50353:0
2025-11-16T08:45:21.371Z CLI info  [sathishponnusamy_yQ8Y0R]  [qx6jaiwni8lveaetbfn8xb1lc8dhi3xwguuidlee]  [fe9eb77a-5923-4f14-926a-c561bc0da599]  [PRODUCTION] Making POST request to https://collector-observability.browserstack.com
2025-11-16T08:45:22.426Z CLI info [testhub:request-queue-handler]  [sathishponnusamy_yQ8Y0R]  [qx6jaiwni8lveaetbfn8xb1lc8dhi3xwguuidlee]  [fe9eb77a-5923-4f14-926a-c561bc0da599]  Added the event {
  event_type: 'CBTSessionCreated',
  test_run: {
    uuid: '0bc032e1-f806-41f6-bc74-31b02ee7b6d2',
    integrations: { browserstack: [Object] }
  }
} to 50353:0
2025-11-16T08:45:22.459Z CLI info [testhub:request-queue-handler]  [sathishponnusamy_yQ8Y0R]  [qx6jaiwni8lveaetbfn8xb1lc8dhi3xwguuidlee]  [fe9eb77a-5923-4f14-926a-c561bc0da599]  Added the event {
  event_type: 'CBTSessionCreated',
  test_run: {
    uuid: '7e218b58-8ae8-44aa-a5ae-317b24b7fa17',
    integrations: { browserstack: [Object] }
  }
} to 50353:0
2025-11-16T08:45:23.368Z CLI info [testhub:request-queue-handler]  [sathishponnusamy_yQ8Y0R]  [qx6jaiwni8lveaetbfn8xb1lc8dhi3xwguuidlee]  [fe9eb77a-5923-4f14-926a-c561bc0da599]  Processing batch event [
  {
    event_type: 'CBTSessionCreated',
    test_run: {
      uuid: '0bc032e1-f806-41f6-bc74-31b02ee7b6d2',
      integrations: [Object]
    }
  },
  {
    event_type: 'CBTSessionCreated',
    test_run: {
      uuid: '7e218b58-8ae8-44aa-a5ae-317b24b7fa17',
      integrations: [Object]
    }
  }
] to 50353:0
2025-11-16T08:45:23.369Z CLI info  [sathishponnusamy_yQ8Y0R]  [qx6jaiwni8lveaetbfn8xb1lc8dhi3xwguuidlee]  [fe9eb77a-5923-4f14-926a-c561bc0da599]  [PRODUCTION] Making POST request to https://collector-observability.browserstack.com
2025-11-16T08:45:23.689Z CLI info [testhub:request-queue-handler]  [sathishponnusamy_yQ8Y0R]  [qx6jaiwni8lveaetbfn8xb1lc8dhi3xwguuidlee]  [fe9eb77a-5923-4f14-926a-c561bc0da599]  Added the event {
  event_type: 'CBTSessionCreated',
  test_run: {
    uuid: '0bc032e1-f806-41f6-bc74-31b02ee7b6d2',
    integrations: { browserstack: [Object] }
  }
} to 50353:0
2025-11-16T08:45:25.101Z CLI info [testhub:request-queue-handler]  [sathishponnusamy_yQ8Y0R]  [qx6jaiwni8lveaetbfn8xb1lc8dhi3xwguuidlee]  [fe9eb77a-5923-4f14-926a-c561bc0da599]  Added the event {
  event_type: 'CBTSessionCreated',
  test_run: {
    uuid: '7e218b58-8ae8-44aa-a5ae-317b24b7fa17',
    integrations: { browserstack: [Object] }
  }
} to 50353:0
2025-11-16T08:45:25.370Z CLI info [testhub:request-queue-handler]  [sathishponnusamy_yQ8Y0R]  [qx6jaiwni8lveaetbfn8xb1lc8dhi3xwguuidlee]  [fe9eb77a-5923-4f14-926a-c561bc0da599]  Processing batch event [
  {
    event_type: 'CBTSessionCreated',
    test_run: {
      uuid: '0bc032e1-f806-41f6-bc74-31b02ee7b6d2',
      integrations: [Object]
    }
  },
  {
    event_type: 'CBTSessionCreated',
    test_run: {
      uuid: '7e218b58-8ae8-44aa-a5ae-317b24b7fa17',
      integrations: [Object]
    }
  }
] to 50353:0
2025-11-16T08:45:25.370Z CLI info  [sathishponnusamy_yQ8Y0R]  [qx6jaiwni8lveaetbfn8xb1lc8dhi3xwguuidlee]  [fe9eb77a-5923-4f14-926a-c561bc0da599]  [PRODUCTION] Making POST request to https://collector-observability.browserstack.com
2025-11-16T08:45:26.621Z CLI info [testhub:request-queue-handler]  [sathishponnusamy_yQ8Y0R]  [qx6jaiwni8lveaetbfn8xb1lc8dhi3xwguuidlee]  [fe9eb77a-5923-4f14-926a-c561bc0da599]  Added the event {
  event_type: 'TestRunFinished',
  test_run: {
    type: 'test',
    framework: 'Cucumber-TestNG',
    uuid: '0bc032e1-f806-41f6-bc74-31b02ee7b6d2',
    name: 'Successful login with valid credentials',
    body: {
      lang: 'java',
      code: 'public void io.cucumber.testng.AbstractTestNGCucumberTests.runScenario(io.cucumber.testng.PickleWrapper,io.cucumber.testng.FeatureWrapper)'
    },
    identifier: 'Successful login with valid credentials',
    scope: 'Successful login with valid credentials',
    scopes: [ 'Login Functionality for OpenCart E-Commerce Website' ],
    file_name: 'SeleniumTestNG/src/test/resources/features/loginpage.feature',
    vc_filepath: 'SeleniumTestNG/src/test/resources/features/loginpage.feature',
    location: 'SeleniumTestNG/src/test/resources/features/loginpage.feature',
    meta: {
      data_provider_name: 'scenarios',
      feature: [Object],
      scenario: [Object],
      steps: [Array]
    },
    result: 'passed',
    duration_in_ms: 24971,
    started_at: '2025-11-16T08:45:01.646Z',
    finished_at: '2025-11-16T08:45:26.617Z',
    failure: null,
    failure_type: null,
    failure_reason: null,
    retry_of: null,
    custom_metadata: {},
    tags: [],
    customRerunParam: { rerun_name: 'SeleniumTestNG-1' },
    hooks: [ 'b4da4a7a-431c-494d-93f4-60d25acbbc5a' ],
    product_map: {
      observability: true,
      accessibility: false,
      percy: false,
      automate: true,
      app_automate: false
    }
  },
  logs: []
} to 50353:0
2025-11-16T08:45:26.653Z CLI info [testhub:request-queue-handler]  [sathishponnusamy_yQ8Y0R]  [qx6jaiwni8lveaetbfn8xb1lc8dhi3xwguuidlee]  [fe9eb77a-5923-4f14-926a-c561bc0da599]  Added the event {
  event_type: 'CBTSessionCreated',
  test_run: {
    uuid: 'f334030d-d605-4b0f-9b91-a188cac7b4db',
    integrations: { browserstack: [Object] }
  }
} to 50353:0
2025-11-16T08:45:26.706Z CLI info [testhub:request-queue-handler]  [sathishponnusamy_yQ8Y0R]  [qx6jaiwni8lveaetbfn8xb1lc8dhi3xwguuidlee]  [fe9eb77a-5923-4f14-926a-c561bc0da599]  Added the event {
  event_type: 'CBTSessionCreated',
  test_run: {
    uuid: '7e218b58-8ae8-44aa-a5ae-317b24b7fa17',
    integrations: { browserstack: [Object] }
  }
} to 50353:0
2025-11-16T08:45:26.949Z CLI info [testhub:request-queue-handler]  [sathishponnusamy_yQ8Y0R]  [qx6jaiwni8lveaetbfn8xb1lc8dhi3xwguuidlee]  [fe9eb77a-5923-4f14-926a-c561bc0da599]  Added the event {
  event_type: 'TestRunStarted',
  test_run: {
    type: 'test',
    framework: 'Cucumber-TestNG',
    uuid: 'f334030d-d605-4b0f-9b91-a188cac7b4db',
    name: 'Unsuccessful login with invalid or empty credentials',
    body: {
      lang: 'java',
      code: 'public void io.cucumber.testng.AbstractTestNGCucumberTests.runScenario(io.cucumber.testng.PickleWrapper,io.cucumber.testng.FeatureWrapper)'
    },
    identifier: 'Unsuccessful login with invalid or empty credentials',
    scope: 'Unsuccessful login with invalid or empty credentials',
    scopes: [ 'Login Functionality for OpenCart E-Commerce Website' ],
    file_name: 'SeleniumTestNG/src/test/resources/features/loginpage.feature',
    vc_filepath: 'SeleniumTestNG/src/test/resources/features/loginpage.feature',
    location: 'SeleniumTestNG/src/test/resources/features/loginpage.feature',
    meta: {
      data_provider_name: 'scenarios',
      feature: [Object],
      scenario: [Object],
      examples: [Array]
    },
    result: 'passed',
    duration_in_ms: null,
    started_at: '2025-11-16T08:45:26.645Z',
    finished_at: '2025-11-16T08:45:26.617Z',
    failure: null,
    failure_type: null,
    failure_reason: null,
    retry_of: null,
    custom_metadata: {},
    tags: [],
    customRerunParam: { rerun_name: 'SeleniumTestNG-1' },
    hooks: [],
    product_map: {
      observability: true,
      accessibility: false,
      percy: false,
      automate: true,
      app_automate: false
    }
  },
  logs: []
} to 50353:0
2025-11-16T08:45:26.963Z CLI info [testhub:request-queue-handler]  [sathishponnusamy_yQ8Y0R]  [qx6jaiwni8lveaetbfn8xb1lc8dhi3xwguuidlee]  [fe9eb77a-5923-4f14-926a-c561bc0da599]  Added the event {
  event_type: 'CBTSessionCreated',
  test_run: {
    uuid: 'f334030d-d605-4b0f-9b91-a188cac7b4db',
    integrations: { browserstack: [Object] }
  }
} to 50353:0
2025-11-16T08:45:27.370Z CLI info [testhub:request-queue-handler]  [sathishponnusamy_yQ8Y0R]  [qx6jaiwni8lveaetbfn8xb1lc8dhi3xwguuidlee]  [fe9eb77a-5923-4f14-926a-c561bc0da599]  Processing batch event [
  {
    event_type: 'TestRunFinished',
    test_run: {
      type: 'test',
      framework: 'Cucumber-TestNG',
      uuid: '0bc032e1-f806-41f6-bc74-31b02ee7b6d2',
      name: 'Successful login with valid credentials',
      body: [Object],
      identifier: 'Successful login with valid credentials',
      scope: 'Successful login with valid credentials',
      scopes: [Array],
      file_name: 'SeleniumTestNG/src/test/resources/features/loginpage.feature',
      vc_filepath: 'SeleniumTestNG/src/test/resources/features/loginpage.feature',
      location: 'SeleniumTestNG/src/test/resources/features/loginpage.feature',
      meta: [Object],
      result: 'passed',
      duration_in_ms: 24971,
      started_at: '2025-11-16T08:45:01.646Z',
      finished_at: '2025-11-16T08:45:26.617Z',
      failure: null,
      failure_type: null,
      failure_reason: null,
      retry_of: null,
      custom_metadata: {},
      tags: [],
      customRerunParam: [Object],
      hooks: [Array],
      product_map: [Object]
    },
    logs: []
  },
  {
    event_type: 'CBTSessionCreated',
    test_run: {
      uuid: 'f334030d-d605-4b0f-9b91-a188cac7b4db',
      integrations: [Object]
    }
  },
  {
    event_type: 'CBTSessionCreated',
    test_run: {
      uuid: '7e218b58-8ae8-44aa-a5ae-317b24b7fa17',
      integrations: [Object]
    }
  },
  {
    event_type: 'TestRunStarted',
    test_run: {
      type: 'test',
      framework: 'Cucumber-TestNG',
      uuid: 'f334030d-d605-4b0f-9b91-a188cac7b4db',
      name: 'Unsuccessful login with invalid or empty credentials',
      body: [Object],
      identifier: 'Unsuccessful login with invalid or empty credentials',
      scope: 'Unsuccessful login with invalid or empty credentials',
      scopes: [Array],
      file_name: 'SeleniumTestNG/src/test/resources/features/loginpage.feature',
      vc_filepath: 'SeleniumTestNG/src/test/resources/features/loginpage.feature',
      location: 'SeleniumTestNG/src/test/resources/features/loginpage.feature',
      meta: [Object],
      result: 'passed',
      duration_in_ms: null,
      started_at: '2025-11-16T08:45:26.645Z',
      finished_at: '2025-11-16T08:45:26.617Z',
      failure: null,
      failure_type: null,
      failure_reason: null,
      retry_of: null,
      custom_metadata: {},
      tags: [],
      customRerunParam: [Object],
      hooks: [],
      product_map: [Object]
    },
    logs: []
  },
  {
    event_type: 'CBTSessionCreated',
    test_run: {
      uuid: 'f334030d-d605-4b0f-9b91-a188cac7b4db',
      integrations: [Object]
    }
  }
] to 50353:0
2025-11-16T08:45:27.371Z CLI info  [sathishponnusamy_yQ8Y0R]  [qx6jaiwni8lveaetbfn8xb1lc8dhi3xwguuidlee]  [fe9eb77a-5923-4f14-926a-c561bc0da599]  [PRODUCTION] Making POST request to https://collector-observability.browserstack.com
2025-11-16T08:45:27.553Z CLI info [testhub:request-queue-handler]  [sathishponnusamy_yQ8Y0R]  [qx6jaiwni8lveaetbfn8xb1lc8dhi3xwguuidlee]  [fe9eb77a-5923-4f14-926a-c561bc0da599]  Added the event {
  event_type: 'CBTSessionCreated',
  test_run: {
    uuid: 'f334030d-d605-4b0f-9b91-a188cac7b4db',
    integrations: { browserstack: [Object] }
  }
} to 50353:0
2025-11-16T08:45:28.128Z CLI info [sdk:service]  [sathishponnusamy_yQ8Y0R]  [qx6jaiwni8lveaetbfn8xb1lc8dhi3xwguuidlee]  [fe9eb77a-5923-4f14-926a-c561bc0da599]  Driver initialized as primary driver: platformIndex=1
2025-11-16T08:45:28.861Z CLI info [testhub:request-queue-handler]  [sathishponnusamy_yQ8Y0R]  [qx6jaiwni8lveaetbfn8xb1lc8dhi3xwguuidlee]  [fe9eb77a-5923-4f14-926a-c561bc0da599]  Added the event {
  event_type: 'CBTSessionCreated',
  test_run: {
    uuid: '79b0a7dd-6342-4775-ab8e-481de4311ac5',
    integrations: { browserstack: [Object] }
  }
} to 50353:0
2025-11-16T08:45:29.372Z CLI info [testhub:request-queue-handler]  [sathishponnusamy_yQ8Y0R]  [qx6jaiwni8lveaetbfn8xb1lc8dhi3xwguuidlee]  [fe9eb77a-5923-4f14-926a-c561bc0da599]  Processing batch event [
  {
    event_type: 'CBTSessionCreated',
    test_run: {
      uuid: 'f334030d-d605-4b0f-9b91-a188cac7b4db',
      integrations: [Object]
    }
  },
  {
    event_type: 'CBTSessionCreated',
    test_run: {
      uuid: '79b0a7dd-6342-4775-ab8e-481de4311ac5',
      integrations: [Object]
    }
  }
] to 50353:0
2025-11-16T08:45:29.373Z CLI info  [sathishponnusamy_yQ8Y0R]  [qx6jaiwni8lveaetbfn8xb1lc8dhi3xwguuidlee]  [fe9eb77a-5923-4f14-926a-c561bc0da599]  [PRODUCTION] Making POST request to https://collector-observability.browserstack.com
2025-11-16T08:45:30.056Z CLI info [testhub:request-queue-handler]  [sathishponnusamy_yQ8Y0R]  [qx6jaiwni8lveaetbfn8xb1lc8dhi3xwguuidlee]  [fe9eb77a-5923-4f14-926a-c561bc0da599]  Added the event {
  event_type: 'TestRunFinished',
  test_run: {
    type: 'test',
    framework: 'Cucumber-TestNG',
    uuid: '7e218b58-8ae8-44aa-a5ae-317b24b7fa17',
    name: 'Successful login with valid credentials',
    body: {
      lang: 'java',
      code: 'public void io.cucumber.testng.AbstractTestNGCucumberTests.runScenario(io.cucumber.testng.PickleWrapper,io.cucumber.testng.FeatureWrapper)'
    },
    identifier: 'Successful login with valid credentials',
    scope: 'Successful login with valid credentials',
    scopes: [ 'Login Functionality for OpenCart E-Commerce Website' ],
    file_name: 'SeleniumTestNG/src/test/resources/features/loginpage.feature',
    vc_filepath: 'SeleniumTestNG/src/test/resources/features/loginpage.feature',
    location: 'SeleniumTestNG/src/test/resources/features/loginpage.feature',
    meta: {
      data_provider_name: 'scenarios',
      feature: [Object],
      scenario: [Object],
      steps: [Array]
    },
    result: 'passed',
    duration_in_ms: 28413,
    started_at: '2025-11-16T08:45:01.639Z',
    finished_at: '2025-11-16T08:45:30.052Z',
    failure: null,
    failure_type: null,
    failure_reason: null,
    retry_of: null,
    custom_metadata: {},
    tags: [],
    customRerunParam: { rerun_name: 'SeleniumTestNG-0' },
    hooks: [ 'fe6eb2a8-6edd-42bf-ae6c-af01af4e064b' ],
    product_map: {
      observability: true,
      accessibility: false,
      percy: false,
      automate: true,
      app_automate: false
    }
  },
  logs: []
} to 50353:0
2025-11-16T08:45:30.079Z CLI info [testhub:request-queue-handler]  [sathishponnusamy_yQ8Y0R]  [qx6jaiwni8lveaetbfn8xb1lc8dhi3xwguuidlee]  [fe9eb77a-5923-4f14-926a-c561bc0da599]  Added the event {
  event_type: 'CBTSessionCreated',
  test_run: {
    uuid: '933344c8-acb1-4dcb-9b92-b8d541df737c',
    integrations: { browserstack: [Object] }
  }
} to 50353:0
2025-11-16T08:45:30.366Z CLI info [testhub:request-queue-handler]  [sathishponnusamy_yQ8Y0R]  [qx6jaiwni8lveaetbfn8xb1lc8dhi3xwguuidlee]  [fe9eb77a-5923-4f14-926a-c561bc0da599]  Added the event {
  event_type: 'TestRunStarted',
  test_run: {
    type: 'test',
    framework: 'Cucumber-TestNG',
    uuid: '933344c8-acb1-4dcb-9b92-b8d541df737c',
    name: 'Unsuccessful login with invalid or empty credentials',
    body: {
      lang: 'java',
      code: 'public void io.cucumber.testng.AbstractTestNGCucumberTests.runScenario(io.cucumber.testng.PickleWrapper,io.cucumber.testng.FeatureWrapper)'
    },
    identifier: 'Unsuccessful login with invalid or empty credentials',
    scope: 'Unsuccessful login with invalid or empty credentials',
    scopes: [ 'Login Functionality for OpenCart E-Commerce Website' ],
    file_name: 'SeleniumTestNG/src/test/resources/features/loginpage.feature',
    vc_filepath: 'SeleniumTestNG/src/test/resources/features/loginpage.feature',
    location: 'SeleniumTestNG/src/test/resources/features/loginpage.feature',
    meta: {
      data_provider_name: 'scenarios',
      feature: [Object],
      scenario: [Object],
      examples: [Array]
    },
    result: 'passed',
    duration_in_ms: null,
    started_at: '2025-11-16T08:45:30.076Z',
    finished_at: '2025-11-16T08:45:30.052Z',
    failure: null,
    failure_type: null,
    failure_reason: null,
    retry_of: null,
    custom_metadata: {},
    tags: [],
    customRerunParam: { rerun_name: 'SeleniumTestNG-0' },
    hooks: [],
    product_map: {
      observability: true,
      accessibility: false,
      percy: false,
      automate: true,
      app_automate: false
    }
  },
  logs: []
} to 50353:0
2025-11-16T08:45:30.376Z CLI info [testhub:request-queue-handler]  [sathishponnusamy_yQ8Y0R]  [qx6jaiwni8lveaetbfn8xb1lc8dhi3xwguuidlee]  [fe9eb77a-5923-4f14-926a-c561bc0da599]  Added the event {
  event_type: 'CBTSessionCreated',
  test_run: {
    uuid: '933344c8-acb1-4dcb-9b92-b8d541df737c',
    integrations: { browserstack: [Object] }
  }
} to 50353:0
2025-11-16T08:45:31.029Z CLI info [testhub:request-queue-handler]  [sathishponnusamy_yQ8Y0R]  [qx6jaiwni8lveaetbfn8xb1lc8dhi3xwguuidlee]  [fe9eb77a-5923-4f14-926a-c561bc0da599]  Added the event {
  event_type: 'CBTSessionCreated',
  test_run: {
    uuid: '933344c8-acb1-4dcb-9b92-b8d541df737c',
    integrations: { browserstack: [Object] }
  }
} to 50353:0
2025-11-16T08:45:31.372Z CLI info [testhub:request-queue-handler]  [sathishponnusamy_yQ8Y0R]  [qx6jaiwni8lveaetbfn8xb1lc8dhi3xwguuidlee]  [fe9eb77a-5923-4f14-926a-c561bc0da599]  Processing batch event [
  {
    event_type: 'TestRunFinished',
    test_run: {
      type: 'test',
      framework: 'Cucumber-TestNG',
      uuid: '7e218b58-8ae8-44aa-a5ae-317b24b7fa17',
      name: 'Successful login with valid credentials',
      body: [Object],
      identifier: 'Successful login with valid credentials',
      scope: 'Successful login with valid credentials',
      scopes: [Array],
      file_name: 'SeleniumTestNG/src/test/resources/features/loginpage.feature',
      vc_filepath: 'SeleniumTestNG/src/test/resources/features/loginpage.feature',
      location: 'SeleniumTestNG/src/test/resources/features/loginpage.feature',
      meta: [Object],
      result: 'passed',
      duration_in_ms: 28413,
      started_at: '2025-11-16T08:45:01.639Z',
      finished_at: '2025-11-16T08:45:30.052Z',
      failure: null,
      failure_type: null,
      failure_reason: null,
      retry_of: null,
      custom_metadata: {},
      tags: [],
      customRerunParam: [Object],
      hooks: [Array],
      product_map: [Object]
    },
    logs: []
  },
  {
    event_type: 'CBTSessionCreated',
    test_run: {
      uuid: '933344c8-acb1-4dcb-9b92-b8d541df737c',
      integrations: [Object]
    }
  },
  {
    event_type: 'TestRunStarted',
    test_run: {
      type: 'test',
      framework: 'Cucumber-TestNG',
      uuid: '933344c8-acb1-4dcb-9b92-b8d541df737c',
      name: 'Unsuccessful login with invalid or empty credentials',
      body: [Object],
      identifier: 'Unsuccessful login with invalid or empty credentials',
      scope: 'Unsuccessful login with invalid or empty credentials',
      scopes: [Array],
      file_name: 'SeleniumTestNG/src/test/resources/features/loginpage.feature',
      vc_filepath: 'SeleniumTestNG/src/test/resources/features/loginpage.feature',
      location: 'SeleniumTestNG/src/test/resources/features/loginpage.feature',
      meta: [Object],
      result: 'passed',
      duration_in_ms: null,
      started_at: '2025-11-16T08:45:30.076Z',
      finished_at: '2025-11-16T08:45:30.052Z',
      failure: null,
      failure_type: null,
      failure_reason: null,
      retry_of: null,
      custom_metadata: {},
      tags: [],
      customRerunParam: [Object],
      hooks: [],
      product_map: [Object]
    },
    logs: []
  },
  {
    event_type: 'CBTSessionCreated',
    test_run: {
      uuid: '933344c8-acb1-4dcb-9b92-b8d541df737c',
      integrations: [Object]
    }
  },
  {
    event_type: 'CBTSessionCreated',
    test_run: {
      uuid: '933344c8-acb1-4dcb-9b92-b8d541df737c',
      integrations: [Object]
    }
  }
] to 50353:0
2025-11-16T08:45:31.374Z CLI info  [sathishponnusamy_yQ8Y0R]  [qx6jaiwni8lveaetbfn8xb1lc8dhi3xwguuidlee]  [fe9eb77a-5923-4f14-926a-c561bc0da599]  [PRODUCTION] Making POST request to https://collector-observability.browserstack.com
2025-11-16T08:45:32.262Z CLI info [sdk:service]  [sathishponnusamy_yQ8Y0R]  [qx6jaiwni8lveaetbfn8xb1lc8dhi3xwguuidlee]  [fe9eb77a-5923-4f14-926a-c561bc0da599]  Driver initialized as primary driver: platformIndex=0
2025-11-16T08:45:32.761Z CLI info [testhub:request-queue-handler]  [sathishponnusamy_yQ8Y0R]  [qx6jaiwni8lveaetbfn8xb1lc8dhi3xwguuidlee]  [fe9eb77a-5923-4f14-926a-c561bc0da599]  Added the event {
  event_type: 'CBTSessionCreated',
  test_run: {
    uuid: '79b0a7dd-6342-4775-ab8e-481de4311ac5',
    integrations: { browserstack: [Object] }
  }
} to 50353:0
2025-11-16T08:45:33.372Z CLI info [testhub:request-queue-handler]  [sathishponnusamy_yQ8Y0R]  [qx6jaiwni8lveaetbfn8xb1lc8dhi3xwguuidlee]  [fe9eb77a-5923-4f14-926a-c561bc0da599]  Processing batch event [
  {
    event_type: 'CBTSessionCreated',
    test_run: {
      uuid: '79b0a7dd-6342-4775-ab8e-481de4311ac5',
      integrations: [Object]
    }
  }
] to 50353:0
2025-11-16T08:45:33.373Z CLI info  [sathishponnusamy_yQ8Y0R]  [qx6jaiwni8lveaetbfn8xb1lc8dhi3xwguuidlee]  [fe9eb77a-5923-4f14-926a-c561bc0da599]  [PRODUCTION] Making POST request to https://collector-observability.browserstack.com
2025-11-16T08:45:35.789Z CLI info [testhub:request-queue-handler]  [sathishponnusamy_yQ8Y0R]  [qx6jaiwni8lveaetbfn8xb1lc8dhi3xwguuidlee]  [fe9eb77a-5923-4f14-926a-c561bc0da599]  Added the event {
  event_type: 'CBTSessionCreated',
  test_run: {
    uuid: 'f334030d-d605-4b0f-9b91-a188cac7b4db',
    integrations: { browserstack: [Object] }
  }
} to 50353:0
2025-11-16T08:45:36.724Z CLI info [testhub:request-queue-handler]  [sathishponnusamy_yQ8Y0R]  [qx6jaiwni8lveaetbfn8xb1lc8dhi3xwguuidlee]  [fe9eb77a-5923-4f14-926a-c561bc0da599]  Added the event {
  event_type: 'CBTSessionCreated',
  test_run: {
    uuid: '79b0a7dd-6342-4775-ab8e-481de4311ac5',
    integrations: { browserstack: [Object] }
  }
} to 50353:0
2025-11-16T08:45:37.374Z CLI info [testhub:request-queue-handler]  [sathishponnusamy_yQ8Y0R]  [qx6jaiwni8lveaetbfn8xb1lc8dhi3xwguuidlee]  [fe9eb77a-5923-4f14-926a-c561bc0da599]  Processing batch event [
  {
    event_type: 'CBTSessionCreated',
    test_run: {
      uuid: 'f334030d-d605-4b0f-9b91-a188cac7b4db',
      integrations: [Object]
    }
  },
  {
    event_type: 'CBTSessionCreated',
    test_run: {
      uuid: '79b0a7dd-6342-4775-ab8e-481de4311ac5',
      integrations: [Object]
    }
  }
] to 50353:0
2025-11-16T08:45:37.375Z CLI info  [sathishponnusamy_yQ8Y0R]  [qx6jaiwni8lveaetbfn8xb1lc8dhi3xwguuidlee]  [fe9eb77a-5923-4f14-926a-c561bc0da599]  [PRODUCTION] Making POST request to https://collector-observability.browserstack.com
2025-11-16T08:45:39.121Z CLI info [testhub:request-queue-handler]  [sathishponnusamy_yQ8Y0R]  [qx6jaiwni8lveaetbfn8xb1lc8dhi3xwguuidlee]  [fe9eb77a-5923-4f14-926a-c561bc0da599]  Added the event {
  event_type: 'CBTSessionCreated',
  test_run: {
    uuid: '79b0a7dd-6342-4775-ab8e-481de4311ac5',
    integrations: { browserstack: [Object] }
  }
} to 50353:0
2025-11-16T08:45:39.363Z CLI info [testhub:request-queue-handler]  [sathishponnusamy_yQ8Y0R]  [qx6jaiwni8lveaetbfn8xb1lc8dhi3xwguuidlee]  [fe9eb77a-5923-4f14-926a-c561bc0da599]  Added the event {
  event_type: 'CBTSessionCreated',
  test_run: {
    uuid: 'f334030d-d605-4b0f-9b91-a188cac7b4db',
    integrations: { browserstack: [Object] }
  }
} to 50353:0
2025-11-16T08:45:39.376Z CLI info [testhub:request-queue-handler]  [sathishponnusamy_yQ8Y0R]  [qx6jaiwni8lveaetbfn8xb1lc8dhi3xwguuidlee]  [fe9eb77a-5923-4f14-926a-c561bc0da599]  Processing batch event [
  {
    event_type: 'CBTSessionCreated',
    test_run: {
      uuid: '79b0a7dd-6342-4775-ab8e-481de4311ac5',
      integrations: [Object]
    }
  },
  {
    event_type: 'CBTSessionCreated',
    test_run: {
      uuid: 'f334030d-d605-4b0f-9b91-a188cac7b4db',
      integrations: [Object]
    }
  }
] to 50353:0
2025-11-16T08:45:39.377Z CLI info  [sathishponnusamy_yQ8Y0R]  [qx6jaiwni8lveaetbfn8xb1lc8dhi3xwguuidlee]  [fe9eb77a-5923-4f14-926a-c561bc0da599]  [PRODUCTION] Making POST request to https://collector-observability.browserstack.com
2025-11-16T08:45:40.682Z CLI info [testhub:request-queue-handler]  [sathishponnusamy_yQ8Y0R]  [qx6jaiwni8lveaetbfn8xb1lc8dhi3xwguuidlee]  [fe9eb77a-5923-4f14-926a-c561bc0da599]  Added the event {
  event_type: 'CBTSessionCreated',
  test_run: {
    uuid: '79b0a7dd-6342-4775-ab8e-481de4311ac5',
    integrations: { browserstack: [Object] }
  }
} to 50353:0
2025-11-16T08:45:40.852Z CLI info [testhub:request-queue-handler]  [sathishponnusamy_yQ8Y0R]  [qx6jaiwni8lveaetbfn8xb1lc8dhi3xwguuidlee]  [fe9eb77a-5923-4f14-926a-c561bc0da599]  Added the event {
  event_type: 'CBTSessionCreated',
  test_run: {
    uuid: 'f334030d-d605-4b0f-9b91-a188cac7b4db',
    integrations: { browserstack: [Object] }
  }
} to 50353:0
2025-11-16T08:45:41.023Z CLI info [testhub:request-queue-handler]  [sathishponnusamy_yQ8Y0R]  [qx6jaiwni8lveaetbfn8xb1lc8dhi3xwguuidlee]  [fe9eb77a-5923-4f14-926a-c561bc0da599]  Added the event {
  event_type: 'CBTSessionCreated',
  test_run: {
    uuid: '933344c8-acb1-4dcb-9b92-b8d541df737c',
    integrations: { browserstack: [Object] }
  }
} to 50353:0
2025-11-16T08:45:41.377Z CLI info [testhub:request-queue-handler]  [sathishponnusamy_yQ8Y0R]  [qx6jaiwni8lveaetbfn8xb1lc8dhi3xwguuidlee]  [fe9eb77a-5923-4f14-926a-c561bc0da599]  Processing batch event [
  {
    event_type: 'CBTSessionCreated',
    test_run: {
      uuid: '79b0a7dd-6342-4775-ab8e-481de4311ac5',
      integrations: [Object]
    }
  },
  {
    event_type: 'CBTSessionCreated',
    test_run: {
      uuid: 'f334030d-d605-4b0f-9b91-a188cac7b4db',
      integrations: [Object]
    }
  },
  {
    event_type: 'CBTSessionCreated',
    test_run: {
      uuid: '933344c8-acb1-4dcb-9b92-b8d541df737c',
      integrations: [Object]
    }
  }
] to 50353:0
2025-11-16T08:45:41.379Z CLI info  [sathishponnusamy_yQ8Y0R]  [qx6jaiwni8lveaetbfn8xb1lc8dhi3xwguuidlee]  [fe9eb77a-5923-4f14-926a-c561bc0da599]  [PRODUCTION] Making POST request to https://collector-observability.browserstack.com
2025-11-16T08:45:42.733Z CLI info [testhub:request-queue-handler]  [sathishponnusamy_yQ8Y0R]  [qx6jaiwni8lveaetbfn8xb1lc8dhi3xwguuidlee]  [fe9eb77a-5923-4f14-926a-c561bc0da599]  Added the event {
  event_type: 'CBTSessionCreated',
  test_run: {
    uuid: 'f334030d-d605-4b0f-9b91-a188cac7b4db',
    integrations: { browserstack: [Object] }
  }
} to 50353:0
2025-11-16T08:45:43.377Z CLI info [testhub:request-queue-handler]  [sathishponnusamy_yQ8Y0R]  [qx6jaiwni8lveaetbfn8xb1lc8dhi3xwguuidlee]  [fe9eb77a-5923-4f14-926a-c561bc0da599]  Processing batch event [
  {
    event_type: 'CBTSessionCreated',
    test_run: {
      uuid: 'f334030d-d605-4b0f-9b91-a188cac7b4db',
      integrations: [Object]
    }
  }
] to 50353:0
2025-11-16T08:45:43.378Z CLI info  [sathishponnusamy_yQ8Y0R]  [qx6jaiwni8lveaetbfn8xb1lc8dhi3xwguuidlee]  [fe9eb77a-5923-4f14-926a-c561bc0da599]  [PRODUCTION] Making POST request to https://collector-observability.browserstack.com
2025-11-16T08:45:43.483Z CLI info [testhub:request-queue-handler]  [sathishponnusamy_yQ8Y0R]  [qx6jaiwni8lveaetbfn8xb1lc8dhi3xwguuidlee]  [fe9eb77a-5923-4f14-926a-c561bc0da599]  Added the event {
  event_type: 'TestRunFinished',
  test_run: {
    type: 'test',
    framework: 'Cucumber-TestNG',
    uuid: '79b0a7dd-6342-4775-ab8e-481de4311ac5',
    name: 'Successful login with valid credentials',
    body: {
      lang: 'java',
      code: 'public void io.cucumber.testng.AbstractTestNGCucumberTests.runScenario(io.cucumber.testng.PickleWrapper,io.cucumber.testng.FeatureWrapper)'
    },
    identifier: 'Successful login with valid credentials',
    scope: 'Successful login with valid credentials',
    scopes: [ 'Login Functionality for OpenCart E-Commerce Website' ],
    file_name: 'SeleniumTestNG/src/test/resources/features/loginpage.feature',
    vc_filepath: 'SeleniumTestNG/src/test/resources/features/loginpage.feature',
    location: 'SeleniumTestNG/src/test/resources/features/loginpage.feature',
    meta: {
      data_provider_name: 'scenarios',
      feature: [Object],
      scenario: [Object],
      steps: [Array]
    },
    result: 'failed',
    duration_in_ms: 41849,
    started_at: '2025-11-16T08:45:01.629Z',
    finished_at: '2025-11-16T08:45:43.478Z',
    failure: [ [Object] ],
    failure_type: 'AssertionError',
    failure_reason: 'java.lang.AssertionError: expected [true] but found [false]',
    retry_of: null,
    custom_metadata: {},
    tags: [],
    customRerunParam: { rerun_name: 'SeleniumTestNG-2' },
    hooks: [ '2ecc7134-7c5f-41ef-a366-00a0d118dba4' ],
    product_map: {
      observability: true,
      accessibility: false,
      percy: false,
      automate: true,
      app_automate: false
    }
  },
  logs: []
} to 50353:0
2025-11-16T08:45:43.519Z CLI info [testhub:request-queue-handler]  [sathishponnusamy_yQ8Y0R]  [qx6jaiwni8lveaetbfn8xb1lc8dhi3xwguuidlee]  [fe9eb77a-5923-4f14-926a-c561bc0da599]  Added the event {
  event_type: 'CBTSessionCreated',
  test_run: {
    uuid: '34ebeba1-d338-4540-bd56-402b8dbd7d24',
    integrations: { browserstack: [Object] }
  }
} to 50353:0
2025-11-16T08:45:43.798Z CLI info [testhub:request-queue-handler]  [sathishponnusamy_yQ8Y0R]  [qx6jaiwni8lveaetbfn8xb1lc8dhi3xwguuidlee]  [fe9eb77a-5923-4f14-926a-c561bc0da599]  Added the event {
  event_type: 'TestRunStarted',
  test_run: {
    type: 'test',
    framework: 'Cucumber-TestNG',
    uuid: '34ebeba1-d338-4540-bd56-402b8dbd7d24',
    name: 'Unsuccessful login with invalid or empty credentials',
    body: {
      lang: 'java',
      code: 'public void io.cucumber.testng.AbstractTestNGCucumberTests.runScenario(io.cucumber.testng.PickleWrapper,io.cucumber.testng.FeatureWrapper)'
    },
    identifier: 'Unsuccessful login with invalid or empty credentials',
    scope: 'Unsuccessful login with invalid or empty credentials',
    scopes: [ 'Login Functionality for OpenCart E-Commerce Website' ],
    file_name: 'SeleniumTestNG/src/test/resources/features/loginpage.feature',
    vc_filepath: 'SeleniumTestNG/src/test/resources/features/loginpage.feature',
    location: 'SeleniumTestNG/src/test/resources/features/loginpage.feature',
    meta: {
      data_provider_name: 'scenarios',
      feature: [Object],
      scenario: [Object],
      examples: [Array]
    },
    result: 'failed',
    duration_in_ms: null,
    started_at: '2025-11-16T08:45:43.511Z',
    finished_at: '2025-11-16T08:45:43.478Z',
    failure: [ [Object] ],
    failure_type: 'AssertionError',
    failure_reason: 'java.lang.AssertionError: expected [true] but found [false]',
    retry_of: null,
    custom_metadata: {},
    tags: [],
    customRerunParam: { rerun_name: 'SeleniumTestNG-2' },
    hooks: [],
    product_map: {
      observability: true,
      accessibility: false,
      percy: false,
      automate: true,
      app_automate: false
    }
  },
  logs: []
} to 50353:0
2025-11-16T08:45:43.806Z CLI info [testhub:request-queue-handler]  [sathishponnusamy_yQ8Y0R]  [qx6jaiwni8lveaetbfn8xb1lc8dhi3xwguuidlee]  [fe9eb77a-5923-4f14-926a-c561bc0da599]  Added the event {
  event_type: 'CBTSessionCreated',
  test_run: {
    uuid: '34ebeba1-d338-4540-bd56-402b8dbd7d24',
    integrations: { browserstack: [Object] }
  }
} to 50353:0
2025-11-16T08:45:43.919Z CLI info [testhub:request-queue-handler]  [sathishponnusamy_yQ8Y0R]  [qx6jaiwni8lveaetbfn8xb1lc8dhi3xwguuidlee]  [fe9eb77a-5923-4f14-926a-c561bc0da599]  Added the event {
  event_type: 'CBTSessionCreated',
  test_run: {
    uuid: 'f334030d-d605-4b0f-9b91-a188cac7b4db',
    integrations: { browserstack: [Object] }
  }
} to 50353:0
2025-11-16T08:45:44.350Z CLI info [testhub:request-queue-handler]  [sathishponnusamy_yQ8Y0R]  [qx6jaiwni8lveaetbfn8xb1lc8dhi3xwguuidlee]  [fe9eb77a-5923-4f14-926a-c561bc0da599]  Added the event {
  event_type: 'CBTSessionCreated',
  test_run: {
    uuid: '34ebeba1-d338-4540-bd56-402b8dbd7d24',
    integrations: { browserstack: [Object] }
  }
} to 50353:0
2025-11-16T08:45:44.895Z CLI info [sdk:service]  [sathishponnusamy_yQ8Y0R]  [qx6jaiwni8lveaetbfn8xb1lc8dhi3xwguuidlee]  [fe9eb77a-5923-4f14-926a-c561bc0da599]  Driver initialized as primary driver: platformIndex=2
2025-11-16T08:45:45.377Z CLI info [testhub:request-queue-handler]  [sathishponnusamy_yQ8Y0R]  [qx6jaiwni8lveaetbfn8xb1lc8dhi3xwguuidlee]  [fe9eb77a-5923-4f14-926a-c561bc0da599]  Processing batch event [
  {
    event_type: 'TestRunFinished',
    test_run: {
      type: 'test',
      framework: 'Cucumber-TestNG',
      uuid: '79b0a7dd-6342-4775-ab8e-481de4311ac5',
      name: 'Successful login with valid credentials',
      body: [Object],
      identifier: 'Successful login with valid credentials',
      scope: 'Successful login with valid credentials',
      scopes: [Array],
      file_name: 'SeleniumTestNG/src/test/resources/features/loginpage.feature',
      vc_filepath: 'SeleniumTestNG/src/test/resources/features/loginpage.feature',
      location: 'SeleniumTestNG/src/test/resources/features/loginpage.feature',
      meta: [Object],
      result: 'failed',
      duration_in_ms: 41849,
      started_at: '2025-11-16T08:45:01.629Z',
      finished_at: '2025-11-16T08:45:43.478Z',
      failure: [Array],
      failure_type: 'AssertionError',
      failure_reason: 'java.lang.AssertionError: expected [true] but found [false]',
      retry_of: null,
      custom_metadata: {},
      tags: [],
      customRerunParam: [Object],
      hooks: [Array],
      product_map: [Object]
    },
    logs: []
  },
  {
    event_type: 'CBTSessionCreated',
    test_run: {
      uuid: '34ebeba1-d338-4540-bd56-402b8dbd7d24',
      integrations: [Object]
    }
  },
  {
    event_type: 'TestRunStarted',
    test_run: {
      type: 'test',
      framework: 'Cucumber-TestNG',
      uuid: '34ebeba1-d338-4540-bd56-402b8dbd7d24',
      name: 'Unsuccessful login with invalid or empty credentials',
      body: [Object],
      identifier: 'Unsuccessful login with invalid or empty credentials',
      scope: 'Unsuccessful login with invalid or empty credentials',
      scopes: [Array],
      file_name: 'SeleniumTestNG/src/test/resources/features/loginpage.feature',
      vc_filepath: 'SeleniumTestNG/src/test/resources/features/loginpage.feature',
      location: 'SeleniumTestNG/src/test/resources/features/loginpage.feature',
      meta: [Object],
      result: 'failed',
      duration_in_ms: null,
      started_at: '2025-11-16T08:45:43.511Z',
      finished_at: '2025-11-16T08:45:43.478Z',
      failure: [Array],
      failure_type: 'AssertionError',
      failure_reason: 'java.lang.AssertionError: expected [true] but found [false]',
      retry_of: null,
      custom_metadata: {},
      tags: [],
      customRerunParam: [Object],
      hooks: [],
      product_map: [Object]
    },
    logs: []
  },
  {
    event_type: 'CBTSessionCreated',
    test_run: {
      uuid: '34ebeba1-d338-4540-bd56-402b8dbd7d24',
      integrations: [Object]
    }
  },
  {
    event_type: 'CBTSessionCreated',
    test_run: {
      uuid: 'f334030d-d605-4b0f-9b91-a188cac7b4db',
      integrations: [Object]
    }
  },
  {
    event_type: 'CBTSessionCreated',
    test_run: {
      uuid: '34ebeba1-d338-4540-bd56-402b8dbd7d24',
      integrations: [Object]
    }
  }
] to 50353:0
2025-11-16T08:45:45.379Z CLI info  [sathishponnusamy_yQ8Y0R]  [qx6jaiwni8lveaetbfn8xb1lc8dhi3xwguuidlee]  [fe9eb77a-5923-4f14-926a-c561bc0da599]  [PRODUCTION] Making POST request to https://collector-observability.browserstack.com
2025-11-16T08:45:48.036Z CLI info [testhub:request-queue-handler]  [sathishponnusamy_yQ8Y0R]  [qx6jaiwni8lveaetbfn8xb1lc8dhi3xwguuidlee]  [fe9eb77a-5923-4f14-926a-c561bc0da599]  Added the event {
  event_type: 'CBTSessionCreated',
  test_run: {
    uuid: '933344c8-acb1-4dcb-9b92-b8d541df737c',
    integrations: { browserstack: [Object] }
  }
} to 50353:0
2025-11-16T08:45:48.335Z CLI info [testhub:request-queue-handler]  [sathishponnusamy_yQ8Y0R]  [qx6jaiwni8lveaetbfn8xb1lc8dhi3xwguuidlee]  [fe9eb77a-5923-4f14-926a-c561bc0da599]  Added the event {
  event_type: 'TestRunFinished',
  test_run: {
    type: 'test',
    framework: 'Cucumber-TestNG',
    uuid: 'f334030d-d605-4b0f-9b91-a188cac7b4db',
    name: 'Unsuccessful login with invalid or empty credentials',
    body: {
      lang: 'java',
      code: 'public void io.cucumber.testng.AbstractTestNGCucumberTests.runScenario(io.cucumber.testng.PickleWrapper,io.cucumber.testng.FeatureWrapper)'
    },
    identifier: 'Unsuccessful login with invalid or empty credentials',
    scope: 'Unsuccessful login with invalid or empty credentials',
    scopes: [ 'Login Functionality for OpenCart E-Commerce Website' ],
    file_name: 'SeleniumTestNG/src/test/resources/features/loginpage.feature',
    vc_filepath: 'SeleniumTestNG/src/test/resources/features/loginpage.feature',
    location: 'SeleniumTestNG/src/test/resources/features/loginpage.feature',
    meta: {
      data_provider_name: 'scenarios',
      feature: [Object],
      scenario: [Object],
      steps: [Array],
      examples: [Array]
    },
    result: 'passed',
    duration_in_ms: 21683,
    started_at: '2025-11-16T08:45:26.645Z',
    finished_at: '2025-11-16T08:45:48.328Z',
    failure: null,
    failure_type: null,
    failure_reason: null,
    retry_of: null,
    custom_metadata: {},
    tags: [],
    customRerunParam: { rerun_name: 'SeleniumTestNG-1' },
    hooks: [],
    product_map: {
      observability: true,
      accessibility: false,
      percy: false,
      automate: true,
      app_automate: false
    }
  },
  logs: []
} to 50353:0
2025-11-16T08:45:48.357Z CLI info [testhub:request-queue-handler]  [sathishponnusamy_yQ8Y0R]  [qx6jaiwni8lveaetbfn8xb1lc8dhi3xwguuidlee]  [fe9eb77a-5923-4f14-926a-c561bc0da599]  Added the event {
  event_type: 'CBTSessionCreated',
  test_run: {
    uuid: 'c80b1739-20d8-40ea-97bb-65eb8ba1d912',
    integrations: { browserstack: [Object] }
  }
} to 50353:0
2025-11-16T08:45:48.633Z CLI info [testhub:request-queue-handler]  [sathishponnusamy_yQ8Y0R]  [qx6jaiwni8lveaetbfn8xb1lc8dhi3xwguuidlee]  [fe9eb77a-5923-4f14-926a-c561bc0da599]  Added the event {
  event_type: 'TestRunStarted',
  test_run: {
    type: 'test',
    framework: 'Cucumber-TestNG',
    uuid: 'c80b1739-20d8-40ea-97bb-65eb8ba1d912',
    name: 'Unsuccessful login with invalid or empty credentials',
    body: {
      lang: 'java',
      code: 'public void io.cucumber.testng.AbstractTestNGCucumberTests.runScenario(io.cucumber.testng.PickleWrapper,io.cucumber.testng.FeatureWrapper)'
    },
    identifier: 'Unsuccessful login with invalid or empty credentials',
    scope: 'Unsuccessful login with invalid or empty credentials',
    scopes: [ 'Login Functionality for OpenCart E-Commerce Website' ],
    file_name: 'SeleniumTestNG/src/test/resources/features/loginpage.feature',
    vc_filepath: 'SeleniumTestNG/src/test/resources/features/loginpage.feature',
    location: 'SeleniumTestNG/src/test/resources/features/loginpage.feature',
    meta: {
      data_provider_name: 'scenarios',
      feature: [Object],
      scenario: [Object],
      examples: [Array]
    },
    result: 'passed',
    duration_in_ms: null,
    started_at: '2025-11-16T08:45:48.353Z',
    finished_at: '2025-11-16T08:45:48.328Z',
    failure: null,
    failure_type: null,
    failure_reason: null,
    retry_of: null,
    custom_metadata: {},
    tags: [],
    customRerunParam: { rerun_name: 'SeleniumTestNG-1' },
    hooks: [],
    product_map: {
      observability: true,
      accessibility: false,
      percy: false,
      automate: true,
      app_automate: false
    }
  },
  logs: []
} to 50353:0
2025-11-16T08:45:48.641Z CLI info [testhub:request-queue-handler]  [sathishponnusamy_yQ8Y0R]  [qx6jaiwni8lveaetbfn8xb1lc8dhi3xwguuidlee]  [fe9eb77a-5923-4f14-926a-c561bc0da599]  Added the event {
  event_type: 'CBTSessionCreated',
  test_run: {
    uuid: 'c80b1739-20d8-40ea-97bb-65eb8ba1d912',
    integrations: { browserstack: [Object] }
  }
} to 50353:0
2025-11-16T08:45:49.250Z CLI info [testhub:request-queue-handler]  [sathishponnusamy_yQ8Y0R]  [qx6jaiwni8lveaetbfn8xb1lc8dhi3xwguuidlee]  [fe9eb77a-5923-4f14-926a-c561bc0da599]  Added the event {
  event_type: 'CBTSessionCreated',
  test_run: {
    uuid: 'c80b1739-20d8-40ea-97bb-65eb8ba1d912',
    integrations: { browserstack: [Object] }
  }
} to 50353:0
2025-11-16T08:45:49.379Z CLI info [testhub:request-queue-handler]  [sathishponnusamy_yQ8Y0R]  [qx6jaiwni8lveaetbfn8xb1lc8dhi3xwguuidlee]  [fe9eb77a-5923-4f14-926a-c561bc0da599]  Processing batch event [
  {
    event_type: 'CBTSessionCreated',
    test_run: {
      uuid: '933344c8-acb1-4dcb-9b92-b8d541df737c',
      integrations: [Object]
    }
  },
  {
    event_type: 'TestRunFinished',
    test_run: {
      type: 'test',
      framework: 'Cucumber-TestNG',
      uuid: 'f334030d-d605-4b0f-9b91-a188cac7b4db',
      name: 'Unsuccessful login with invalid or empty credentials',
      body: [Object],
      identifier: 'Unsuccessful login with invalid or empty credentials',
      scope: 'Unsuccessful login with invalid or empty credentials',
      scopes: [Array],
      file_name: 'SeleniumTestNG/src/test/resources/features/loginpage.feature',
      vc_filepath: 'SeleniumTestNG/src/test/resources/features/loginpage.feature',
      location: 'SeleniumTestNG/src/test/resources/features/loginpage.feature',
      meta: [Object],
      result: 'passed',
      duration_in_ms: 21683,
      started_at: '2025-11-16T08:45:26.645Z',
      finished_at: '2025-11-16T08:45:48.328Z',
      failure: null,
      failure_type: null,
      failure_reason: null,
      retry_of: null,
      custom_metadata: {},
      tags: [],
      customRerunParam: [Object],
      hooks: [],
      product_map: [Object]
    },
    logs: []
  },
  {
    event_type: 'CBTSessionCreated',
    test_run: {
      uuid: 'c80b1739-20d8-40ea-97bb-65eb8ba1d912',
      integrations: [Object]
    }
  },
  {
    event_type: 'TestRunStarted',
    test_run: {
      type: 'test',
      framework: 'Cucumber-TestNG',
      uuid: 'c80b1739-20d8-40ea-97bb-65eb8ba1d912',
      name: 'Unsuccessful login with invalid or empty credentials',
      body: [Object],
      identifier: 'Unsuccessful login with invalid or empty credentials',
      scope: 'Unsuccessful login with invalid or empty credentials',
      scopes: [Array],
      file_name: 'SeleniumTestNG/src/test/resources/features/loginpage.feature',
      vc_filepath: 'SeleniumTestNG/src/test/resources/features/loginpage.feature',
      location: 'SeleniumTestNG/src/test/resources/features/loginpage.feature',
      meta: [Object],
      result: 'passed',
      duration_in_ms: null,
      started_at: '2025-11-16T08:45:48.353Z',
      finished_at: '2025-11-16T08:45:48.328Z',
      failure: null,
      failure_type: null,
      failure_reason: null,
      retry_of: null,
      custom_metadata: {},
      tags: [],
      customRerunParam: [Object],
      hooks: [],
      product_map: [Object]
    },
    logs: []
  },
  {
    event_type: 'CBTSessionCreated',
    test_run: {
      uuid: 'c80b1739-20d8-40ea-97bb-65eb8ba1d912',
      integrations: [Object]
    }
  },
  {
    event_type: 'CBTSessionCreated',
    test_run: {
      uuid: 'c80b1739-20d8-40ea-97bb-65eb8ba1d912',
      integrations: [Object]
    }
  }
] to 50353:0
2025-11-16T08:45:49.380Z CLI info  [sathishponnusamy_yQ8Y0R]  [qx6jaiwni8lveaetbfn8xb1lc8dhi3xwguuidlee]  [fe9eb77a-5923-4f14-926a-c561bc0da599]  [PRODUCTION] Making POST request to https://collector-observability.browserstack.com
2025-11-16T08:45:49.789Z CLI info [sdk:service]  [sathishponnusamy_yQ8Y0R]  [qx6jaiwni8lveaetbfn8xb1lc8dhi3xwguuidlee]  [fe9eb77a-5923-4f14-926a-c561bc0da599]  Driver initialized as primary driver: platformIndex=1
2025-11-16T08:45:50.494Z CLI info [testhub:request-queue-handler]  [sathishponnusamy_yQ8Y0R]  [qx6jaiwni8lveaetbfn8xb1lc8dhi3xwguuidlee]  [fe9eb77a-5923-4f14-926a-c561bc0da599]  Added the event {
  event_type: 'CBTSessionCreated',
  test_run: {
    uuid: '933344c8-acb1-4dcb-9b92-b8d541df737c',
    integrations: { browserstack: [Object] }
  }
} to 50353:0
2025-11-16T08:45:51.379Z CLI info [testhub:request-queue-handler]  [sathishponnusamy_yQ8Y0R]  [qx6jaiwni8lveaetbfn8xb1lc8dhi3xwguuidlee]  [fe9eb77a-5923-4f14-926a-c561bc0da599]  Processing batch event [
  {
    event_type: 'CBTSessionCreated',
    test_run: {
      uuid: '933344c8-acb1-4dcb-9b92-b8d541df737c',
      integrations: [Object]
    }
  }
] to 50353:0
2025-11-16T08:45:51.381Z CLI info  [sathishponnusamy_yQ8Y0R]  [qx6jaiwni8lveaetbfn8xb1lc8dhi3xwguuidlee]  [fe9eb77a-5923-4f14-926a-c561bc0da599]  [PRODUCTION] Making POST request to https://collector-observability.browserstack.com
2025-11-16T08:45:52.775Z CLI info [testhub:request-queue-handler]  [sathishponnusamy_yQ8Y0R]  [qx6jaiwni8lveaetbfn8xb1lc8dhi3xwguuidlee]  [fe9eb77a-5923-4f14-926a-c561bc0da599]  Added the event {
  event_type: 'CBTSessionCreated',
  test_run: {
    uuid: '933344c8-acb1-4dcb-9b92-b8d541df737c',
    integrations: { browserstack: [Object] }
  }
} to 50353:0
2025-11-16T08:45:53.380Z CLI info [testhub:request-queue-handler]  [sathishponnusamy_yQ8Y0R]  [qx6jaiwni8lveaetbfn8xb1lc8dhi3xwguuidlee]  [fe9eb77a-5923-4f14-926a-c561bc0da599]  Processing batch event [
  {
    event_type: 'CBTSessionCreated',
    test_run: {
      uuid: '933344c8-acb1-4dcb-9b92-b8d541df737c',
      integrations: [Object]
    }
  }
] to 50353:0
2025-11-16T08:45:53.381Z CLI info  [sathishponnusamy_yQ8Y0R]  [qx6jaiwni8lveaetbfn8xb1lc8dhi3xwguuidlee]  [fe9eb77a-5923-4f14-926a-c561bc0da599]  [PRODUCTION] Making POST request to https://collector-observability.browserstack.com
2025-11-16T08:45:54.510Z CLI info [testhub:request-queue-handler]  [sathishponnusamy_yQ8Y0R]  [qx6jaiwni8lveaetbfn8xb1lc8dhi3xwguuidlee]  [fe9eb77a-5923-4f14-926a-c561bc0da599]  Added the event {
  event_type: 'CBTSessionCreated',
  test_run: {
    uuid: '933344c8-acb1-4dcb-9b92-b8d541df737c',
    integrations: { browserstack: [Object] }
  }
} to 50353:0
2025-11-16T08:45:55.380Z CLI info [testhub:request-queue-handler]  [sathishponnusamy_yQ8Y0R]  [qx6jaiwni8lveaetbfn8xb1lc8dhi3xwguuidlee]  [fe9eb77a-5923-4f14-926a-c561bc0da599]  Processing batch event [
  {
    event_type: 'CBTSessionCreated',
    test_run: {
      uuid: '933344c8-acb1-4dcb-9b92-b8d541df737c',
      integrations: [Object]
    }
  }
] to 50353:0
2025-11-16T08:45:55.381Z CLI info  [sathishponnusamy_yQ8Y0R]  [qx6jaiwni8lveaetbfn8xb1lc8dhi3xwguuidlee]  [fe9eb77a-5923-4f14-926a-c561bc0da599]  [PRODUCTION] Making POST request to https://collector-observability.browserstack.com
2025-11-16T08:45:58.157Z CLI info [testhub:request-queue-handler]  [sathishponnusamy_yQ8Y0R]  [qx6jaiwni8lveaetbfn8xb1lc8dhi3xwguuidlee]  [fe9eb77a-5923-4f14-926a-c561bc0da599]  Added the event {
  event_type: 'TestRunFinished',
  test_run: {
    type: 'test',
    framework: 'Cucumber-TestNG',
    uuid: '933344c8-acb1-4dcb-9b92-b8d541df737c',
    name: 'Unsuccessful login with invalid or empty credentials',
    body: {
      lang: 'java',
      code: 'public void io.cucumber.testng.AbstractTestNGCucumberTests.runScenario(io.cucumber.testng.PickleWrapper,io.cucumber.testng.FeatureWrapper)'
    },
    identifier: 'Unsuccessful login with invalid or empty credentials',
    scope: 'Unsuccessful login with invalid or empty credentials',
    scopes: [ 'Login Functionality for OpenCart E-Commerce Website' ],
    file_name: 'SeleniumTestNG/src/test/resources/features/loginpage.feature',
    vc_filepath: 'SeleniumTestNG/src/test/resources/features/loginpage.feature',
    location: 'SeleniumTestNG/src/test/resources/features/loginpage.feature',
    meta: {
      data_provider_name: 'scenarios',
      feature: [Object],
      scenario: [Object],
      steps: [Array],
      examples: [Array]
    },
    result: 'passed',
    duration_in_ms: 28077,
    started_at: '2025-11-16T08:45:30.076Z',
    finished_at: '2025-11-16T08:45:58.153Z',
    failure: null,
    failure_type: null,
    failure_reason: null,
    retry_of: null,
    custom_metadata: {},
    tags: [],
    customRerunParam: { rerun_name: 'SeleniumTestNG-0' },
    hooks: [],
    product_map: {
      observability: true,
      accessibility: false,
      percy: false,
      automate: true,
      app_automate: false
    }
  },
  logs: []
} to 50353:0
2025-11-16T08:45:58.178Z CLI info [testhub:request-queue-handler]  [sathishponnusamy_yQ8Y0R]  [qx6jaiwni8lveaetbfn8xb1lc8dhi3xwguuidlee]  [fe9eb77a-5923-4f14-926a-c561bc0da599]  Added the event {
  event_type: 'CBTSessionCreated',
  test_run: {
    uuid: 'bfd1cd77-8ccf-46ea-9eaa-3c3a636d5f02',
    integrations: { browserstack: [Object] }
  }
} to 50353:0
2025-11-16T08:45:58.453Z CLI info [testhub:request-queue-handler]  [sathishponnusamy_yQ8Y0R]  [qx6jaiwni8lveaetbfn8xb1lc8dhi3xwguuidlee]  [fe9eb77a-5923-4f14-926a-c561bc0da599]  Added the event {
  event_type: 'TestRunStarted',
  test_run: {
    type: 'test',
    framework: 'Cucumber-TestNG',
    uuid: 'bfd1cd77-8ccf-46ea-9eaa-3c3a636d5f02',
    name: 'Unsuccessful login with invalid or empty credentials',
    body: {
      lang: 'java',
      code: 'public void io.cucumber.testng.AbstractTestNGCucumberTests.runScenario(io.cucumber.testng.PickleWrapper,io.cucumber.testng.FeatureWrapper)'
    },
    identifier: 'Unsuccessful login with invalid or empty credentials',
    scope: 'Unsuccessful login with invalid or empty credentials',
    scopes: [ 'Login Functionality for OpenCart E-Commerce Website' ],
    file_name: 'SeleniumTestNG/src/test/resources/features/loginpage.feature',
    vc_filepath: 'SeleniumTestNG/src/test/resources/features/loginpage.feature',
    location: 'SeleniumTestNG/src/test/resources/features/loginpage.feature',
    meta: {
      data_provider_name: 'scenarios',
      feature: [Object],
      scenario: [Object],
      examples: [Array]
    },
    result: 'passed',
    duration_in_ms: null,
    started_at: '2025-11-16T08:45:58.174Z',
    finished_at: '2025-11-16T08:45:58.153Z',
    failure: null,
    failure_type: null,
    failure_reason: null,
    retry_of: null,
    custom_metadata: {},
    tags: [],
    customRerunParam: { rerun_name: 'SeleniumTestNG-0' },
    hooks: [],
    product_map: {
      observability: true,
      accessibility: false,
      percy: false,
      automate: true,
      app_automate: false
    }
  },
  logs: []
} to 50353:0
2025-11-16T08:45:58.460Z CLI info [testhub:request-queue-handler]  [sathishponnusamy_yQ8Y0R]  [qx6jaiwni8lveaetbfn8xb1lc8dhi3xwguuidlee]  [fe9eb77a-5923-4f14-926a-c561bc0da599]  Added the event {
  event_type: 'CBTSessionCreated',
  test_run: {
    uuid: 'bfd1cd77-8ccf-46ea-9eaa-3c3a636d5f02',
    integrations: { browserstack: [Object] }
  }
} to 50353:0
2025-11-16T08:45:58.986Z CLI info [testhub:request-queue-handler]  [sathishponnusamy_yQ8Y0R]  [qx6jaiwni8lveaetbfn8xb1lc8dhi3xwguuidlee]  [fe9eb77a-5923-4f14-926a-c561bc0da599]  Added the event {
  event_type: 'CBTSessionCreated',
  test_run: {
    uuid: 'bfd1cd77-8ccf-46ea-9eaa-3c3a636d5f02',
    integrations: { browserstack: [Object] }
  }
} to 50353:0
2025-11-16T08:45:59.382Z CLI info [testhub:request-queue-handler]  [sathishponnusamy_yQ8Y0R]  [qx6jaiwni8lveaetbfn8xb1lc8dhi3xwguuidlee]  [fe9eb77a-5923-4f14-926a-c561bc0da599]  Processing batch event [
  {
    event_type: 'TestRunFinished',
    test_run: {
      type: 'test',
      framework: 'Cucumber-TestNG',
      uuid: '933344c8-acb1-4dcb-9b92-b8d541df737c',
      name: 'Unsuccessful login with invalid or empty credentials',
      body: [Object],
      identifier: 'Unsuccessful login with invalid or empty credentials',
      scope: 'Unsuccessful login with invalid or empty credentials',
      scopes: [Array],
      file_name: 'SeleniumTestNG/src/test/resources/features/loginpage.feature',
      vc_filepath: 'SeleniumTestNG/src/test/resources/features/loginpage.feature',
      location: 'SeleniumTestNG/src/test/resources/features/loginpage.feature',
      meta: [Object],
      result: 'passed',
      duration_in_ms: 28077,
      started_at: '2025-11-16T08:45:30.076Z',
      finished_at: '2025-11-16T08:45:58.153Z',
      failure: null,
      failure_type: null,
      failure_reason: null,
      retry_of: null,
      custom_metadata: {},
      tags: [],
      customRerunParam: [Object],
      hooks: [],
      product_map: [Object]
    },
    logs: []
  },
  {
    event_type: 'CBTSessionCreated',
    test_run: {
      uuid: 'bfd1cd77-8ccf-46ea-9eaa-3c3a636d5f02',
      integrations: [Object]
    }
  },
  {
    event_type: 'TestRunStarted',
    test_run: {
      type: 'test',
      framework: 'Cucumber-TestNG',
      uuid: 'bfd1cd77-8ccf-46ea-9eaa-3c3a636d5f02',
      name: 'Unsuccessful login with invalid or empty credentials',
      body: [Object],
      identifier: 'Unsuccessful login with invalid or empty credentials',
      scope: 'Unsuccessful login with invalid or empty credentials',
      scopes: [Array],
      file_name: 'SeleniumTestNG/src/test/resources/features/loginpage.feature',
      vc_filepath: 'SeleniumTestNG/src/test/resources/features/loginpage.feature',
      location: 'SeleniumTestNG/src/test/resources/features/loginpage.feature',
      meta: [Object],
      result: 'passed',
      duration_in_ms: null,
      started_at: '2025-11-16T08:45:58.174Z',
      finished_at: '2025-11-16T08:45:58.153Z',
      failure: null,
      failure_type: null,
      failure_reason: null,
      retry_of: null,
      custom_metadata: {},
      tags: [],
      customRerunParam: [Object],
      hooks: [],
      product_map: [Object]
    },
    logs: []
  },
  {
    event_type: 'CBTSessionCreated',
    test_run: {
      uuid: 'bfd1cd77-8ccf-46ea-9eaa-3c3a636d5f02',
      integrations: [Object]
    }
  },
  {
    event_type: 'CBTSessionCreated',
    test_run: {
      uuid: 'bfd1cd77-8ccf-46ea-9eaa-3c3a636d5f02',
      integrations: [Object]
    }
  }
] to 50353:0
2025-11-16T08:45:59.384Z CLI info  [sathishponnusamy_yQ8Y0R]  [qx6jaiwni8lveaetbfn8xb1lc8dhi3xwguuidlee]  [fe9eb77a-5923-4f14-926a-c561bc0da599]  [PRODUCTION] Making POST request to https://collector-observability.browserstack.com
2025-11-16T08:45:59.542Z CLI info [sdk:service]  [sathishponnusamy_yQ8Y0R]  [qx6jaiwni8lveaetbfn8xb1lc8dhi3xwguuidlee]  [fe9eb77a-5923-4f14-926a-c561bc0da599]  Driver initialized as primary driver: platformIndex=0
2025-11-16T08:45:59.554Z CLI info [testhub:request-queue-handler]  [sathishponnusamy_yQ8Y0R]  [qx6jaiwni8lveaetbfn8xb1lc8dhi3xwguuidlee]  [fe9eb77a-5923-4f14-926a-c561bc0da599]  Added the event {
  event_type: 'CBTSessionCreated',
  test_run: {
    uuid: 'c80b1739-20d8-40ea-97bb-65eb8ba1d912',
    integrations: { browserstack: [Object] }
  }
} to 50353:0
2025-11-16T08:46:01.382Z CLI info [testhub:request-queue-handler]  [sathishponnusamy_yQ8Y0R]  [qx6jaiwni8lveaetbfn8xb1lc8dhi3xwguuidlee]  [fe9eb77a-5923-4f14-926a-c561bc0da599]  Processing batch event [
  {
    event_type: 'CBTSessionCreated',
    test_run: {
      uuid: 'c80b1739-20d8-40ea-97bb-65eb8ba1d912',
      integrations: [Object]
    }
  }
] to 50353:0
2025-11-16T08:46:01.383Z CLI info  [sathishponnusamy_yQ8Y0R]  [qx6jaiwni8lveaetbfn8xb1lc8dhi3xwguuidlee]  [fe9eb77a-5923-4f14-926a-c561bc0da599]  [PRODUCTION] Making POST request to https://collector-observability.browserstack.com
2025-11-16T08:46:04.961Z CLI info [testhub:request-queue-handler]  [sathishponnusamy_yQ8Y0R]  [qx6jaiwni8lveaetbfn8xb1lc8dhi3xwguuidlee]  [fe9eb77a-5923-4f14-926a-c561bc0da599]  Added the event {
  event_type: 'CBTSessionCreated',
  test_run: {
    uuid: 'c80b1739-20d8-40ea-97bb-65eb8ba1d912',
    integrations: { browserstack: [Object] }
  }
} to 50353:0
2025-11-16T08:46:05.382Z CLI info [testhub:request-queue-handler]  [sathishponnusamy_yQ8Y0R]  [qx6jaiwni8lveaetbfn8xb1lc8dhi3xwguuidlee]  [fe9eb77a-5923-4f14-926a-c561bc0da599]  Processing batch event [
  {
    event_type: 'CBTSessionCreated',
    test_run: {
      uuid: 'c80b1739-20d8-40ea-97bb-65eb8ba1d912',
      integrations: [Object]
    }
  }
] to 50353:0
2025-11-16T08:46:05.383Z CLI info  [sathishponnusamy_yQ8Y0R]  [qx6jaiwni8lveaetbfn8xb1lc8dhi3xwguuidlee]  [fe9eb77a-5923-4f14-926a-c561bc0da599]  [PRODUCTION] Making POST request to https://collector-observability.browserstack.com
2025-11-16T08:46:07.204Z CLI info [testhub:request-queue-handler]  [sathishponnusamy_yQ8Y0R]  [qx6jaiwni8lveaetbfn8xb1lc8dhi3xwguuidlee]  [fe9eb77a-5923-4f14-926a-c561bc0da599]  Added the event {
  event_type: 'CBTSessionCreated',
  test_run: {
    uuid: 'c80b1739-20d8-40ea-97bb-65eb8ba1d912',
    integrations: { browserstack: [Object] }
  }
} to 50353:0
2025-11-16T08:46:07.383Z CLI info [testhub:request-queue-handler]  [sathishponnusamy_yQ8Y0R]  [qx6jaiwni8lveaetbfn8xb1lc8dhi3xwguuidlee]  [fe9eb77a-5923-4f14-926a-c561bc0da599]  Processing batch event [
  {
    event_type: 'CBTSessionCreated',
    test_run: {
      uuid: 'c80b1739-20d8-40ea-97bb-65eb8ba1d912',
      integrations: [Object]
    }
  }
] to 50353:0
2025-11-16T08:46:07.384Z CLI info  [sathishponnusamy_yQ8Y0R]  [qx6jaiwni8lveaetbfn8xb1lc8dhi3xwguuidlee]  [fe9eb77a-5923-4f14-926a-c561bc0da599]  [PRODUCTION] Making POST request to https://collector-observability.browserstack.com
2025-11-16T08:46:07.469Z CLI info [testhub:request-queue-handler]  [sathishponnusamy_yQ8Y0R]  [qx6jaiwni8lveaetbfn8xb1lc8dhi3xwguuidlee]  [fe9eb77a-5923-4f14-926a-c561bc0da599]  Added the event {
  event_type: 'CBTSessionCreated',
  test_run: {
    uuid: '34ebeba1-d338-4540-bd56-402b8dbd7d24',
    integrations: { browserstack: [Object] }
  }
} to 50353:0
2025-11-16T08:46:08.208Z CLI info [testhub:request-queue-handler]  [sathishponnusamy_yQ8Y0R]  [qx6jaiwni8lveaetbfn8xb1lc8dhi3xwguuidlee]  [fe9eb77a-5923-4f14-926a-c561bc0da599]  Added the event {
  event_type: 'CBTSessionCreated',
  test_run: {
    uuid: 'bfd1cd77-8ccf-46ea-9eaa-3c3a636d5f02',
    integrations: { browserstack: [Object] }
  }
} to 50353:0
2025-11-16T08:46:09.102Z CLI info [testhub:request-queue-handler]  [sathishponnusamy_yQ8Y0R]  [qx6jaiwni8lveaetbfn8xb1lc8dhi3xwguuidlee]  [fe9eb77a-5923-4f14-926a-c561bc0da599]  Added the event {
  event_type: 'CBTSessionCreated',
  test_run: {
    uuid: 'c80b1739-20d8-40ea-97bb-65eb8ba1d912',
    integrations: { browserstack: [Object] }
  }
} to 50353:0
2025-11-16T08:46:09.384Z CLI info [testhub:request-queue-handler]  [sathishponnusamy_yQ8Y0R]  [qx6jaiwni8lveaetbfn8xb1lc8dhi3xwguuidlee]  [fe9eb77a-5923-4f14-926a-c561bc0da599]  Processing batch event [
  {
    event_type: 'CBTSessionCreated',
    test_run: {
      uuid: '34ebeba1-d338-4540-bd56-402b8dbd7d24',
      integrations: [Object]
    }
  },
  {
    event_type: 'CBTSessionCreated',
    test_run: {
      uuid: 'bfd1cd77-8ccf-46ea-9eaa-3c3a636d5f02',
      integrations: [Object]
    }
  },
  {
    event_type: 'CBTSessionCreated',
    test_run: {
      uuid: 'c80b1739-20d8-40ea-97bb-65eb8ba1d912',
      integrations: [Object]
    }
  }
] to 50353:0
2025-11-16T08:46:09.385Z CLI info  [sathishponnusamy_yQ8Y0R]  [qx6jaiwni8lveaetbfn8xb1lc8dhi3xwguuidlee]  [fe9eb77a-5923-4f14-926a-c561bc0da599]  [PRODUCTION] Making POST request to https://collector-observability.browserstack.com
2025-11-16T08:46:10.285Z CLI info [testhub:request-queue-handler]  [sathishponnusamy_yQ8Y0R]  [qx6jaiwni8lveaetbfn8xb1lc8dhi3xwguuidlee]  [fe9eb77a-5923-4f14-926a-c561bc0da599]  Added the event {
  event_type: 'CBTSessionCreated',
  test_run: {
    uuid: 'c80b1739-20d8-40ea-97bb-65eb8ba1d912',
    integrations: { browserstack: [Object] }
  }
} to 50353:0
2025-11-16T08:46:11.385Z CLI info [testhub:request-queue-handler]  [sathishponnusamy_yQ8Y0R]  [qx6jaiwni8lveaetbfn8xb1lc8dhi3xwguuidlee]  [fe9eb77a-5923-4f14-926a-c561bc0da599]  Processing batch event [
  {
    event_type: 'CBTSessionCreated',
    test_run: {
      uuid: 'c80b1739-20d8-40ea-97bb-65eb8ba1d912',
      integrations: [Object]
    }
  }
] to 50353:0
2025-11-16T08:46:11.386Z CLI info  [sathishponnusamy_yQ8Y0R]  [qx6jaiwni8lveaetbfn8xb1lc8dhi3xwguuidlee]  [fe9eb77a-5923-4f14-926a-c561bc0da599]  [PRODUCTION] Making POST request to https://collector-observability.browserstack.com
2025-11-16T08:46:11.668Z CLI info [testhub:request-queue-handler]  [sathishponnusamy_yQ8Y0R]  [qx6jaiwni8lveaetbfn8xb1lc8dhi3xwguuidlee]  [fe9eb77a-5923-4f14-926a-c561bc0da599]  Added the event {
  event_type: 'CBTSessionCreated',
  test_run: {
    uuid: '34ebeba1-d338-4540-bd56-402b8dbd7d24',
    integrations: { browserstack: [Object] }
  }
} to 50353:0
2025-11-16T08:46:12.914Z CLI info [testhub:request-queue-handler]  [sathishponnusamy_yQ8Y0R]  [qx6jaiwni8lveaetbfn8xb1lc8dhi3xwguuidlee]  [fe9eb77a-5923-4f14-926a-c561bc0da599]  Added the event {
  event_type: 'TestRunFinished',
  test_run: {
    type: 'test',
    framework: 'Cucumber-TestNG',
    uuid: 'c80b1739-20d8-40ea-97bb-65eb8ba1d912',
    name: 'Unsuccessful login with invalid or empty credentials',
    body: {
      lang: 'java',
      code: 'public void io.cucumber.testng.AbstractTestNGCucumberTests.runScenario(io.cucumber.testng.PickleWrapper,io.cucumber.testng.FeatureWrapper)'
    },
    identifier: 'Unsuccessful login with invalid or empty credentials',
    scope: 'Unsuccessful login with invalid or empty credentials',
    scopes: [ 'Login Functionality for OpenCart E-Commerce Website' ],
    file_name: 'SeleniumTestNG/src/test/resources/features/loginpage.feature',
    vc_filepath: 'SeleniumTestNG/src/test/resources/features/loginpage.feature',
    location: 'SeleniumTestNG/src/test/resources/features/loginpage.feature',
    meta: {
      data_provider_name: 'scenarios',
      feature: [Object],
      scenario: [Object],
      steps: [Array],
      examples: [Array]
    },
    result: 'passed',
    duration_in_ms: 24558,
    started_at: '2025-11-16T08:45:48.353Z',
    finished_at: '2025-11-16T08:46:12.911Z',
    failure: null,
    failure_type: null,
    failure_reason: null,
    retry_of: null,
    custom_metadata: {},
    tags: [],
    customRerunParam: { rerun_name: 'SeleniumTestNG-1' },
    hooks: [],
    product_map: {
      observability: true,
      accessibility: false,
      percy: false,
      automate: true,
      app_automate: false
    }
  },
  logs: []
} to 50353:0
2025-11-16T08:46:12.935Z CLI info [testhub:request-queue-handler]  [sathishponnusamy_yQ8Y0R]  [qx6jaiwni8lveaetbfn8xb1lc8dhi3xwguuidlee]  [fe9eb77a-5923-4f14-926a-c561bc0da599]  Added the event {
  event_type: 'CBTSessionCreated',
  test_run: {
    uuid: 'a7e712a6-568b-4af3-8381-7ab104ef307a',
    integrations: { browserstack: [Object] }
  }
} to 50353:0
2025-11-16T08:46:13.046Z CLI info [testhub:request-queue-handler]  [sathishponnusamy_yQ8Y0R]  [qx6jaiwni8lveaetbfn8xb1lc8dhi3xwguuidlee]  [fe9eb77a-5923-4f14-926a-c561bc0da599]  Added the event {
  event_type: 'CBTSessionCreated',
  test_run: {
    uuid: 'bfd1cd77-8ccf-46ea-9eaa-3c3a636d5f02',
    integrations: { browserstack: [Object] }
  }
} to 50353:0
2025-11-16T08:46:13.207Z CLI info [testhub:request-queue-handler]  [sathishponnusamy_yQ8Y0R]  [qx6jaiwni8lveaetbfn8xb1lc8dhi3xwguuidlee]  [fe9eb77a-5923-4f14-926a-c561bc0da599]  Added the event {
  event_type: 'TestRunStarted',
  test_run: {
    type: 'test',
    framework: 'Cucumber-TestNG',
    uuid: 'a7e712a6-568b-4af3-8381-7ab104ef307a',
    name: 'Navigating to the forgotten password page',
    body: {
      lang: 'java',
      code: 'public void io.cucumber.testng.AbstractTestNGCucumberTests.runScenario(io.cucumber.testng.PickleWrapper,io.cucumber.testng.FeatureWrapper)'
    },
    identifier: 'Navigating to the forgotten password page',
    scope: 'Navigating to the forgotten password page',
    scopes: [ 'Login Functionality for OpenCart E-Commerce Website' ],
    file_name: 'SeleniumTestNG/src/test/resources/features/loginpage.feature',
    vc_filepath: 'SeleniumTestNG/src/test/resources/features/loginpage.feature',
    location: 'SeleniumTestNG/src/test/resources/features/loginpage.feature',
    meta: {
      data_provider_name: 'scenarios',
      feature: [Object],
      scenario: [Object]
    },
    result: 'passed',
    duration_in_ms: null,
    started_at: '2025-11-16T08:46:12.933Z',
    finished_at: '2025-11-16T08:46:12.911Z',
    failure: null,
    failure_type: null,
    failure_reason: null,
    retry_of: null,
    custom_metadata: {},
    tags: [],
    customRerunParam: { rerun_name: 'SeleniumTestNG-1' },
    hooks: [],
    product_map: {
      observability: true,
      accessibility: false,
      percy: false,
      automate: true,
      app_automate: false
    }
  },
  logs: []
} to 50353:0
2025-11-16T08:46:13.213Z CLI info [testhub:request-queue-handler]  [sathishponnusamy_yQ8Y0R]  [qx6jaiwni8lveaetbfn8xb1lc8dhi3xwguuidlee]  [fe9eb77a-5923-4f14-926a-c561bc0da599]  Added the event {
  event_type: 'CBTSessionCreated',
  test_run: {
    uuid: 'a7e712a6-568b-4af3-8381-7ab104ef307a',
    integrations: { browserstack: [Object] }
  }
} to 50353:0
2025-11-16T08:46:13.385Z CLI info [testhub:request-queue-handler]  [sathishponnusamy_yQ8Y0R]  [qx6jaiwni8lveaetbfn8xb1lc8dhi3xwguuidlee]  [fe9eb77a-5923-4f14-926a-c561bc0da599]  Processing batch event [
  {
    event_type: 'CBTSessionCreated',
    test_run: {
      uuid: '34ebeba1-d338-4540-bd56-402b8dbd7d24',
      integrations: [Object]
    }
  },
  {
    event_type: 'TestRunFinished',
    test_run: {
      type: 'test',
      framework: 'Cucumber-TestNG',
      uuid: 'c80b1739-20d8-40ea-97bb-65eb8ba1d912',
      name: 'Unsuccessful login with invalid or empty credentials',
      body: [Object],
      identifier: 'Unsuccessful login with invalid or empty credentials',
      scope: 'Unsuccessful login with invalid or empty credentials',
      scopes: [Array],
      file_name: 'SeleniumTestNG/src/test/resources/features/loginpage.feature',
      vc_filepath: 'SeleniumTestNG/src/test/resources/features/loginpage.feature',
      location: 'SeleniumTestNG/src/test/resources/features/loginpage.feature',
      meta: [Object],
      result: 'passed',
      duration_in_ms: 24558,
      started_at: '2025-11-16T08:45:48.353Z',
      finished_at: '2025-11-16T08:46:12.911Z',
      failure: null,
      failure_type: null,
      failure_reason: null,
      retry_of: null,
      custom_metadata: {},
      tags: [],
      customRerunParam: [Object],
      hooks: [],
      product_map: [Object]
    },
    logs: []
  },
  {
    event_type: 'CBTSessionCreated',
    test_run: {
      uuid: 'a7e712a6-568b-4af3-8381-7ab104ef307a',
      integrations: [Object]
    }
  },
  {
    event_type: 'CBTSessionCreated',
    test_run: {
      uuid: 'bfd1cd77-8ccf-46ea-9eaa-3c3a636d5f02',
      integrations: [Object]
    }
  },
  {
    event_type: 'TestRunStarted',
    test_run: {
      type: 'test',
      framework: 'Cucumber-TestNG',
      uuid: 'a7e712a6-568b-4af3-8381-7ab104ef307a',
      name: 'Navigating to the forgotten password page',
      body: [Object],
      identifier: 'Navigating to the forgotten password page',
      scope: 'Navigating to the forgotten password page',
      scopes: [Array],
      file_name: 'SeleniumTestNG/src/test/resources/features/loginpage.feature',
      vc_filepath: 'SeleniumTestNG/src/test/resources/features/loginpage.feature',
      location: 'SeleniumTestNG/src/test/resources/features/loginpage.feature',
      meta: [Object],
      result: 'passed',
      duration_in_ms: null,
      started_at: '2025-11-16T08:46:12.933Z',
      finished_at: '2025-11-16T08:46:12.911Z',
      failure: null,
      failure_type: null,
      failure_reason: null,
      retry_of: null,
      custom_metadata: {},
      tags: [],
      customRerunParam: [Object],
      hooks: [],
      product_map: [Object]
    },
    logs: []
  },
  {
    event_type: 'CBTSessionCreated',
    test_run: {
      uuid: 'a7e712a6-568b-4af3-8381-7ab104ef307a',
      integrations: [Object]
    }
  }
] to 50353:0
2025-11-16T08:46:13.386Z CLI info  [sathishponnusamy_yQ8Y0R]  [qx6jaiwni8lveaetbfn8xb1lc8dhi3xwguuidlee]  [fe9eb77a-5923-4f14-926a-c561bc0da599]  [PRODUCTION] Making POST request to https://collector-observability.browserstack.com
2025-11-16T08:46:13.753Z CLI info [testhub:request-queue-handler]  [sathishponnusamy_yQ8Y0R]  [qx6jaiwni8lveaetbfn8xb1lc8dhi3xwguuidlee]  [fe9eb77a-5923-4f14-926a-c561bc0da599]  Added the event {
  event_type: 'CBTSessionCreated',
  test_run: {
    uuid: 'a7e712a6-568b-4af3-8381-7ab104ef307a',
    integrations: { browserstack: [Object] }
  }
} to 50353:0
2025-11-16T08:46:14.305Z CLI info [sdk:service]  [sathishponnusamy_yQ8Y0R]  [qx6jaiwni8lveaetbfn8xb1lc8dhi3xwguuidlee]  [fe9eb77a-5923-4f14-926a-c561bc0da599]  Driver initialized as primary driver: platformIndex=1
2025-11-16T08:46:14.753Z CLI info [testhub:request-queue-handler]  [sathishponnusamy_yQ8Y0R]  [qx6jaiwni8lveaetbfn8xb1lc8dhi3xwguuidlee]  [fe9eb77a-5923-4f14-926a-c561bc0da599]  Added the event {
  event_type: 'CBTSessionCreated',
  test_run: {
    uuid: '34ebeba1-d338-4540-bd56-402b8dbd7d24',
    integrations: { browserstack: [Object] }
  }
} to 50353:0
2025-11-16T08:46:15.159Z CLI info [testhub:request-queue-handler]  [sathishponnusamy_yQ8Y0R]  [qx6jaiwni8lveaetbfn8xb1lc8dhi3xwguuidlee]  [fe9eb77a-5923-4f14-926a-c561bc0da599]  Added the event {
  event_type: 'CBTSessionCreated',
  test_run: {
    uuid: 'bfd1cd77-8ccf-46ea-9eaa-3c3a636d5f02',
    integrations: { browserstack: [Object] }
  }
} to 50353:0
2025-11-16T08:46:15.385Z CLI info [testhub:request-queue-handler]  [sathishponnusamy_yQ8Y0R]  [qx6jaiwni8lveaetbfn8xb1lc8dhi3xwguuidlee]  [fe9eb77a-5923-4f14-926a-c561bc0da599]  Processing batch event [
  {
    event_type: 'CBTSessionCreated',
    test_run: {
      uuid: 'a7e712a6-568b-4af3-8381-7ab104ef307a',
      integrations: [Object]
    }
  },
  {
    event_type: 'CBTSessionCreated',
    test_run: {
      uuid: '34ebeba1-d338-4540-bd56-402b8dbd7d24',
      integrations: [Object]
    }
  },
  {
    event_type: 'CBTSessionCreated',
    test_run: {
      uuid: 'bfd1cd77-8ccf-46ea-9eaa-3c3a636d5f02',
      integrations: [Object]
    }
  }
] to 50353:0
2025-11-16T08:46:15.387Z CLI info  [sathishponnusamy_yQ8Y0R]  [qx6jaiwni8lveaetbfn8xb1lc8dhi3xwguuidlee]  [fe9eb77a-5923-4f14-926a-c561bc0da599]  [PRODUCTION] Making POST request to https://collector-observability.browserstack.com
2025-11-16T08:46:18.148Z CLI info [testhub:request-queue-handler]  [sathishponnusamy_yQ8Y0R]  [qx6jaiwni8lveaetbfn8xb1lc8dhi3xwguuidlee]  [fe9eb77a-5923-4f14-926a-c561bc0da599]  Added the event {
  event_type: 'CBTSessionCreated',
  test_run: {
    uuid: '34ebeba1-d338-4540-bd56-402b8dbd7d24',
    integrations: { browserstack: [Object] }
  }
} to 50353:0
2025-11-16T08:46:19.054Z CLI info [testhub:request-queue-handler]  [sathishponnusamy_yQ8Y0R]  [qx6jaiwni8lveaetbfn8xb1lc8dhi3xwguuidlee]  [fe9eb77a-5923-4f14-926a-c561bc0da599]  Added the event {
  event_type: 'CBTSessionCreated',
  test_run: {
    uuid: 'bfd1cd77-8ccf-46ea-9eaa-3c3a636d5f02',
    integrations: { browserstack: [Object] }
  }
} to 50353:0
2025-11-16T08:46:19.386Z CLI info [testhub:request-queue-handler]  [sathishponnusamy_yQ8Y0R]  [qx6jaiwni8lveaetbfn8xb1lc8dhi3xwguuidlee]  [fe9eb77a-5923-4f14-926a-c561bc0da599]  Processing batch event [
  {
    event_type: 'CBTSessionCreated',
    test_run: {
      uuid: '34ebeba1-d338-4540-bd56-402b8dbd7d24',
      integrations: [Object]
    }
  },
  {
    event_type: 'CBTSessionCreated',
    test_run: {
      uuid: 'bfd1cd77-8ccf-46ea-9eaa-3c3a636d5f02',
      integrations: [Object]
    }
  }
] to 50353:0
2025-11-16T08:46:19.387Z CLI info  [sathishponnusamy_yQ8Y0R]  [qx6jaiwni8lveaetbfn8xb1lc8dhi3xwguuidlee]  [fe9eb77a-5923-4f14-926a-c561bc0da599]  [PRODUCTION] Making POST request to https://collector-observability.browserstack.com
2025-11-16T08:46:21.404Z CLI info [testhub:request-queue-handler]  [sathishponnusamy_yQ8Y0R]  [qx6jaiwni8lveaetbfn8xb1lc8dhi3xwguuidlee]  [fe9eb77a-5923-4f14-926a-c561bc0da599]  Added the event {
  event_type: 'CBTSessionCreated',
  test_run: {
    uuid: 'bfd1cd77-8ccf-46ea-9eaa-3c3a636d5f02',
    integrations: { browserstack: [Object] }
  }
} to 50353:0
2025-11-16T08:46:23.388Z CLI info [testhub:request-queue-handler]  [sathishponnusamy_yQ8Y0R]  [qx6jaiwni8lveaetbfn8xb1lc8dhi3xwguuidlee]  [fe9eb77a-5923-4f14-926a-c561bc0da599]  Processing batch event [
  {
    event_type: 'CBTSessionCreated',
    test_run: {
      uuid: 'bfd1cd77-8ccf-46ea-9eaa-3c3a636d5f02',
      integrations: [Object]
    }
  }
] to 50353:0
2025-11-16T08:46:23.388Z CLI info  [sathishponnusamy_yQ8Y0R]  [qx6jaiwni8lveaetbfn8xb1lc8dhi3xwguuidlee]  [fe9eb77a-5923-4f14-926a-c561bc0da599]  [PRODUCTION] Making POST request to https://collector-observability.browserstack.com
2025-11-16T08:46:24.265Z CLI info [testhub:request-queue-handler]  [sathishponnusamy_yQ8Y0R]  [qx6jaiwni8lveaetbfn8xb1lc8dhi3xwguuidlee]  [fe9eb77a-5923-4f14-926a-c561bc0da599]  Added the event {
  event_type: 'CBTSessionCreated',
  test_run: {
    uuid: 'a7e712a6-568b-4af3-8381-7ab104ef307a',
    integrations: { browserstack: [Object] }
  }
} to 50353:0
2025-11-16T08:46:24.467Z CLI info [testhub:request-queue-handler]  [sathishponnusamy_yQ8Y0R]  [qx6jaiwni8lveaetbfn8xb1lc8dhi3xwguuidlee]  [fe9eb77a-5923-4f14-926a-c561bc0da599]  Added the event {
  event_type: 'TestRunFinished',
  test_run: {
    type: 'test',
    framework: 'Cucumber-TestNG',
    uuid: 'bfd1cd77-8ccf-46ea-9eaa-3c3a636d5f02',
    name: 'Unsuccessful login with invalid or empty credentials',
    body: {
      lang: 'java',
      code: 'public void io.cucumber.testng.AbstractTestNGCucumberTests.runScenario(io.cucumber.testng.PickleWrapper,io.cucumber.testng.FeatureWrapper)'
    },
    identifier: 'Unsuccessful login with invalid or empty credentials',
    scope: 'Unsuccessful login with invalid or empty credentials',
    scopes: [ 'Login Functionality for OpenCart E-Commerce Website' ],
    file_name: 'SeleniumTestNG/src/test/resources/features/loginpage.feature',
    vc_filepath: 'SeleniumTestNG/src/test/resources/features/loginpage.feature',
    location: 'SeleniumTestNG/src/test/resources/features/loginpage.feature',
    meta: {
      data_provider_name: 'scenarios',
      feature: [Object],
      scenario: [Object],
      steps: [Array],
      examples: [Array]
    },
    result: 'passed',
    duration_in_ms: 26286,
    started_at: '2025-11-16T08:45:58.174Z',
    finished_at: '2025-11-16T08:46:24.460Z',
    failure: null,
    failure_type: null,
    failure_reason: null,
    retry_of: null,
    custom_metadata: {},
    tags: [],
    customRerunParam: { rerun_name: 'SeleniumTestNG-0' },
    hooks: [],
    product_map: {
      observability: true,
      accessibility: false,
      percy: false,
      automate: true,
      app_automate: false
    }
  },
  logs: []
} to 50353:0
2025-11-16T08:46:24.496Z CLI info [testhub:request-queue-handler]  [sathishponnusamy_yQ8Y0R]  [qx6jaiwni8lveaetbfn8xb1lc8dhi3xwguuidlee]  [fe9eb77a-5923-4f14-926a-c561bc0da599]  Added the event {
  event_type: 'CBTSessionCreated',
  test_run: {
    uuid: '526e15e4-b2d8-4686-a148-5603ada4a29b',
    integrations: { browserstack: [Object] }
  }
} to 50353:0
2025-11-16T08:46:24.781Z CLI info [testhub:request-queue-handler]  [sathishponnusamy_yQ8Y0R]  [qx6jaiwni8lveaetbfn8xb1lc8dhi3xwguuidlee]  [fe9eb77a-5923-4f14-926a-c561bc0da599]  Added the event {
  event_type: 'TestRunStarted',
  test_run: {
    type: 'test',
    framework: 'Cucumber-TestNG',
    uuid: '526e15e4-b2d8-4686-a148-5603ada4a29b',
    name: 'Navigating to the forgotten password page',
    body: {
      lang: 'java',
      code: 'public void io.cucumber.testng.AbstractTestNGCucumberTests.runScenario(io.cucumber.testng.PickleWrapper,io.cucumber.testng.FeatureWrapper)'
    },
    identifier: 'Navigating to the forgotten password page',
    scope: 'Navigating to the forgotten password page',
    scopes: [ 'Login Functionality for OpenCart E-Commerce Website' ],
    file_name: 'SeleniumTestNG/src/test/resources/features/loginpage.feature',
    vc_filepath: 'SeleniumTestNG/src/test/resources/features/loginpage.feature',
    location: 'SeleniumTestNG/src/test/resources/features/loginpage.feature',
    meta: {
      data_provider_name: 'scenarios',
      feature: [Object],
      scenario: [Object]
    },
    result: 'passed',
    duration_in_ms: null,
    started_at: '2025-11-16T08:46:24.491Z',
    finished_at: '2025-11-16T08:46:24.460Z',
    failure: null,
    failure_type: null,
    failure_reason: null,
    retry_of: null,
    custom_metadata: {},
    tags: [],
    customRerunParam: { rerun_name: 'SeleniumTestNG-0' },
    hooks: [],
    product_map: {
      observability: true,
      accessibility: false,
      percy: false,
      automate: true,
      app_automate: false
    }
  },
  logs: []
} to 50353:0
2025-11-16T08:46:24.788Z CLI info [testhub:request-queue-handler]  [sathishponnusamy_yQ8Y0R]  [qx6jaiwni8lveaetbfn8xb1lc8dhi3xwguuidlee]  [fe9eb77a-5923-4f14-926a-c561bc0da599]  Added the event {
  event_type: 'CBTSessionCreated',
  test_run: {
    uuid: '526e15e4-b2d8-4686-a148-5603ada4a29b',
    integrations: { browserstack: [Object] }
  }
} to 50353:0
2025-11-16T08:46:25.388Z CLI info [testhub:request-queue-handler]  [sathishponnusamy_yQ8Y0R]  [qx6jaiwni8lveaetbfn8xb1lc8dhi3xwguuidlee]  [fe9eb77a-5923-4f14-926a-c561bc0da599]  Processing batch event [
  {
    event_type: 'CBTSessionCreated',
    test_run: {
      uuid: 'a7e712a6-568b-4af3-8381-7ab104ef307a',
      integrations: [Object]
    }
  },
  {
    event_type: 'TestRunFinished',
    test_run: {
      type: 'test',
      framework: 'Cucumber-TestNG',
      uuid: 'bfd1cd77-8ccf-46ea-9eaa-3c3a636d5f02',
      name: 'Unsuccessful login with invalid or empty credentials',
      body: [Object],
      identifier: 'Unsuccessful login with invalid or empty credentials',
      scope: 'Unsuccessful login with invalid or empty credentials',
      scopes: [Array],
      file_name: 'SeleniumTestNG/src/test/resources/features/loginpage.feature',
      vc_filepath: 'SeleniumTestNG/src/test/resources/features/loginpage.feature',
      location: 'SeleniumTestNG/src/test/resources/features/loginpage.feature',
      meta: [Object],
      result: 'passed',
      duration_in_ms: 26286,
      started_at: '2025-11-16T08:45:58.174Z',
      finished_at: '2025-11-16T08:46:24.460Z',
      failure: null,
      failure_type: null,
      failure_reason: null,
      retry_of: null,
      custom_metadata: {},
      tags: [],
      customRerunParam: [Object],
      hooks: [],
      product_map: [Object]
    },
    logs: []
  },
  {
    event_type: 'CBTSessionCreated',
    test_run: {
      uuid: '526e15e4-b2d8-4686-a148-5603ada4a29b',
      integrations: [Object]
    }
  },
  {
    event_type: 'TestRunStarted',
    test_run: {
      type: 'test',
      framework: 'Cucumber-TestNG',
      uuid: '526e15e4-b2d8-4686-a148-5603ada4a29b',
      name: 'Navigating to the forgotten password page',
      body: [Object],
      identifier: 'Navigating to the forgotten password page',
      scope: 'Navigating to the forgotten password page',
      scopes: [Array],
      file_name: 'SeleniumTestNG/src/test/resources/features/loginpage.feature',
      vc_filepath: 'SeleniumTestNG/src/test/resources/features/loginpage.feature',
      location: 'SeleniumTestNG/src/test/resources/features/loginpage.feature',
      meta: [Object],
      result: 'passed',
      duration_in_ms: null,
      started_at: '2025-11-16T08:46:24.491Z',
      finished_at: '2025-11-16T08:46:24.460Z',
      failure: null,
      failure_type: null,
      failure_reason: null,
      retry_of: null,
      custom_metadata: {},
      tags: [],
      customRerunParam: [Object],
      hooks: [],
      product_map: [Object]
    },
    logs: []
  },
  {
    event_type: 'CBTSessionCreated',
    test_run: {
      uuid: '526e15e4-b2d8-4686-a148-5603ada4a29b',
      integrations: [Object]
    }
  }
] to 50353:0
2025-11-16T08:46:25.390Z CLI info  [sathishponnusamy_yQ8Y0R]  [qx6jaiwni8lveaetbfn8xb1lc8dhi3xwguuidlee]  [fe9eb77a-5923-4f14-926a-c561bc0da599]  [PRODUCTION] Making POST request to https://collector-observability.browserstack.com
2025-11-16T08:46:25.676Z CLI info [testhub:request-queue-handler]  [sathishponnusamy_yQ8Y0R]  [qx6jaiwni8lveaetbfn8xb1lc8dhi3xwguuidlee]  [fe9eb77a-5923-4f14-926a-c561bc0da599]  Added the event {
  event_type: 'CBTSessionCreated',
  test_run: {
    uuid: '526e15e4-b2d8-4686-a148-5603ada4a29b',
    integrations: { browserstack: [Object] }
  }
} to 50353:0
2025-11-16T08:46:26.539Z CLI info [sdk:service]  [sathishponnusamy_yQ8Y0R]  [qx6jaiwni8lveaetbfn8xb1lc8dhi3xwguuidlee]  [fe9eb77a-5923-4f14-926a-c561bc0da599]  Driver initialized as primary driver: platformIndex=0
2025-11-16T08:46:27.388Z CLI info [testhub:request-queue-handler]  [sathishponnusamy_yQ8Y0R]  [qx6jaiwni8lveaetbfn8xb1lc8dhi3xwguuidlee]  [fe9eb77a-5923-4f14-926a-c561bc0da599]  Processing batch event [
  {
    event_type: 'CBTSessionCreated',
    test_run: {
      uuid: '526e15e4-b2d8-4686-a148-5603ada4a29b',
      integrations: [Object]
    }
  }
] to 50353:0
2025-11-16T08:46:27.426Z CLI info  [sathishponnusamy_yQ8Y0R]  [qx6jaiwni8lveaetbfn8xb1lc8dhi3xwguuidlee]  [fe9eb77a-5923-4f14-926a-c561bc0da599]  [PRODUCTION] Making POST request to https://collector-observability.browserstack.com
2025-11-16T08:46:29.532Z CLI info [testhub:request-queue-handler]  [sathishponnusamy_yQ8Y0R]  [qx6jaiwni8lveaetbfn8xb1lc8dhi3xwguuidlee]  [fe9eb77a-5923-4f14-926a-c561bc0da599]  Added the event {
  event_type: 'CBTSessionCreated',
  test_run: {
    uuid: 'a7e712a6-568b-4af3-8381-7ab104ef307a',
    integrations: { browserstack: [Object] }
  }
} to 50353:0
2025-11-16T08:46:31.390Z CLI info [testhub:request-queue-handler]  [sathishponnusamy_yQ8Y0R]  [qx6jaiwni8lveaetbfn8xb1lc8dhi3xwguuidlee]  [fe9eb77a-5923-4f14-926a-c561bc0da599]  Processing batch event [
  {
    event_type: 'CBTSessionCreated',
    test_run: {
      uuid: 'a7e712a6-568b-4af3-8381-7ab104ef307a',
      integrations: [Object]
    }
  }
] to 50353:0
2025-11-16T08:46:31.390Z CLI info  [sathishponnusamy_yQ8Y0R]  [qx6jaiwni8lveaetbfn8xb1lc8dhi3xwguuidlee]  [fe9eb77a-5923-4f14-926a-c561bc0da599]  [PRODUCTION] Making POST request to https://collector-observability.browserstack.com
2025-11-16T08:46:31.739Z CLI info [testhub:request-queue-handler]  [sathishponnusamy_yQ8Y0R]  [qx6jaiwni8lveaetbfn8xb1lc8dhi3xwguuidlee]  [fe9eb77a-5923-4f14-926a-c561bc0da599]  Added the event {
  event_type: 'CBTSessionCreated',
  test_run: {
    uuid: 'a7e712a6-568b-4af3-8381-7ab104ef307a',
    integrations: { browserstack: [Object] }
  }
} to 50353:0
2025-11-16T08:46:32.969Z CLI info [testhub:request-queue-handler]  [sathishponnusamy_yQ8Y0R]  [qx6jaiwni8lveaetbfn8xb1lc8dhi3xwguuidlee]  [fe9eb77a-5923-4f14-926a-c561bc0da599]  Added the event {
  event_type: 'CBTSessionCreated',
  test_run: {
    uuid: 'a7e712a6-568b-4af3-8381-7ab104ef307a',
    integrations: { browserstack: [Object] }
  }
} to 50353:0
2025-11-16T08:46:33.392Z CLI info [testhub:request-queue-handler]  [sathishponnusamy_yQ8Y0R]  [qx6jaiwni8lveaetbfn8xb1lc8dhi3xwguuidlee]  [fe9eb77a-5923-4f14-926a-c561bc0da599]  Processing batch event [
  {
    event_type: 'CBTSessionCreated',
    test_run: {
      uuid: 'a7e712a6-568b-4af3-8381-7ab104ef307a',
      integrations: [Object]
    }
  },
  {
    event_type: 'CBTSessionCreated',
    test_run: {
      uuid: 'a7e712a6-568b-4af3-8381-7ab104ef307a',
      integrations: [Object]
    }
  }
] to 50353:0
2025-11-16T08:46:33.393Z CLI info  [sathishponnusamy_yQ8Y0R]  [qx6jaiwni8lveaetbfn8xb1lc8dhi3xwguuidlee]  [fe9eb77a-5923-4f14-926a-c561bc0da599]  [PRODUCTION] Making POST request to https://collector-observability.browserstack.com
2025-11-16T08:46:34.907Z CLI info [testhub:request-queue-handler]  [sathishponnusamy_yQ8Y0R]  [qx6jaiwni8lveaetbfn8xb1lc8dhi3xwguuidlee]  [fe9eb77a-5923-4f14-926a-c561bc0da599]  Added the event {
  event_type: 'CBTSessionCreated',
  test_run: {
    uuid: '526e15e4-b2d8-4686-a148-5603ada4a29b',
    integrations: { browserstack: [Object] }
  }
} to 50353:0
2025-11-16T08:46:35.392Z CLI info [testhub:request-queue-handler]  [sathishponnusamy_yQ8Y0R]  [qx6jaiwni8lveaetbfn8xb1lc8dhi3xwguuidlee]  [fe9eb77a-5923-4f14-926a-c561bc0da599]  Processing batch event [
  {
    event_type: 'CBTSessionCreated',
    test_run: {
      uuid: '526e15e4-b2d8-4686-a148-5603ada4a29b',
      integrations: [Object]
    }
  }
] to 50353:0
2025-11-16T08:46:35.393Z CLI info  [sathishponnusamy_yQ8Y0R]  [qx6jaiwni8lveaetbfn8xb1lc8dhi3xwguuidlee]  [fe9eb77a-5923-4f14-926a-c561bc0da599]  [PRODUCTION] Making POST request to https://collector-observability.browserstack.com
2025-11-16T08:46:36.124Z CLI info [testhub:request-queue-handler]  [sathishponnusamy_yQ8Y0R]  [qx6jaiwni8lveaetbfn8xb1lc8dhi3xwguuidlee]  [fe9eb77a-5923-4f14-926a-c561bc0da599]  Added the event {
  event_type: 'TestRunFinished',
  test_run: {
    type: 'test',
    framework: 'Cucumber-TestNG',
    uuid: 'a7e712a6-568b-4af3-8381-7ab104ef307a',
    name: 'Navigating to the forgotten password page',
    body: {
      lang: 'java',
      code: 'public void io.cucumber.testng.AbstractTestNGCucumberTests.runScenario(io.cucumber.testng.PickleWrapper,io.cucumber.testng.FeatureWrapper)'
    },
    identifier: 'Navigating to the forgotten password page',
    scope: 'Navigating to the forgotten password page',
    scopes: [ 'Login Functionality for OpenCart E-Commerce Website' ],
    file_name: 'SeleniumTestNG/src/test/resources/features/loginpage.feature',
    vc_filepath: 'SeleniumTestNG/src/test/resources/features/loginpage.feature',
    location: 'SeleniumTestNG/src/test/resources/features/loginpage.feature',
    meta: {
      data_provider_name: 'scenarios',
      feature: [Object],
      scenario: [Object],
      steps: [Array]
    },
    result: 'passed',
    duration_in_ms: 23186,
    started_at: '2025-11-16T08:46:12.933Z',
    finished_at: '2025-11-16T08:46:36.119Z',
    failure: null,
    failure_type: null,
    failure_reason: null,
    retry_of: null,
    custom_metadata: {},
    tags: [],
    customRerunParam: { rerun_name: 'SeleniumTestNG-1' },
    hooks: [],
    product_map: {
      observability: true,
      accessibility: false,
      percy: false,
      automate: true,
      app_automate: false
    }
  },
  logs: []
} to 50353:0
2025-11-16T08:46:36.150Z CLI info [testhub:request-queue-handler]  [sathishponnusamy_yQ8Y0R]  [qx6jaiwni8lveaetbfn8xb1lc8dhi3xwguuidlee]  [fe9eb77a-5923-4f14-926a-c561bc0da599]  Added the event {
  event_type: 'HookRunStarted',
  hook_run: {
    type: 'hook',
    hook_type: 'AFTER_CLASS',
    framework: 'Cucumber-TestNG',
    uuid: 'cfdeebfc-8d93-4675-a0cc-ac9ac6915748',
    name: 'tearDownClass',
    result: 'pending',
    test_run_id: 'f5807ae7-d299-4ff1-afbb-2e6aff850451',
    body: { lang: 'java', code: null },
    scope: 'Default Suite.runner.TestRunner',
    custom_metadata: {},
    tags: [],
    scopes: [ 'Default Suite', 'runner.TestRunner' ],
    file_name: 'SeleniumTestNG/src/test/java/runner/TestRunner.java',
    vc_filepath: 'SeleniumTestNG/src/test/java/runner/TestRunner.java',
    location: 'SeleniumTestNG/src/test/java/runner/TestRunner.java',
    started_at: '2025-11-16T08:46:36.146Z'
  },
  logs: []
} to 50353:0
2025-11-16T08:46:37.394Z CLI info [testhub:request-queue-handler]  [sathishponnusamy_yQ8Y0R]  [qx6jaiwni8lveaetbfn8xb1lc8dhi3xwguuidlee]  [fe9eb77a-5923-4f14-926a-c561bc0da599]  Processing batch event [
  {
    event_type: 'TestRunFinished',
    test_run: {
      type: 'test',
      framework: 'Cucumber-TestNG',
      uuid: 'a7e712a6-568b-4af3-8381-7ab104ef307a',
      name: 'Navigating to the forgotten password page',
      body: [Object],
      identifier: 'Navigating to the forgotten password page',
      scope: 'Navigating to the forgotten password page',
      scopes: [Array],
      file_name: 'SeleniumTestNG/src/test/resources/features/loginpage.feature',
      vc_filepath: 'SeleniumTestNG/src/test/resources/features/loginpage.feature',
      location: 'SeleniumTestNG/src/test/resources/features/loginpage.feature',
      meta: [Object],
      result: 'passed',
      duration_in_ms: 23186,
      started_at: '2025-11-16T08:46:12.933Z',
      finished_at: '2025-11-16T08:46:36.119Z',
      failure: null,
      failure_type: null,
      failure_reason: null,
      retry_of: null,
      custom_metadata: {},
      tags: [],
      customRerunParam: [Object],
      hooks: [],
      product_map: [Object]
    },
    logs: []
  },
  {
    event_type: 'HookRunStarted',
    hook_run: {
      type: 'hook',
      hook_type: 'AFTER_CLASS',
      framework: 'Cucumber-TestNG',
      uuid: 'cfdeebfc-8d93-4675-a0cc-ac9ac6915748',
      name: 'tearDownClass',
      result: 'pending',
      test_run_id: 'f5807ae7-d299-4ff1-afbb-2e6aff850451',
      body: [Object],
      scope: 'Default Suite.runner.TestRunner',
      custom_metadata: {},
      tags: [],
      scopes: [Array],
      file_name: 'SeleniumTestNG/src/test/java/runner/TestRunner.java',
      vc_filepath: 'SeleniumTestNG/src/test/java/runner/TestRunner.java',
      location: 'SeleniumTestNG/src/test/java/runner/TestRunner.java',
      started_at: '2025-11-16T08:46:36.146Z'
    },
    logs: []
  }
] to 50353:0
2025-11-16T08:46:37.395Z CLI info  [sathishponnusamy_yQ8Y0R]  [qx6jaiwni8lveaetbfn8xb1lc8dhi3xwguuidlee]  [fe9eb77a-5923-4f14-926a-c561bc0da599]  [PRODUCTION] Making POST request to https://collector-observability.browserstack.com
2025-11-16T08:46:37.768Z CLI info [testhub:request-queue-handler]  [sathishponnusamy_yQ8Y0R]  [qx6jaiwni8lveaetbfn8xb1lc8dhi3xwguuidlee]  [fe9eb77a-5923-4f14-926a-c561bc0da599]  Added the event {
  event_type: 'LogCreated',
  logs: [
    {
      testFrameworkName: 'Cucumber-TestNG',
      testFrameworkVersion: '7.11.0',
      testFrameworkState: 'LOG',
      timestamp: '2025-11-16T08:46:37.723Z',
      uuid: 'cfdeebfc-8d93-4675-a0cc-ac9ac6915748',
      kind: 'TEST_LOG',
      message: '"┌──────────────────────────────────────────────────────────────────────────┐\\n│ View your Cucumber Report at:                                            │\\n│ https://reports.cucumber.io/reports/bd33e346-4f51-4e1d-a962-07d0c1a25ba2 │\\n│                                                                          │\\n│ This report will self-destruct in 24h.                                   │\\n└──────────────────────────────────────────────────────────────────────────┘"',
      level: 'ERROR',
      test_run_uuid: 'cfdeebfc-8d93-4675-a0cc-ac9ac6915748'
    }
  ]
} to 50353:0
2025-11-16T08:46:37.805Z CLI info [testhub:request-queue-handler]  [sathishponnusamy_yQ8Y0R]  [qx6jaiwni8lveaetbfn8xb1lc8dhi3xwguuidlee]  [fe9eb77a-5923-4f14-926a-c561bc0da599]  Added the event {
  event_type: 'HookRunFinished',
  hook_run: {
    type: 'hook',
    hook_type: 'AFTER_CLASS',
    framework: 'Cucumber-TestNG',
    uuid: 'cfdeebfc-8d93-4675-a0cc-ac9ac6915748',
    name: 'tearDownClass',
    result: 'passed',
    test_run_id: 'f5807ae7-d299-4ff1-afbb-2e6aff850451',
    body: { lang: 'java', code: null },
    scope: 'Default Suite.runner.TestRunner',
    custom_metadata: {},
    tags: [],
    scopes: [ 'Default Suite', 'runner.TestRunner' ],
    file_name: 'SeleniumTestNG/src/test/java/runner/TestRunner.java',
    vc_filepath: 'SeleniumTestNG/src/test/java/runner/TestRunner.java',
    location: 'SeleniumTestNG/src/test/java/runner/TestRunner.java',
    started_at: '2025-11-16T08:46:36.146Z',
    finished_at: '2025-11-16T08:46:37.798Z'
  },
  logs: []
} to 50353:0
2025-11-16T08:46:39.395Z CLI info [testhub:request-queue-handler]  [sathishponnusamy_yQ8Y0R]  [qx6jaiwni8lveaetbfn8xb1lc8dhi3xwguuidlee]  [fe9eb77a-5923-4f14-926a-c561bc0da599]  Processing batch event [
  { event_type: 'LogCreated', logs: [ [Object] ] },
  {
    event_type: 'HookRunFinished',
    hook_run: {
      type: 'hook',
      hook_type: 'AFTER_CLASS',
      framework: 'Cucumber-TestNG',
      uuid: 'cfdeebfc-8d93-4675-a0cc-ac9ac6915748',
      name: 'tearDownClass',
      result: 'passed',
      test_run_id: 'f5807ae7-d299-4ff1-afbb-2e6aff850451',
      body: [Object],
      scope: 'Default Suite.runner.TestRunner',
      custom_metadata: {},
      tags: [],
      scopes: [Array],
      file_name: 'SeleniumTestNG/src/test/java/runner/TestRunner.java',
      vc_filepath: 'SeleniumTestNG/src/test/java/runner/TestRunner.java',
      location: 'SeleniumTestNG/src/test/java/runner/TestRunner.java',
      started_at: '2025-11-16T08:46:36.146Z',
      finished_at: '2025-11-16T08:46:37.798Z'
    },
    logs: []
  }
] to 50353:0
2025-11-16T08:46:39.396Z CLI info  [sathishponnusamy_yQ8Y0R]  [qx6jaiwni8lveaetbfn8xb1lc8dhi3xwguuidlee]  [fe9eb77a-5923-4f14-926a-c561bc0da599]  [PRODUCTION] Making POST request to https://collector-observability.browserstack.com
2025-11-16T08:46:39.617Z CLI info [testhub:request-queue-handler]  [sathishponnusamy_yQ8Y0R]  [qx6jaiwni8lveaetbfn8xb1lc8dhi3xwguuidlee]  [fe9eb77a-5923-4f14-926a-c561bc0da599]  Added the event {
  event_type: 'CBTSessionCreated',
  test_run: {
    uuid: '526e15e4-b2d8-4686-a148-5603ada4a29b',
    integrations: { browserstack: [Object] }
  }
} to 50353:0
2025-11-16T08:46:41.395Z CLI info [testhub:request-queue-handler]  [sathishponnusamy_yQ8Y0R]  [qx6jaiwni8lveaetbfn8xb1lc8dhi3xwguuidlee]  [fe9eb77a-5923-4f14-926a-c561bc0da599]  Processing batch event [
  {
    event_type: 'CBTSessionCreated',
    test_run: {
      uuid: '526e15e4-b2d8-4686-a148-5603ada4a29b',
      integrations: [Object]
    }
  }
] to 50353:0
2025-11-16T08:46:41.396Z CLI info  [sathishponnusamy_yQ8Y0R]  [qx6jaiwni8lveaetbfn8xb1lc8dhi3xwguuidlee]  [fe9eb77a-5923-4f14-926a-c561bc0da599]  [PRODUCTION] Making POST request to https://collector-observability.browserstack.com
2025-11-16T08:46:41.984Z CLI info [testhub:request-queue-handler]  [sathishponnusamy_yQ8Y0R]  [qx6jaiwni8lveaetbfn8xb1lc8dhi3xwguuidlee]  [fe9eb77a-5923-4f14-926a-c561bc0da599]  Added the event {
  event_type: 'CBTSessionCreated',
  test_run: {
    uuid: '526e15e4-b2d8-4686-a148-5603ada4a29b',
    integrations: { browserstack: [Object] }
  }
} to 50353:0
2025-11-16T08:46:43.397Z CLI info [testhub:request-queue-handler]  [sathishponnusamy_yQ8Y0R]  [qx6jaiwni8lveaetbfn8xb1lc8dhi3xwguuidlee]  [fe9eb77a-5923-4f14-926a-c561bc0da599]  Processing batch event [
  {
    event_type: 'CBTSessionCreated',
    test_run: {
      uuid: '526e15e4-b2d8-4686-a148-5603ada4a29b',
      integrations: [Object]
    }
  }
] to 50353:0
2025-11-16T08:46:43.398Z CLI info  [sathishponnusamy_yQ8Y0R]  [qx6jaiwni8lveaetbfn8xb1lc8dhi3xwguuidlee]  [fe9eb77a-5923-4f14-926a-c561bc0da599]  [PRODUCTION] Making POST request to https://collector-observability.browserstack.com
2025-11-16T08:46:43.455Z CLI info [testhub:request-queue-handler]  [sathishponnusamy_yQ8Y0R]  [qx6jaiwni8lveaetbfn8xb1lc8dhi3xwguuidlee]  [fe9eb77a-5923-4f14-926a-c561bc0da599]  Added the event {
  event_type: 'CBTSessionCreated',
  test_run: {
    uuid: '526e15e4-b2d8-4686-a148-5603ada4a29b',
    integrations: { browserstack: [Object] }
  }
} to 50353:0
2025-11-16T08:46:45.398Z CLI info [testhub:request-queue-handler]  [sathishponnusamy_yQ8Y0R]  [qx6jaiwni8lveaetbfn8xb1lc8dhi3xwguuidlee]  [fe9eb77a-5923-4f14-926a-c561bc0da599]  Processing batch event [
  {
    event_type: 'CBTSessionCreated',
    test_run: {
      uuid: '526e15e4-b2d8-4686-a148-5603ada4a29b',
      integrations: [Object]
    }
  }
] to 50353:0
2025-11-16T08:46:45.399Z CLI info  [sathishponnusamy_yQ8Y0R]  [qx6jaiwni8lveaetbfn8xb1lc8dhi3xwguuidlee]  [fe9eb77a-5923-4f14-926a-c561bc0da599]  [PRODUCTION] Making POST request to https://collector-observability.browserstack.com
2025-11-16T08:46:46.550Z CLI info [testhub:request-queue-handler]  [sathishponnusamy_yQ8Y0R]  [qx6jaiwni8lveaetbfn8xb1lc8dhi3xwguuidlee]  [fe9eb77a-5923-4f14-926a-c561bc0da599]  Added the event {
  event_type: 'TestRunFinished',
  test_run: {
    type: 'test',
    framework: 'Cucumber-TestNG',
    uuid: '526e15e4-b2d8-4686-a148-5603ada4a29b',
    name: 'Navigating to the forgotten password page',
    body: {
      lang: 'java',
      code: 'public void io.cucumber.testng.AbstractTestNGCucumberTests.runScenario(io.cucumber.testng.PickleWrapper,io.cucumber.testng.FeatureWrapper)'
    },
    identifier: 'Navigating to the forgotten password page',
    scope: 'Navigating to the forgotten password page',
    scopes: [ 'Login Functionality for OpenCart E-Commerce Website' ],
    file_name: 'SeleniumTestNG/src/test/resources/features/loginpage.feature',
    vc_filepath: 'SeleniumTestNG/src/test/resources/features/loginpage.feature',
    location: 'SeleniumTestNG/src/test/resources/features/loginpage.feature',
    meta: {
      data_provider_name: 'scenarios',
      feature: [Object],
      scenario: [Object],
      steps: [Array]
    },
    result: 'passed',
    duration_in_ms: 22050,
    started_at: '2025-11-16T08:46:24.491Z',
    finished_at: '2025-11-16T08:46:46.541Z',
    failure: null,
    failure_type: null,
    failure_reason: null,
    retry_of: null,
    custom_metadata: {},
    tags: [],
    customRerunParam: { rerun_name: 'SeleniumTestNG-0' },
    hooks: [],
    product_map: {
      observability: true,
      accessibility: false,
      percy: false,
      automate: true,
      app_automate: false
    }
  },
  logs: []
} to 50353:0
2025-11-16T08:46:46.573Z CLI info [testhub:request-queue-handler]  [sathishponnusamy_yQ8Y0R]  [qx6jaiwni8lveaetbfn8xb1lc8dhi3xwguuidlee]  [fe9eb77a-5923-4f14-926a-c561bc0da599]  Added the event {
  event_type: 'HookRunStarted',
  hook_run: {
    type: 'hook',
    hook_type: 'AFTER_CLASS',
    framework: 'Cucumber-TestNG',
    uuid: 'd9b3f67b-bf1e-4e9b-af5e-dbf0d400413a',
    name: 'tearDownClass',
    result: 'pending',
    test_run_id: '075dfe9c-b36a-4dfd-9345-a5414240094f',
    body: { lang: 'java', code: null },
    scope: 'Default Suite.runner.TestRunner',
    custom_metadata: {},
    tags: [],
    scopes: [ 'Default Suite', 'runner.TestRunner' ],
    file_name: 'SeleniumTestNG/src/test/java/runner/TestRunner.java',
    vc_filepath: 'SeleniumTestNG/src/test/java/runner/TestRunner.java',
    location: 'SeleniumTestNG/src/test/java/runner/TestRunner.java',
    started_at: '2025-11-16T08:46:46.569Z'
  },
  logs: []
} to 50353:0
2025-11-16T08:46:47.398Z CLI info [testhub:request-queue-handler]  [sathishponnusamy_yQ8Y0R]  [qx6jaiwni8lveaetbfn8xb1lc8dhi3xwguuidlee]  [fe9eb77a-5923-4f14-926a-c561bc0da599]  Processing batch event [
  {
    event_type: 'TestRunFinished',
    test_run: {
      type: 'test',
      framework: 'Cucumber-TestNG',
      uuid: '526e15e4-b2d8-4686-a148-5603ada4a29b',
      name: 'Navigating to the forgotten password page',
      body: [Object],
      identifier: 'Navigating to the forgotten password page',
      scope: 'Navigating to the forgotten password page',
      scopes: [Array],
      file_name: 'SeleniumTestNG/src/test/resources/features/loginpage.feature',
      vc_filepath: 'SeleniumTestNG/src/test/resources/features/loginpage.feature',
      location: 'SeleniumTestNG/src/test/resources/features/loginpage.feature',
      meta: [Object],
      result: 'passed',
      duration_in_ms: 22050,
      started_at: '2025-11-16T08:46:24.491Z',
      finished_at: '2025-11-16T08:46:46.541Z',
      failure: null,
      failure_type: null,
      failure_reason: null,
      retry_of: null,
      custom_metadata: {},
      tags: [],
      customRerunParam: [Object],
      hooks: [],
      product_map: [Object]
    },
    logs: []
  },
  {
    event_type: 'HookRunStarted',
    hook_run: {
      type: 'hook',
      hook_type: 'AFTER_CLASS',
      framework: 'Cucumber-TestNG',
      uuid: 'd9b3f67b-bf1e-4e9b-af5e-dbf0d400413a',
      name: 'tearDownClass',
      result: 'pending',
      test_run_id: '075dfe9c-b36a-4dfd-9345-a5414240094f',
      body: [Object],
      scope: 'Default Suite.runner.TestRunner',
      custom_metadata: {},
      tags: [],
      scopes: [Array],
      file_name: 'SeleniumTestNG/src/test/java/runner/TestRunner.java',
      vc_filepath: 'SeleniumTestNG/src/test/java/runner/TestRunner.java',
      location: 'SeleniumTestNG/src/test/java/runner/TestRunner.java',
      started_at: '2025-11-16T08:46:46.569Z'
    },
    logs: []
  }
] to 50353:0
2025-11-16T08:46:47.398Z CLI info  [sathishponnusamy_yQ8Y0R]  [qx6jaiwni8lveaetbfn8xb1lc8dhi3xwguuidlee]  [fe9eb77a-5923-4f14-926a-c561bc0da599]  [PRODUCTION] Making POST request to https://collector-observability.browserstack.com
2025-11-16T08:46:47.548Z CLI info [testhub:request-queue-handler]  [sathishponnusamy_yQ8Y0R]  [qx6jaiwni8lveaetbfn8xb1lc8dhi3xwguuidlee]  [fe9eb77a-5923-4f14-926a-c561bc0da599]  Added the event {
  event_type: 'LogCreated',
  logs: [
    {
      testFrameworkName: 'Cucumber-TestNG',
      testFrameworkVersion: '7.11.0',
      testFrameworkState: 'LOG',
      timestamp: '2025-11-16T08:46:47.540Z',
      uuid: 'd9b3f67b-bf1e-4e9b-af5e-dbf0d400413a',
      kind: 'TEST_LOG',
      message: '"┌──────────────────────────────────────────────────────────────────────────┐\\n│ View your Cucumber Report at:                                            │\\n│ https://reports.cucumber.io/reports/a1b394e6-efbf-47ce-8b88-315880975c5f │\\n│                                                                          │\\n│ This report will self-destruct in 24h.                                   │\\n└──────────────────────────────────────────────────────────────────────────┘"',
      level: 'ERROR',
      test_run_uuid: 'd9b3f67b-bf1e-4e9b-af5e-dbf0d400413a'
    }
  ]
} to 50353:0
2025-11-16T08:46:47.568Z CLI info [testhub:request-queue-handler]  [sathishponnusamy_yQ8Y0R]  [qx6jaiwni8lveaetbfn8xb1lc8dhi3xwguuidlee]  [fe9eb77a-5923-4f14-926a-c561bc0da599]  Added the event {
  event_type: 'HookRunFinished',
  hook_run: {
    type: 'hook',
    hook_type: 'AFTER_CLASS',
    framework: 'Cucumber-TestNG',
    uuid: 'd9b3f67b-bf1e-4e9b-af5e-dbf0d400413a',
    name: 'tearDownClass',
    result: 'passed',
    test_run_id: '075dfe9c-b36a-4dfd-9345-a5414240094f',
    body: { lang: 'java', code: null },
    scope: 'Default Suite.runner.TestRunner',
    custom_metadata: {},
    tags: [],
    scopes: [ 'Default Suite', 'runner.TestRunner' ],
    file_name: 'SeleniumTestNG/src/test/java/runner/TestRunner.java',
    vc_filepath: 'SeleniumTestNG/src/test/java/runner/TestRunner.java',
    location: 'SeleniumTestNG/src/test/java/runner/TestRunner.java',
    started_at: '2025-11-16T08:46:46.569Z',
    finished_at: '2025-11-16T08:46:47.564Z'
  },
  logs: []
} to 50353:0
2025-11-16T08:46:49.399Z CLI info [testhub:request-queue-handler]  [sathishponnusamy_yQ8Y0R]  [qx6jaiwni8lveaetbfn8xb1lc8dhi3xwguuidlee]  [fe9eb77a-5923-4f14-926a-c561bc0da599]  Processing batch event [
  { event_type: 'LogCreated', logs: [ [Object] ] },
  {
    event_type: 'HookRunFinished',
    hook_run: {
      type: 'hook',
      hook_type: 'AFTER_CLASS',
      framework: 'Cucumber-TestNG',
      uuid: 'd9b3f67b-bf1e-4e9b-af5e-dbf0d400413a',
      name: 'tearDownClass',
      result: 'passed',
      test_run_id: '075dfe9c-b36a-4dfd-9345-a5414240094f',
      body: [Object],
      scope: 'Default Suite.runner.TestRunner',
      custom_metadata: {},
      tags: [],
      scopes: [Array],
      file_name: 'SeleniumTestNG/src/test/java/runner/TestRunner.java',
      vc_filepath: 'SeleniumTestNG/src/test/java/runner/TestRunner.java',
      location: 'SeleniumTestNG/src/test/java/runner/TestRunner.java',
      started_at: '2025-11-16T08:46:46.569Z',
      finished_at: '2025-11-16T08:46:47.564Z'
    },
    logs: []
  }
] to 50353:0
2025-11-16T08:46:49.403Z CLI info  [sathishponnusamy_yQ8Y0R]  [qx6jaiwni8lveaetbfn8xb1lc8dhi3xwguuidlee]  [fe9eb77a-5923-4f14-926a-c561bc0da599]  [PRODUCTION] Making POST request to https://collector-observability.browserstack.com
2025-11-16T08:48:18.122Z CLI info [main]  [sathishponnusamy_yQ8Y0R]  [qx6jaiwni8lveaetbfn8xb1lc8dhi3xwguuidlee]  [fe9eb77a-5923-4f14-926a-c561bc0da599]  Received graceful signal termination, performing cleanup
2025-11-16T08:48:18.124Z CLI info  [sathishponnusamy_yQ8Y0R]  [qx6jaiwni8lveaetbfn8xb1lc8dhi3xwguuidlee]  [fe9eb77a-5923-4f14-926a-c561bc0da599]  [PRODUCTION] Making PUT request to https://collector-observability.browserstack.com
2025-11-16T08:48:18.466Z CLI info  [sathishponnusamy_yQ8Y0R]  [qx6jaiwni8lveaetbfn8xb1lc8dhi3xwguuidlee]  [fe9eb77a-5923-4f14-926a-c561bc0da599]  [PRODUCTION] Making PUT request to https://collector-observability.browserstack.com
2025-11-16T08:48:18.467Z CLI info [testhub:module]  [sathishponnusamy_yQ8Y0R]  [qx6jaiwni8lveaetbfn8xb1lc8dhi3xwguuidlee]  [fe9eb77a-5923-4f14-926a-c561bc0da599]  stopBuild: qx6jaiwni8lveaetbfn8xb1lc8dhi3xwguuidlee request={"finished_at":"2025-11-16T08:48:18.123Z","finished_metadata":[],"custom_metadata":null} response={"data":""}
2025-11-16T08:48:18.740Z CLI error [core:http]  [sathishponnusamy_yQ8Y0R]  [qx6jaiwni8lveaetbfn8xb1lc8dhi3xwguuidlee]  [fe9eb77a-5923-4f14-926a-c561bc0da599]  Failed queued request: PUT api/v2/builds/qx6jaiwni8lveaetbfn8xb1lc8dhi3xwguuidlee/stop Response code 401 (Unauthorized)
2025-11-16T08:48:18.740Z CLI error [testhub:module]  [sathishponnusamy_yQ8Y0R]  [qx6jaiwni8lveaetbfn8xb1lc8dhi3xwguuidlee]  [fe9eb77a-5923-4f14-926a-c561bc0da599]  stopBuild: request={"finished_at":"2025-11-16T08:48:18.136Z","finished_metadata":[],"custom_metadata":{}} error=HTTPError: Response code 401 (Unauthorized)
    at _0x2bb04a.<anonymous> (/snapshot/browserstack-binary/cli/dist/index.js)
    at process.processTicksAndRejections (node:internal/process/task_queues:95:5)
2025-11-16T08:48:18.741Z CLI error  [sathishponnusamy_yQ8Y0R]  [qx6jaiwni8lveaetbfn8xb1lc8dhi3xwguuidlee]  [fe9eb77a-5923-4f14-926a-c561bc0da599]  error invoking callback for eventName: {"name":"HTTPError","code":"ERR_NON_2XX_3XX_RESPONSE","timings":{"start":1763282898469,"socket":1763282898476,"lookup":1763282898477,"connect":1763282898561,"secureConnect":1763282898650,"upload":1763282898651,"response":1763282898737,"end":1763282898737,"phases":{"wait":7,"dns":1,"tcp":84,"tls":89,"request":1,"firstByte":86,"download":0,"total":268}}}
2025-11-16T08:48:18.741Z CLI error  [sathishponnusamy_yQ8Y0R]  [qx6jaiwni8lveaetbfn8xb1lc8dhi3xwguuidlee]  [fe9eb77a-5923-4f14-926a-c561bc0da599]  HTTPError: Response code 401 (Unauthorized)
    at _0x2bb04a.<anonymous> (/snapshot/browserstack-binary/cli/dist/index.js)
    at process.processTicksAndRejections (node:internal/process/task_queues:95:5)
2025-11-16T08:48:18.744Z CLI info  [sathishponnusamy_yQ8Y0R]  [qx6jaiwni8lveaetbfn8xb1lc8dhi3xwguuidlee]  [fe9eb77a-5923-4f14-926a-c561bc0da599]  [PRODUCTION] Making POST request to https://api.browserstack.com
2025-11-16T08:48:18.748Z CLI info [TEST REPORTING AND ANALYTICS:module]  [sathishponnusamy_yQ8Y0R]  [qx6jaiwni8lveaetbfn8xb1lc8dhi3xwguuidlee]  [fe9eb77a-5923-4f14-926a-c561bc0da599]  Visit https://automation.browserstack.com/builds/qx6jaiwni8lveaetbfn8xb1lc8dhi3xwguuidlee to view build report, insights, and many more debugging information all at one place!
2025-11-16T08:53:18.277Z CLI info [main]     Server listening on port: 5400
2025-11-16T08:53:18.696Z CLI info     Config : {"userName":"sathishponnusamy_yQ8Y0R","accessKey":"yyxPBXzPZhsqhzuNmPGs","projectName":"SeleniumTestNG","buildName":"browserstack build","buildIdentifier":"#${BUILD_NUMBER}","platforms":[{"os":"OS X","osVersion":"Big Sur","browserName":"Chrome","browserVersion":"latest"},{"os":"Windows","osVersion":"10","browserName":"Edge","browserVersion":"latest"},{"deviceName":"Samsung Galaxy S22 Ultra","browserName":"chrome","osVersion":"12.0"}],"parallelsPerPlatform":1,"source":"java:intellij:2.0.0-IC","browserstackLocal":true,"debug":false,"networkLogs":false,"consoleLogs":"errors"}
2025-11-16T08:53:18.711Z CLI info [testhub:module]  [sathishponnusamy_yQ8Y0R]   [4a1a6ccb-de1a-49bb-bbbe-24e829038efb]  Starting testhub from 51371:0
2025-11-16T08:53:18.712Z CLI info  [sathishponnusamy_yQ8Y0R]   [4a1a6ccb-de1a-49bb-bbbe-24e829038efb]  [PRODUCTION] Making POST request to https://sdk.browserstack.com
2025-11-16T08:53:19.551Z CLI info [testhub:module]  [sathishponnusamy_yQ8Y0R]   [4a1a6ccb-de1a-49bb-bbbe-24e829038efb]  startBuild: response=f929nbbxlmvsmpvfn7uw9qp84hemaauaemifqtpz
2025-11-16T08:53:19.554Z CLI info  [sathishponnusamy_yQ8Y0R]  [f929nbbxlmvsmpvfn7uw9qp84hemaauaemifqtpz]  [4a1a6ccb-de1a-49bb-bbbe-24e829038efb]  [PRODUCTION] Making POST request to https://api.browserstack.com
2025-11-16T08:53:22.713Z CLI info  [sathishponnusamy_yQ8Y0R]  [f929nbbxlmvsmpvfn7uw9qp84hemaauaemifqtpz]  [4a1a6ccb-de1a-49bb-bbbe-24e829038efb]  [PRODUCTION] Making GET request to https://hub.browserstack.com
2025-11-16T08:53:22.813Z CLI info  [sathishponnusamy_yQ8Y0R]  [f929nbbxlmvsmpvfn7uw9qp84hemaauaemifqtpz]  [4a1a6ccb-de1a-49bb-bbbe-24e829038efb]  [PRODUCTION] Making GET request to https://hub-euw.browserstack.com
2025-11-16T08:53:22.894Z CLI info  [sathishponnusamy_yQ8Y0R]  [f929nbbxlmvsmpvfn7uw9qp84hemaauaemifqtpz]  [4a1a6ccb-de1a-49bb-bbbe-24e829038efb]  [PRODUCTION] Making GET request to https://hub-use.browserstack.com
2025-11-16T08:53:23.283Z CLI info  [sathishponnusamy_yQ8Y0R]  [f929nbbxlmvsmpvfn7uw9qp84hemaauaemifqtpz]  [4a1a6ccb-de1a-49bb-bbbe-24e829038efb]  [PRODUCTION] Making GET request to https://hub-aps.browserstack.com
2025-11-16T08:53:26.831Z CLI info [testhub:request-queue-handler]  [sathishponnusamy_yQ8Y0R]  [f929nbbxlmvsmpvfn7uw9qp84hemaauaemifqtpz]  [4a1a6ccb-de1a-49bb-bbbe-24e829038efb]  Added the event {
  event_type: 'HookRunStarted',
  hook_run: {
    type: 'hook',
    hook_type: 'BEFORE_CLASS',
    framework: 'Cucumber-TestNG',
    uuid: '9a5d2a72-c8b8-442d-a471-14fc3c8e8579',
    name: 'setUpClass',
    result: 'pending',
    test_run_id: 'f07fa6ba-253a-4e84-aaa8-8dbd61f1bd7c',
    body: { lang: 'java', code: null },
    scope: 'Default Suite.runner.TestRunner',
    custom_metadata: {},
    tags: [],
    scopes: [ 'Default Suite', 'runner.TestRunner' ],
    file_name: 'SeleniumTestNG/src/test/java/runner/TestRunner.java',
    vc_filepath: 'SeleniumTestNG/src/test/java/runner/TestRunner.java',
    location: 'SeleniumTestNG/src/test/java/runner/TestRunner.java',
    started_at: '2025-11-16T08:53:26.806Z'
  },
  logs: []
} to 51371:0
2025-11-16T08:53:26.833Z CLI info [testhub:request-queue-handler]  [sathishponnusamy_yQ8Y0R]  [f929nbbxlmvsmpvfn7uw9qp84hemaauaemifqtpz]  [4a1a6ccb-de1a-49bb-bbbe-24e829038efb]  Added the event {
  event_type: 'HookRunStarted',
  hook_run: {
    type: 'hook',
    hook_type: 'BEFORE_CLASS',
    framework: 'Cucumber-TestNG',
    uuid: 'd2395e46-5ca2-495c-ba12-3d70f5379d07',
    name: 'setUpClass',
    result: 'pending',
    test_run_id: 'bb11260d-fac1-43e5-b71d-7864d7ce4581',
    body: { lang: 'java', code: null },
    scope: 'Default Suite.runner.TestRunner',
    custom_metadata: {},
    tags: [],
    scopes: [ 'Default Suite', 'runner.TestRunner' ],
    file_name: 'SeleniumTestNG/src/test/java/runner/TestRunner.java',
    vc_filepath: 'SeleniumTestNG/src/test/java/runner/TestRunner.java',
    location: 'SeleniumTestNG/src/test/java/runner/TestRunner.java',
    started_at: '2025-11-16T08:53:26.806Z'
  },
  logs: []
} to 51371:0
2025-11-16T08:53:26.835Z CLI info [testhub:request-queue-handler]  [sathishponnusamy_yQ8Y0R]  [f929nbbxlmvsmpvfn7uw9qp84hemaauaemifqtpz]  [4a1a6ccb-de1a-49bb-bbbe-24e829038efb]  Added the event {
  event_type: 'HookRunStarted',
  hook_run: {
    type: 'hook',
    hook_type: 'BEFORE_CLASS',
    framework: 'Cucumber-TestNG',
    uuid: 'aa8a5597-ec8f-4d62-8b1e-c3dfa196b00e',
    name: 'setUpClass',
    result: 'pending',
    test_run_id: '653f6cc0-7cf4-4b2f-b9a7-24964c8e9665',
    body: { lang: 'java', code: null },
    scope: 'Default Suite.runner.TestRunner',
    custom_metadata: {},
    tags: [],
    scopes: [ 'Default Suite', 'runner.TestRunner' ],
    file_name: 'SeleniumTestNG/src/test/java/runner/TestRunner.java',
    vc_filepath: 'SeleniumTestNG/src/test/java/runner/TestRunner.java',
    location: 'SeleniumTestNG/src/test/java/runner/TestRunner.java',
    started_at: '2025-11-16T08:53:26.806Z'
  },
  logs: []
} to 51371:0
2025-11-16T08:53:27.555Z CLI info [testhub:request-queue-handler]  [sathishponnusamy_yQ8Y0R]  [f929nbbxlmvsmpvfn7uw9qp84hemaauaemifqtpz]  [4a1a6ccb-de1a-49bb-bbbe-24e829038efb]  Processing batch event [
  {
    event_type: 'HookRunStarted',
    hook_run: {
      type: 'hook',
      hook_type: 'BEFORE_CLASS',
      framework: 'Cucumber-TestNG',
      uuid: '9a5d2a72-c8b8-442d-a471-14fc3c8e8579',
      name: 'setUpClass',
      result: 'pending',
      test_run_id: 'f07fa6ba-253a-4e84-aaa8-8dbd61f1bd7c',
      body: [Object],
      scope: 'Default Suite.runner.TestRunner',
      custom_metadata: {},
      tags: [],
      scopes: [Array],
      file_name: 'SeleniumTestNG/src/test/java/runner/TestRunner.java',
      vc_filepath: 'SeleniumTestNG/src/test/java/runner/TestRunner.java',
      location: 'SeleniumTestNG/src/test/java/runner/TestRunner.java',
      started_at: '2025-11-16T08:53:26.806Z'
    },
    logs: []
  },
  {
    event_type: 'HookRunStarted',
    hook_run: {
      type: 'hook',
      hook_type: 'BEFORE_CLASS',
      framework: 'Cucumber-TestNG',
      uuid: 'd2395e46-5ca2-495c-ba12-3d70f5379d07',
      name: 'setUpClass',
      result: 'pending',
      test_run_id: 'bb11260d-fac1-43e5-b71d-7864d7ce4581',
      body: [Object],
      scope: 'Default Suite.runner.TestRunner',
      custom_metadata: {},
      tags: [],
      scopes: [Array],
      file_name: 'SeleniumTestNG/src/test/java/runner/TestRunner.java',
      vc_filepath: 'SeleniumTestNG/src/test/java/runner/TestRunner.java',
      location: 'SeleniumTestNG/src/test/java/runner/TestRunner.java',
      started_at: '2025-11-16T08:53:26.806Z'
    },
    logs: []
  },
  {
    event_type: 'HookRunStarted',
    hook_run: {
      type: 'hook',
      hook_type: 'BEFORE_CLASS',
      framework: 'Cucumber-TestNG',
      uuid: 'aa8a5597-ec8f-4d62-8b1e-c3dfa196b00e',
      name: 'setUpClass',
      result: 'pending',
      test_run_id: '653f6cc0-7cf4-4b2f-b9a7-24964c8e9665',
      body: [Object],
      scope: 'Default Suite.runner.TestRunner',
      custom_metadata: {},
      tags: [],
      scopes: [Array],
      file_name: 'SeleniumTestNG/src/test/java/runner/TestRunner.java',
      vc_filepath: 'SeleniumTestNG/src/test/java/runner/TestRunner.java',
      location: 'SeleniumTestNG/src/test/java/runner/TestRunner.java',
      started_at: '2025-11-16T08:53:26.806Z'
    },
    logs: []
  }
] to 51371:0
2025-11-16T08:53:27.556Z CLI info  [sathishponnusamy_yQ8Y0R]  [f929nbbxlmvsmpvfn7uw9qp84hemaauaemifqtpz]  [4a1a6ccb-de1a-49bb-bbbe-24e829038efb]  [PRODUCTION] Making POST request to https://collector-observability.browserstack.com
2025-11-16T08:53:28.180Z CLI info [testhub:request-queue-handler]  [sathishponnusamy_yQ8Y0R]  [f929nbbxlmvsmpvfn7uw9qp84hemaauaemifqtpz]  [4a1a6ccb-de1a-49bb-bbbe-24e829038efb]  Added the event {
  event_type: 'HookRunFinished',
  hook_run: {
    type: 'hook',
    hook_type: 'BEFORE_CLASS',
    framework: 'Cucumber-TestNG',
    uuid: 'aa8a5597-ec8f-4d62-8b1e-c3dfa196b00e',
    name: 'setUpClass',
    result: 'passed',
    test_run_id: '653f6cc0-7cf4-4b2f-b9a7-24964c8e9665',
    body: { lang: 'java', code: null },
    scope: 'Default Suite.runner.TestRunner',
    custom_metadata: {},
    tags: [],
    scopes: [ 'Default Suite', 'runner.TestRunner' ],
    file_name: 'SeleniumTestNG/src/test/java/runner/TestRunner.java',
    vc_filepath: 'SeleniumTestNG/src/test/java/runner/TestRunner.java',
    location: 'SeleniumTestNG/src/test/java/runner/TestRunner.java',
    started_at: '2025-11-16T08:53:26.806Z',
    finished_at: '2025-11-16T08:53:28.173Z'
  },
  logs: []
} to 51371:0
2025-11-16T08:53:28.181Z CLI info [testhub:request-queue-handler]  [sathishponnusamy_yQ8Y0R]  [f929nbbxlmvsmpvfn7uw9qp84hemaauaemifqtpz]  [4a1a6ccb-de1a-49bb-bbbe-24e829038efb]  Added the event {
  event_type: 'HookRunFinished',
  hook_run: {
    type: 'hook',
    hook_type: 'BEFORE_CLASS',
    framework: 'Cucumber-TestNG',
    uuid: '9a5d2a72-c8b8-442d-a471-14fc3c8e8579',
    name: 'setUpClass',
    result: 'passed',
    test_run_id: 'f07fa6ba-253a-4e84-aaa8-8dbd61f1bd7c',
    body: { lang: 'java', code: null },
    scope: 'Default Suite.runner.TestRunner',
    custom_metadata: {},
    tags: [],
    scopes: [ 'Default Suite', 'runner.TestRunner' ],
    file_name: 'SeleniumTestNG/src/test/java/runner/TestRunner.java',
    vc_filepath: 'SeleniumTestNG/src/test/java/runner/TestRunner.java',
    location: 'SeleniumTestNG/src/test/java/runner/TestRunner.java',
    started_at: '2025-11-16T08:53:26.806Z',
    finished_at: '2025-11-16T08:53:28.173Z'
  },
  logs: []
} to 51371:0
2025-11-16T08:53:28.182Z CLI info [testhub:request-queue-handler]  [sathishponnusamy_yQ8Y0R]  [f929nbbxlmvsmpvfn7uw9qp84hemaauaemifqtpz]  [4a1a6ccb-de1a-49bb-bbbe-24e829038efb]  Added the event {
  event_type: 'HookRunFinished',
  hook_run: {
    type: 'hook',
    hook_type: 'BEFORE_CLASS',
    framework: 'Cucumber-TestNG',
    uuid: 'd2395e46-5ca2-495c-ba12-3d70f5379d07',
    name: 'setUpClass',
    result: 'passed',
    test_run_id: 'bb11260d-fac1-43e5-b71d-7864d7ce4581',
    body: { lang: 'java', code: null },
    scope: 'Default Suite.runner.TestRunner',
    custom_metadata: {},
    tags: [],
    scopes: [ 'Default Suite', 'runner.TestRunner' ],
    file_name: 'SeleniumTestNG/src/test/java/runner/TestRunner.java',
    vc_filepath: 'SeleniumTestNG/src/test/java/runner/TestRunner.java',
    location: 'SeleniumTestNG/src/test/java/runner/TestRunner.java',
    started_at: '2025-11-16T08:53:26.806Z',
    finished_at: '2025-11-16T08:53:28.173Z'
  },
  logs: []
} to 51371:0
2025-11-16T08:53:28.616Z CLI info [testhub:request-queue-handler]  [sathishponnusamy_yQ8Y0R]  [f929nbbxlmvsmpvfn7uw9qp84hemaauaemifqtpz]  [4a1a6ccb-de1a-49bb-bbbe-24e829038efb]  Added the event {
  event_type: 'TestRunStarted',
  test_run: {
    type: 'test',
    framework: 'Cucumber-TestNG',
    uuid: 'd639f54e-e13d-485f-a5cc-784938b31cf5',
    name: 'Successful login with valid credentials',
    body: {
      lang: 'java',
      code: 'public void io.cucumber.testng.AbstractTestNGCucumberTests.runScenario(io.cucumber.testng.PickleWrapper,io.cucumber.testng.FeatureWrapper)'
    },
    identifier: 'Successful login with valid credentials',
    scope: 'Successful login with valid credentials',
    scopes: [ 'Login Functionality for OpenCart E-Commerce Website' ],
    file_name: 'SeleniumTestNG/src/test/resources/features/loginpage.feature',
    vc_filepath: 'SeleniumTestNG/src/test/resources/features/loginpage.feature',
    location: 'SeleniumTestNG/src/test/resources/features/loginpage.feature',
    meta: {
      data_provider_name: 'scenarios',
      feature: [Object],
      scenario: [Object]
    },
    result: 'pending',
    duration_in_ms: null,
    started_at: '2025-11-16T08:53:28.219Z',
    failure: undefined,
    failure_type: undefined,
    failure_reason: undefined,
    retry_of: null,
    custom_metadata: {},
    tags: [],
    customRerunParam: { rerun_name: 'SeleniumTestNG-2' },
    hooks: [],
    product_map: {
      observability: true,
      accessibility: false,
      percy: false,
      automate: true,
      app_automate: false
    }
  },
  logs: []
} to 51371:0
2025-11-16T08:53:28.620Z CLI info [testhub:request-queue-handler]  [sathishponnusamy_yQ8Y0R]  [f929nbbxlmvsmpvfn7uw9qp84hemaauaemifqtpz]  [4a1a6ccb-de1a-49bb-bbbe-24e829038efb]  Added the event {
  event_type: 'TestRunStarted',
  test_run: {
    type: 'test',
    framework: 'Cucumber-TestNG',
    uuid: '389e2ab3-b3cb-4f1f-b6b2-076b39b11f72',
    name: 'Successful login with valid credentials',
    body: {
      lang: 'java',
      code: 'public void io.cucumber.testng.AbstractTestNGCucumberTests.runScenario(io.cucumber.testng.PickleWrapper,io.cucumber.testng.FeatureWrapper)'
    },
    identifier: 'Successful login with valid credentials',
    scope: 'Successful login with valid credentials',
    scopes: [ 'Login Functionality for OpenCart E-Commerce Website' ],
    file_name: 'SeleniumTestNG/src/test/resources/features/loginpage.feature',
    vc_filepath: 'SeleniumTestNG/src/test/resources/features/loginpage.feature',
    location: 'SeleniumTestNG/src/test/resources/features/loginpage.feature',
    meta: {
      data_provider_name: 'scenarios',
      feature: [Object],
      scenario: [Object]
    },
    result: 'pending',
    duration_in_ms: null,
    started_at: '2025-11-16T08:53:28.219Z',
    failure: undefined,
    failure_type: undefined,
    failure_reason: undefined,
    retry_of: null,
    custom_metadata: {},
    tags: [],
    customRerunParam: { rerun_name: 'SeleniumTestNG-0' },
    hooks: [],
    product_map: {
      observability: true,
      accessibility: false,
      percy: false,
      automate: true,
      app_automate: false
    }
  },
  logs: []
} to 51371:0
2025-11-16T08:53:28.622Z CLI info [testhub:request-queue-handler]  [sathishponnusamy_yQ8Y0R]  [f929nbbxlmvsmpvfn7uw9qp84hemaauaemifqtpz]  [4a1a6ccb-de1a-49bb-bbbe-24e829038efb]  Added the event {
  event_type: 'TestRunStarted',
  test_run: {
    type: 'test',
    framework: 'Cucumber-TestNG',
    uuid: '889b0932-87fd-4a21-b758-f210e4d4593b',
    name: 'Successful login with valid credentials',
    body: {
      lang: 'java',
      code: 'public void io.cucumber.testng.AbstractTestNGCucumberTests.runScenario(io.cucumber.testng.PickleWrapper,io.cucumber.testng.FeatureWrapper)'
    },
    identifier: 'Successful login with valid credentials',
    scope: 'Successful login with valid credentials',
    scopes: [ 'Login Functionality for OpenCart E-Commerce Website' ],
    file_name: 'SeleniumTestNG/src/test/resources/features/loginpage.feature',
    vc_filepath: 'SeleniumTestNG/src/test/resources/features/loginpage.feature',
    location: 'SeleniumTestNG/src/test/resources/features/loginpage.feature',
    meta: {
      data_provider_name: 'scenarios',
      feature: [Object],
      scenario: [Object]
    },
    result: 'pending',
    duration_in_ms: null,
    started_at: '2025-11-16T08:53:28.219Z',
    failure: undefined,
    failure_type: undefined,
    failure_reason: undefined,
    retry_of: null,
    custom_metadata: {},
    tags: [],
    customRerunParam: { rerun_name: 'SeleniumTestNG-1' },
    hooks: [],
    product_map: {
      observability: true,
      accessibility: false,
      percy: false,
      automate: true,
      app_automate: false
    }
  },
  logs: []
} to 51371:0
2025-11-16T08:53:29.556Z CLI info [testhub:request-queue-handler]  [sathishponnusamy_yQ8Y0R]  [f929nbbxlmvsmpvfn7uw9qp84hemaauaemifqtpz]  [4a1a6ccb-de1a-49bb-bbbe-24e829038efb]  Processing batch event [
  {
    event_type: 'HookRunFinished',
    hook_run: {
      type: 'hook',
      hook_type: 'BEFORE_CLASS',
      framework: 'Cucumber-TestNG',
      uuid: 'aa8a5597-ec8f-4d62-8b1e-c3dfa196b00e',
      name: 'setUpClass',
      result: 'passed',
      test_run_id: '653f6cc0-7cf4-4b2f-b9a7-24964c8e9665',
      body: [Object],
      scope: 'Default Suite.runner.TestRunner',
      custom_metadata: {},
      tags: [],
      scopes: [Array],
      file_name: 'SeleniumTestNG/src/test/java/runner/TestRunner.java',
      vc_filepath: 'SeleniumTestNG/src/test/java/runner/TestRunner.java',
      location: 'SeleniumTestNG/src/test/java/runner/TestRunner.java',
      started_at: '2025-11-16T08:53:26.806Z',
      finished_at: '2025-11-16T08:53:28.173Z'
    },
    logs: []
  },
  {
    event_type: 'HookRunFinished',
    hook_run: {
      type: 'hook',
      hook_type: 'BEFORE_CLASS',
      framework: 'Cucumber-TestNG',
      uuid: '9a5d2a72-c8b8-442d-a471-14fc3c8e8579',
      name: 'setUpClass',
      result: 'passed',
      test_run_id: 'f07fa6ba-253a-4e84-aaa8-8dbd61f1bd7c',
      body: [Object],
      scope: 'Default Suite.runner.TestRunner',
      custom_metadata: {},
      tags: [],
      scopes: [Array],
      file_name: 'SeleniumTestNG/src/test/java/runner/TestRunner.java',
      vc_filepath: 'SeleniumTestNG/src/test/java/runner/TestRunner.java',
      location: 'SeleniumTestNG/src/test/java/runner/TestRunner.java',
      started_at: '2025-11-16T08:53:26.806Z',
      finished_at: '2025-11-16T08:53:28.173Z'
    },
    logs: []
  },
  {
    event_type: 'HookRunFinished',
    hook_run: {
      type: 'hook',
      hook_type: 'BEFORE_CLASS',
      framework: 'Cucumber-TestNG',
      uuid: 'd2395e46-5ca2-495c-ba12-3d70f5379d07',
      name: 'setUpClass',
      result: 'passed',
      test_run_id: 'bb11260d-fac1-43e5-b71d-7864d7ce4581',
      body: [Object],
      scope: 'Default Suite.runner.TestRunner',
      custom_metadata: {},
      tags: [],
      scopes: [Array],
      file_name: 'SeleniumTestNG/src/test/java/runner/TestRunner.java',
      vc_filepath: 'SeleniumTestNG/src/test/java/runner/TestRunner.java',
      location: 'SeleniumTestNG/src/test/java/runner/TestRunner.java',
      started_at: '2025-11-16T08:53:26.806Z',
      finished_at: '2025-11-16T08:53:28.173Z'
    },
    logs: []
  },
  {
    event_type: 'TestRunStarted',
    test_run: {
      type: 'test',
      framework: 'Cucumber-TestNG',
      uuid: 'd639f54e-e13d-485f-a5cc-784938b31cf5',
      name: 'Successful login with valid credentials',
      body: [Object],
      identifier: 'Successful login with valid credentials',
      scope: 'Successful login with valid credentials',
      scopes: [Array],
      file_name: 'SeleniumTestNG/src/test/resources/features/loginpage.feature',
      vc_filepath: 'SeleniumTestNG/src/test/resources/features/loginpage.feature',
      location: 'SeleniumTestNG/src/test/resources/features/loginpage.feature',
      meta: [Object],
      result: 'pending',
      duration_in_ms: null,
      started_at: '2025-11-16T08:53:28.219Z',
      failure: undefined,
      failure_type: undefined,
      failure_reason: undefined,
      retry_of: null,
      custom_metadata: {},
      tags: [],
      customRerunParam: [Object],
      hooks: [],
      product_map: [Object]
    },
    logs: []
  },
  {
    event_type: 'TestRunStarted',
    test_run: {
      type: 'test',
      framework: 'Cucumber-TestNG',
      uuid: '389e2ab3-b3cb-4f1f-b6b2-076b39b11f72',
      name: 'Successful login with valid credentials',
      body: [Object],
      identifier: 'Successful login with valid credentials',
      scope: 'Successful login with valid credentials',
      scopes: [Array],
      file_name: 'SeleniumTestNG/src/test/resources/features/loginpage.feature',
      vc_filepath: 'SeleniumTestNG/src/test/resources/features/loginpage.feature',
      location: 'SeleniumTestNG/src/test/resources/features/loginpage.feature',
      meta: [Object],
      result: 'pending',
      duration_in_ms: null,
      started_at: '2025-11-16T08:53:28.219Z',
      failure: undefined,
      failure_type: undefined,
      failure_reason: undefined,
      retry_of: null,
      custom_metadata: {},
      tags: [],
      customRerunParam: [Object],
      hooks: [],
      product_map: [Object]
    },
    logs: []
  },
  {
    event_type: 'TestRunStarted',
    test_run: {
      type: 'test',
      framework: 'Cucumber-TestNG',
      uuid: '889b0932-87fd-4a21-b758-f210e4d4593b',
      name: 'Successful login with valid credentials',
      body: [Object],
      identifier: 'Successful login with valid credentials',
      scope: 'Successful login with valid credentials',
      scopes: [Array],
      file_name: 'SeleniumTestNG/src/test/resources/features/loginpage.feature',
      vc_filepath: 'SeleniumTestNG/src/test/resources/features/loginpage.feature',
      location: 'SeleniumTestNG/src/test/resources/features/loginpage.feature',
      meta: [Object],
      result: 'pending',
      duration_in_ms: null,
      started_at: '2025-11-16T08:53:28.219Z',
      failure: undefined,
      failure_type: undefined,
      failure_reason: undefined,
      retry_of: null,
      custom_metadata: {},
      tags: [],
      customRerunParam: [Object],
      hooks: [],
      product_map: [Object]
    },
    logs: []
  }
] to 51371:0
2025-11-16T08:53:29.557Z CLI info  [sathishponnusamy_yQ8Y0R]  [f929nbbxlmvsmpvfn7uw9qp84hemaauaemifqtpz]  [4a1a6ccb-de1a-49bb-bbbe-24e829038efb]  [PRODUCTION] Making POST request to https://collector-observability.browserstack.com
2025-11-16T08:53:30.036Z CLI info [sdk:service]  [sathishponnusamy_yQ8Y0R]  [f929nbbxlmvsmpvfn7uw9qp84hemaauaemifqtpz]  [4a1a6ccb-de1a-49bb-bbbe-24e829038efb]  Driver initialized as primary driver: platformIndex=0
2025-11-16T08:53:30.038Z CLI info [sdk:service]  [sathishponnusamy_yQ8Y0R]  [f929nbbxlmvsmpvfn7uw9qp84hemaauaemifqtpz]  [4a1a6ccb-de1a-49bb-bbbe-24e829038efb]  Driver initialized as primary driver: platformIndex=1
2025-11-16T08:53:30.039Z CLI info [sdk:service]  [sathishponnusamy_yQ8Y0R]  [f929nbbxlmvsmpvfn7uw9qp84hemaauaemifqtpz]  [4a1a6ccb-de1a-49bb-bbbe-24e829038efb]  Driver initialized as primary driver: platformIndex=2
2025-11-16T08:53:37.650Z CLI info [testhub:request-queue-handler]  [sathishponnusamy_yQ8Y0R]  [f929nbbxlmvsmpvfn7uw9qp84hemaauaemifqtpz]  [4a1a6ccb-de1a-49bb-bbbe-24e829038efb]  Added the event {
  event_type: 'CBTSessionCreated',
  test_run: {
    uuid: '389e2ab3-b3cb-4f1f-b6b2-076b39b11f72',
    integrations: { browserstack: [Object] }
  }
} to 51371:0
2025-11-16T08:53:39.560Z CLI info [testhub:request-queue-handler]  [sathishponnusamy_yQ8Y0R]  [f929nbbxlmvsmpvfn7uw9qp84hemaauaemifqtpz]  [4a1a6ccb-de1a-49bb-bbbe-24e829038efb]  Processing batch event [
  {
    event_type: 'CBTSessionCreated',
    test_run: {
      uuid: '389e2ab3-b3cb-4f1f-b6b2-076b39b11f72',
      integrations: [Object]
    }
  }
] to 51371:0
2025-11-16T08:53:39.562Z CLI info  [sathishponnusamy_yQ8Y0R]  [f929nbbxlmvsmpvfn7uw9qp84hemaauaemifqtpz]  [4a1a6ccb-de1a-49bb-bbbe-24e829038efb]  [PRODUCTION] Making POST request to https://collector-observability.browserstack.com
2025-11-16T08:53:41.662Z CLI info [testhub:request-queue-handler]  [sathishponnusamy_yQ8Y0R]  [f929nbbxlmvsmpvfn7uw9qp84hemaauaemifqtpz]  [4a1a6ccb-de1a-49bb-bbbe-24e829038efb]  Added the event {
  event_type: 'CBTSessionCreated',
  test_run: {
    uuid: '889b0932-87fd-4a21-b758-f210e4d4593b',
    integrations: { browserstack: [Object] }
  }
} to 51371:0
2025-11-16T08:53:43.344Z CLI info [testhub:request-queue-handler]  [sathishponnusamy_yQ8Y0R]  [f929nbbxlmvsmpvfn7uw9qp84hemaauaemifqtpz]  [4a1a6ccb-de1a-49bb-bbbe-24e829038efb]  Added the event {
  event_type: 'CBTSessionCreated',
  test_run: {
    uuid: '389e2ab3-b3cb-4f1f-b6b2-076b39b11f72',
    integrations: { browserstack: [Object] }
  }
} to 51371:0
2025-11-16T08:53:43.562Z CLI info [testhub:request-queue-handler]  [sathishponnusamy_yQ8Y0R]  [f929nbbxlmvsmpvfn7uw9qp84hemaauaemifqtpz]  [4a1a6ccb-de1a-49bb-bbbe-24e829038efb]  Processing batch event [
  {
    event_type: 'CBTSessionCreated',
    test_run: {
      uuid: '889b0932-87fd-4a21-b758-f210e4d4593b',
      integrations: [Object]
    }
  },
  {
    event_type: 'CBTSessionCreated',
    test_run: {
      uuid: '389e2ab3-b3cb-4f1f-b6b2-076b39b11f72',
      integrations: [Object]
    }
  }
] to 51371:0
2025-11-16T08:53:43.563Z CLI info  [sathishponnusamy_yQ8Y0R]  [f929nbbxlmvsmpvfn7uw9qp84hemaauaemifqtpz]  [4a1a6ccb-de1a-49bb-bbbe-24e829038efb]  [PRODUCTION] Making POST request to https://collector-observability.browserstack.com
2025-11-16T08:53:45.571Z CLI info [testhub:request-queue-handler]  [sathishponnusamy_yQ8Y0R]  [f929nbbxlmvsmpvfn7uw9qp84hemaauaemifqtpz]  [4a1a6ccb-de1a-49bb-bbbe-24e829038efb]  Added the event {
  event_type: 'CBTSessionCreated',
  test_run: {
    uuid: '889b0932-87fd-4a21-b758-f210e4d4593b',
    integrations: { browserstack: [Object] }
  }
} to 51371:0
2025-11-16T08:53:46.117Z CLI info [testhub:request-queue-handler]  [sathishponnusamy_yQ8Y0R]  [f929nbbxlmvsmpvfn7uw9qp84hemaauaemifqtpz]  [4a1a6ccb-de1a-49bb-bbbe-24e829038efb]  Added the event {
  event_type: 'CBTSessionCreated',
  test_run: {
    uuid: '389e2ab3-b3cb-4f1f-b6b2-076b39b11f72',
    integrations: { browserstack: [Object] }
  }
} to 51371:0
2025-11-16T08:53:47.563Z CLI info [testhub:request-queue-handler]  [sathishponnusamy_yQ8Y0R]  [f929nbbxlmvsmpvfn7uw9qp84hemaauaemifqtpz]  [4a1a6ccb-de1a-49bb-bbbe-24e829038efb]  Processing batch event [
  {
    event_type: 'CBTSessionCreated',
    test_run: {
      uuid: '889b0932-87fd-4a21-b758-f210e4d4593b',
      integrations: [Object]
    }
  },
  {
    event_type: 'CBTSessionCreated',
    test_run: {
      uuid: '389e2ab3-b3cb-4f1f-b6b2-076b39b11f72',
      integrations: [Object]
    }
  }
] to 51371:0
2025-11-16T08:53:47.567Z CLI info  [sathishponnusamy_yQ8Y0R]  [f929nbbxlmvsmpvfn7uw9qp84hemaauaemifqtpz]  [4a1a6ccb-de1a-49bb-bbbe-24e829038efb]  [PRODUCTION] Making POST request to https://collector-observability.browserstack.com
2025-11-16T08:53:48.959Z CLI info [testhub:request-queue-handler]  [sathishponnusamy_yQ8Y0R]  [f929nbbxlmvsmpvfn7uw9qp84hemaauaemifqtpz]  [4a1a6ccb-de1a-49bb-bbbe-24e829038efb]  Added the event {
  event_type: 'CBTSessionCreated',
  test_run: {
    uuid: '889b0932-87fd-4a21-b758-f210e4d4593b',
    integrations: { browserstack: [Object] }
  }
} to 51371:0
2025-11-16T08:53:49.565Z CLI info [testhub:request-queue-handler]  [sathishponnusamy_yQ8Y0R]  [f929nbbxlmvsmpvfn7uw9qp84hemaauaemifqtpz]  [4a1a6ccb-de1a-49bb-bbbe-24e829038efb]  Processing batch event [
  {
    event_type: 'CBTSessionCreated',
    test_run: {
      uuid: '889b0932-87fd-4a21-b758-f210e4d4593b',
      integrations: [Object]
    }
  }
] to 51371:0
2025-11-16T08:53:49.566Z CLI info  [sathishponnusamy_yQ8Y0R]  [f929nbbxlmvsmpvfn7uw9qp84hemaauaemifqtpz]  [4a1a6ccb-de1a-49bb-bbbe-24e829038efb]  [PRODUCTION] Making POST request to https://collector-observability.browserstack.com
2025-11-16T08:53:50.241Z CLI info [testhub:request-queue-handler]  [sathishponnusamy_yQ8Y0R]  [f929nbbxlmvsmpvfn7uw9qp84hemaauaemifqtpz]  [4a1a6ccb-de1a-49bb-bbbe-24e829038efb]  Added the event {
  event_type: 'CBTSessionCreated',
  test_run: {
    uuid: '389e2ab3-b3cb-4f1f-b6b2-076b39b11f72',
    integrations: { browserstack: [Object] }
  }
} to 51371:0
2025-11-16T08:53:51.566Z CLI info [testhub:request-queue-handler]  [sathishponnusamy_yQ8Y0R]  [f929nbbxlmvsmpvfn7uw9qp84hemaauaemifqtpz]  [4a1a6ccb-de1a-49bb-bbbe-24e829038efb]  Processing batch event [
  {
    event_type: 'CBTSessionCreated',
    test_run: {
      uuid: '389e2ab3-b3cb-4f1f-b6b2-076b39b11f72',
      integrations: [Object]
    }
  }
] to 51371:0
2025-11-16T08:53:51.568Z CLI info  [sathishponnusamy_yQ8Y0R]  [f929nbbxlmvsmpvfn7uw9qp84hemaauaemifqtpz]  [4a1a6ccb-de1a-49bb-bbbe-24e829038efb]  [PRODUCTION] Making POST request to https://collector-observability.browserstack.com
2025-11-16T08:53:51.876Z CLI info [testhub:request-queue-handler]  [sathishponnusamy_yQ8Y0R]  [f929nbbxlmvsmpvfn7uw9qp84hemaauaemifqtpz]  [4a1a6ccb-de1a-49bb-bbbe-24e829038efb]  Added the event {
  event_type: 'CBTSessionCreated',
  test_run: {
    uuid: '389e2ab3-b3cb-4f1f-b6b2-076b39b11f72',
    integrations: { browserstack: [Object] }
  }
} to 51371:0
2025-11-16T08:53:51.991Z CLI info [testhub:request-queue-handler]  [sathishponnusamy_yQ8Y0R]  [f929nbbxlmvsmpvfn7uw9qp84hemaauaemifqtpz]  [4a1a6ccb-de1a-49bb-bbbe-24e829038efb]  Added the event {
  event_type: 'CBTSessionCreated',
  test_run: {
    uuid: '889b0932-87fd-4a21-b758-f210e4d4593b',
    integrations: { browserstack: [Object] }
  }
} to 51371:0
2025-11-16T08:53:53.245Z CLI info [testhub:request-queue-handler]  [sathishponnusamy_yQ8Y0R]  [f929nbbxlmvsmpvfn7uw9qp84hemaauaemifqtpz]  [4a1a6ccb-de1a-49bb-bbbe-24e829038efb]  Added the event {
  event_type: 'CBTSessionCreated',
  test_run: {
    uuid: '889b0932-87fd-4a21-b758-f210e4d4593b',
    integrations: { browserstack: [Object] }
  }
} to 51371:0
2025-11-16T08:53:53.566Z CLI info [testhub:request-queue-handler]  [sathishponnusamy_yQ8Y0R]  [f929nbbxlmvsmpvfn7uw9qp84hemaauaemifqtpz]  [4a1a6ccb-de1a-49bb-bbbe-24e829038efb]  Processing batch event [
  {
    event_type: 'CBTSessionCreated',
    test_run: {
      uuid: '389e2ab3-b3cb-4f1f-b6b2-076b39b11f72',
      integrations: [Object]
    }
  },
  {
    event_type: 'CBTSessionCreated',
    test_run: {
      uuid: '889b0932-87fd-4a21-b758-f210e4d4593b',
      integrations: [Object]
    }
  },
  {
    event_type: 'CBTSessionCreated',
    test_run: {
      uuid: '889b0932-87fd-4a21-b758-f210e4d4593b',
      integrations: [Object]
    }
  }
] to 51371:0
2025-11-16T08:53:53.567Z CLI info  [sathishponnusamy_yQ8Y0R]  [f929nbbxlmvsmpvfn7uw9qp84hemaauaemifqtpz]  [4a1a6ccb-de1a-49bb-bbbe-24e829038efb]  [PRODUCTION] Making POST request to https://collector-observability.browserstack.com
2025-11-16T08:53:54.875Z CLI info [testhub:request-queue-handler]  [sathishponnusamy_yQ8Y0R]  [f929nbbxlmvsmpvfn7uw9qp84hemaauaemifqtpz]  [4a1a6ccb-de1a-49bb-bbbe-24e829038efb]  Added the event {
  event_type: 'CBTSessionCreated',
  test_run: {
    uuid: 'd639f54e-e13d-485f-a5cc-784938b31cf5',
    integrations: { browserstack: [Object] }
  }
} to 51371:0
2025-11-16T08:53:54.919Z CLI info [testhub:request-queue-handler]  [sathishponnusamy_yQ8Y0R]  [f929nbbxlmvsmpvfn7uw9qp84hemaauaemifqtpz]  [4a1a6ccb-de1a-49bb-bbbe-24e829038efb]  Added the event {
  event_type: 'TestRunFinished',
  test_run: {
    type: 'test',
    framework: 'Cucumber-TestNG',
    uuid: '389e2ab3-b3cb-4f1f-b6b2-076b39b11f72',
    name: 'Successful login with valid credentials',
    body: {
      lang: 'java',
      code: 'public void io.cucumber.testng.AbstractTestNGCucumberTests.runScenario(io.cucumber.testng.PickleWrapper,io.cucumber.testng.FeatureWrapper)'
    },
    identifier: 'Successful login with valid credentials',
    scope: 'Successful login with valid credentials',
    scopes: [ 'Login Functionality for OpenCart E-Commerce Website' ],
    file_name: 'SeleniumTestNG/src/test/resources/features/loginpage.feature',
    vc_filepath: 'SeleniumTestNG/src/test/resources/features/loginpage.feature',
    location: 'SeleniumTestNG/src/test/resources/features/loginpage.feature',
    meta: {
      data_provider_name: 'scenarios',
      feature: [Object],
      scenario: [Object],
      steps: [Array]
    },
    result: 'passed',
    duration_in_ms: 26695,
    started_at: '2025-11-16T08:53:28.219Z',
    finished_at: '2025-11-16T08:53:54.914Z',
    failure: null,
    failure_type: null,
    failure_reason: null,
    retry_of: null,
    custom_metadata: {},
    tags: [],
    customRerunParam: { rerun_name: 'SeleniumTestNG-0' },
    hooks: [ 'aa8a5597-ec8f-4d62-8b1e-c3dfa196b00e' ],
    product_map: {
      observability: true,
      accessibility: false,
      percy: false,
      automate: true,
      app_automate: false
    }
  },
  logs: []
} to 51371:0
2025-11-16T08:53:54.944Z CLI info [testhub:request-queue-handler]  [sathishponnusamy_yQ8Y0R]  [f929nbbxlmvsmpvfn7uw9qp84hemaauaemifqtpz]  [4a1a6ccb-de1a-49bb-bbbe-24e829038efb]  Added the event {
  event_type: 'CBTSessionCreated',
  test_run: {
    uuid: 'e243b145-b340-495d-b8a6-59466ba8de97',
    integrations: { browserstack: [Object] }
  }
} to 51371:0
2025-11-16T08:53:55.230Z CLI info [testhub:request-queue-handler]  [sathishponnusamy_yQ8Y0R]  [f929nbbxlmvsmpvfn7uw9qp84hemaauaemifqtpz]  [4a1a6ccb-de1a-49bb-bbbe-24e829038efb]  Added the event {
  event_type: 'TestRunStarted',
  test_run: {
    type: 'test',
    framework: 'Cucumber-TestNG',
    uuid: 'e243b145-b340-495d-b8a6-59466ba8de97',
    name: 'Unsuccessful login with invalid or empty credentials',
    body: {
      lang: 'java',
      code: 'public void io.cucumber.testng.AbstractTestNGCucumberTests.runScenario(io.cucumber.testng.PickleWrapper,io.cucumber.testng.FeatureWrapper)'
    },
    identifier: 'Unsuccessful login with invalid or empty credentials',
    scope: 'Unsuccessful login with invalid or empty credentials',
    scopes: [ 'Login Functionality for OpenCart E-Commerce Website' ],
    file_name: 'SeleniumTestNG/src/test/resources/features/loginpage.feature',
    vc_filepath: 'SeleniumTestNG/src/test/resources/features/loginpage.feature',
    location: 'SeleniumTestNG/src/test/resources/features/loginpage.feature',
    meta: {
      data_provider_name: 'scenarios',
      feature: [Object],
      scenario: [Object],
      examples: [Array]
    },
    result: 'passed',
    duration_in_ms: null,
    started_at: '2025-11-16T08:53:54.940Z',
    finished_at: '2025-11-16T08:53:54.914Z',
    failure: null,
    failure_type: null,
    failure_reason: null,
    retry_of: null,
    custom_metadata: {},
    tags: [],
    customRerunParam: { rerun_name: 'SeleniumTestNG-0' },
    hooks: [],
    product_map: {
      observability: true,
      accessibility: false,
      percy: false,
      automate: true,
      app_automate: false
    }
  },
  logs: []
} to 51371:0
2025-11-16T08:53:55.240Z CLI info [testhub:request-queue-handler]  [sathishponnusamy_yQ8Y0R]  [f929nbbxlmvsmpvfn7uw9qp84hemaauaemifqtpz]  [4a1a6ccb-de1a-49bb-bbbe-24e829038efb]  Added the event {
  event_type: 'CBTSessionCreated',
  test_run: {
    uuid: 'e243b145-b340-495d-b8a6-59466ba8de97',
    integrations: { browserstack: [Object] }
  }
} to 51371:0
2025-11-16T08:53:55.567Z CLI info [testhub:request-queue-handler]  [sathishponnusamy_yQ8Y0R]  [f929nbbxlmvsmpvfn7uw9qp84hemaauaemifqtpz]  [4a1a6ccb-de1a-49bb-bbbe-24e829038efb]  Processing batch event [
  {
    event_type: 'CBTSessionCreated',
    test_run: {
      uuid: 'd639f54e-e13d-485f-a5cc-784938b31cf5',
      integrations: [Object]
    }
  },
  {
    event_type: 'TestRunFinished',
    test_run: {
      type: 'test',
      framework: 'Cucumber-TestNG',
      uuid: '389e2ab3-b3cb-4f1f-b6b2-076b39b11f72',
      name: 'Successful login with valid credentials',
      body: [Object],
      identifier: 'Successful login with valid credentials',
      scope: 'Successful login with valid credentials',
      scopes: [Array],
      file_name: 'SeleniumTestNG/src/test/resources/features/loginpage.feature',
      vc_filepath: 'SeleniumTestNG/src/test/resources/features/loginpage.feature',
      location: 'SeleniumTestNG/src/test/resources/features/loginpage.feature',
      meta: [Object],
      result: 'passed',
      duration_in_ms: 26695,
      started_at: '2025-11-16T08:53:28.219Z',
      finished_at: '2025-11-16T08:53:54.914Z',
      failure: null,
      failure_type: null,
      failure_reason: null,
      retry_of: null,
      custom_metadata: {},
      tags: [],
      customRerunParam: [Object],
      hooks: [Array],
      product_map: [Object]
    },
    logs: []
  },
  {
    event_type: 'CBTSessionCreated',
    test_run: {
      uuid: 'e243b145-b340-495d-b8a6-59466ba8de97',
      integrations: [Object]
    }
  },
  {
    event_type: 'TestRunStarted',
    test_run: {
      type: 'test',
      framework: 'Cucumber-TestNG',
      uuid: 'e243b145-b340-495d-b8a6-59466ba8de97',
      name: 'Unsuccessful login with invalid or empty credentials',
      body: [Object],
      identifier: 'Unsuccessful login with invalid or empty credentials',
      scope: 'Unsuccessful login with invalid or empty credentials',
      scopes: [Array],
      file_name: 'SeleniumTestNG/src/test/resources/features/loginpage.feature',
      vc_filepath: 'SeleniumTestNG/src/test/resources/features/loginpage.feature',
      location: 'SeleniumTestNG/src/test/resources/features/loginpage.feature',
      meta: [Object],
      result: 'passed',
      duration_in_ms: null,
      started_at: '2025-11-16T08:53:54.940Z',
      finished_at: '2025-11-16T08:53:54.914Z',
      failure: null,
      failure_type: null,
      failure_reason: null,
      retry_of: null,
      custom_metadata: {},
      tags: [],
      customRerunParam: [Object],
      hooks: [],
      product_map: [Object]
    },
    logs: []
  },
  {
    event_type: 'CBTSessionCreated',
    test_run: {
      uuid: 'e243b145-b340-495d-b8a6-59466ba8de97',
      integrations: [Object]
    }
  }
] to 51371:0
2025-11-16T08:53:55.568Z CLI info  [sathishponnusamy_yQ8Y0R]  [f929nbbxlmvsmpvfn7uw9qp84hemaauaemifqtpz]  [4a1a6ccb-de1a-49bb-bbbe-24e829038efb]  [PRODUCTION] Making POST request to https://collector-observability.browserstack.com
2025-11-16T08:53:55.775Z CLI info [testhub:request-queue-handler]  [sathishponnusamy_yQ8Y0R]  [f929nbbxlmvsmpvfn7uw9qp84hemaauaemifqtpz]  [4a1a6ccb-de1a-49bb-bbbe-24e829038efb]  Added the event {
  event_type: 'CBTSessionCreated',
  test_run: {
    uuid: 'e243b145-b340-495d-b8a6-59466ba8de97',
    integrations: { browserstack: [Object] }
  }
} to 51371:0
2025-11-16T08:53:56.032Z CLI info [testhub:request-queue-handler]  [sathishponnusamy_yQ8Y0R]  [f929nbbxlmvsmpvfn7uw9qp84hemaauaemifqtpz]  [4a1a6ccb-de1a-49bb-bbbe-24e829038efb]  Added the event {
  event_type: 'TestRunFinished',
  test_run: {
    type: 'test',
    framework: 'Cucumber-TestNG',
    uuid: '889b0932-87fd-4a21-b758-f210e4d4593b',
    name: 'Successful login with valid credentials',
    body: {
      lang: 'java',
      code: 'public void io.cucumber.testng.AbstractTestNGCucumberTests.runScenario(io.cucumber.testng.PickleWrapper,io.cucumber.testng.FeatureWrapper)'
    },
    identifier: 'Successful login with valid credentials',
    scope: 'Successful login with valid credentials',
    scopes: [ 'Login Functionality for OpenCart E-Commerce Website' ],
    file_name: 'SeleniumTestNG/src/test/resources/features/loginpage.feature',
    vc_filepath: 'SeleniumTestNG/src/test/resources/features/loginpage.feature',
    location: 'SeleniumTestNG/src/test/resources/features/loginpage.feature',
    meta: {
      data_provider_name: 'scenarios',
      feature: [Object],
      scenario: [Object],
      steps: [Array]
    },
    result: 'passed',
    duration_in_ms: 27807,
    started_at: '2025-11-16T08:53:28.219Z',
    finished_at: '2025-11-16T08:53:56.026Z',
    failure: null,
    failure_type: null,
    failure_reason: null,
    retry_of: null,
    custom_metadata: {},
    tags: [],
    customRerunParam: { rerun_name: 'SeleniumTestNG-1' },
    hooks: [ 'd2395e46-5ca2-495c-ba12-3d70f5379d07' ],
    product_map: {
      observability: true,
      accessibility: false,
      percy: false,
      automate: true,
      app_automate: false
    }
  },
  logs: []
} to 51371:0
2025-11-16T08:53:56.058Z CLI info [testhub:request-queue-handler]  [sathishponnusamy_yQ8Y0R]  [f929nbbxlmvsmpvfn7uw9qp84hemaauaemifqtpz]  [4a1a6ccb-de1a-49bb-bbbe-24e829038efb]  Added the event {
  event_type: 'CBTSessionCreated',
  test_run: {
    uuid: 'f3e62cf4-41d1-4b0e-a596-c6569a01bc70',
    integrations: { browserstack: [Object] }
  }
} to 51371:0
2025-11-16T08:53:56.326Z CLI info [sdk:service]  [sathishponnusamy_yQ8Y0R]  [f929nbbxlmvsmpvfn7uw9qp84hemaauaemifqtpz]  [4a1a6ccb-de1a-49bb-bbbe-24e829038efb]  Driver initialized as primary driver: platformIndex=0
2025-11-16T08:53:56.335Z CLI info [testhub:request-queue-handler]  [sathishponnusamy_yQ8Y0R]  [f929nbbxlmvsmpvfn7uw9qp84hemaauaemifqtpz]  [4a1a6ccb-de1a-49bb-bbbe-24e829038efb]  Added the event {
  event_type: 'TestRunStarted',
  test_run: {
    type: 'test',
    framework: 'Cucumber-TestNG',
    uuid: 'f3e62cf4-41d1-4b0e-a596-c6569a01bc70',
    name: 'Unsuccessful login with invalid or empty credentials',
    body: {
      lang: 'java',
      code: 'public void io.cucumber.testng.AbstractTestNGCucumberTests.runScenario(io.cucumber.testng.PickleWrapper,io.cucumber.testng.FeatureWrapper)'
    },
    identifier: 'Unsuccessful login with invalid or empty credentials',
    scope: 'Unsuccessful login with invalid or empty credentials',
    scopes: [ 'Login Functionality for OpenCart E-Commerce Website' ],
    file_name: 'SeleniumTestNG/src/test/resources/features/loginpage.feature',
    vc_filepath: 'SeleniumTestNG/src/test/resources/features/loginpage.feature',
    location: 'SeleniumTestNG/src/test/resources/features/loginpage.feature',
    meta: {
      data_provider_name: 'scenarios',
      feature: [Object],
      scenario: [Object],
      examples: [Array]
    },
    result: 'passed',
    duration_in_ms: null,
    started_at: '2025-11-16T08:53:56.055Z',
    finished_at: '2025-11-16T08:53:56.026Z',
    failure: null,
    failure_type: null,
    failure_reason: null,
    retry_of: null,
    custom_metadata: {},
    tags: [],
    customRerunParam: { rerun_name: 'SeleniumTestNG-1' },
    hooks: [],
    product_map: {
      observability: true,
      accessibility: false,
      percy: false,
      automate: true,
      app_automate: false
    }
  },
  logs: []
} to 51371:0
2025-11-16T08:53:56.340Z CLI info [testhub:request-queue-handler]  [sathishponnusamy_yQ8Y0R]  [f929nbbxlmvsmpvfn7uw9qp84hemaauaemifqtpz]  [4a1a6ccb-de1a-49bb-bbbe-24e829038efb]  Added the event {
  event_type: 'CBTSessionCreated',
  test_run: {
    uuid: 'f3e62cf4-41d1-4b0e-a596-c6569a01bc70',
    integrations: { browserstack: [Object] }
  }
} to 51371:0
2025-11-16T08:53:56.890Z CLI info [testhub:request-queue-handler]  [sathishponnusamy_yQ8Y0R]  [f929nbbxlmvsmpvfn7uw9qp84hemaauaemifqtpz]  [4a1a6ccb-de1a-49bb-bbbe-24e829038efb]  Added the event {
  event_type: 'CBTSessionCreated',
  test_run: {
    uuid: 'f3e62cf4-41d1-4b0e-a596-c6569a01bc70',
    integrations: { browserstack: [Object] }
  }
} to 51371:0
2025-11-16T08:53:57.429Z CLI info [sdk:service]  [sathishponnusamy_yQ8Y0R]  [f929nbbxlmvsmpvfn7uw9qp84hemaauaemifqtpz]  [4a1a6ccb-de1a-49bb-bbbe-24e829038efb]  Driver initialized as primary driver: platformIndex=1
2025-11-16T08:53:57.567Z CLI info [testhub:request-queue-handler]  [sathishponnusamy_yQ8Y0R]  [f929nbbxlmvsmpvfn7uw9qp84hemaauaemifqtpz]  [4a1a6ccb-de1a-49bb-bbbe-24e829038efb]  Processing batch event [
  {
    event_type: 'CBTSessionCreated',
    test_run: {
      uuid: 'e243b145-b340-495d-b8a6-59466ba8de97',
      integrations: [Object]
    }
  },
  {
    event_type: 'TestRunFinished',
    test_run: {
      type: 'test',
      framework: 'Cucumber-TestNG',
      uuid: '889b0932-87fd-4a21-b758-f210e4d4593b',
      name: 'Successful login with valid credentials',
      body: [Object],
      identifier: 'Successful login with valid credentials',
      scope: 'Successful login with valid credentials',
      scopes: [Array],
      file_name: 'SeleniumTestNG/src/test/resources/features/loginpage.feature',
      vc_filepath: 'SeleniumTestNG/src/test/resources/features/loginpage.feature',
      location: 'SeleniumTestNG/src/test/resources/features/loginpage.feature',
      meta: [Object],
      result: 'passed',
      duration_in_ms: 27807,
      started_at: '2025-11-16T08:53:28.219Z',
      finished_at: '2025-11-16T08:53:56.026Z',
      failure: null,
      failure_type: null,
      failure_reason: null,
      retry_of: null,
      custom_metadata: {},
      tags: [],
      customRerunParam: [Object],
      hooks: [Array],
      product_map: [Object]
    },
    logs: []
  },
  {
    event_type: 'CBTSessionCreated',
    test_run: {
      uuid: 'f3e62cf4-41d1-4b0e-a596-c6569a01bc70',
      integrations: [Object]
    }
  },
  {
    event_type: 'TestRunStarted',
    test_run: {
      type: 'test',
      framework: 'Cucumber-TestNG',
      uuid: 'f3e62cf4-41d1-4b0e-a596-c6569a01bc70',
      name: 'Unsuccessful login with invalid or empty credentials',
      body: [Object],
      identifier: 'Unsuccessful login with invalid or empty credentials',
      scope: 'Unsuccessful login with invalid or empty credentials',
      scopes: [Array],
      file_name: 'SeleniumTestNG/src/test/resources/features/loginpage.feature',
      vc_filepath: 'SeleniumTestNG/src/test/resources/features/loginpage.feature',
      location: 'SeleniumTestNG/src/test/resources/features/loginpage.feature',
      meta: [Object],
      result: 'passed',
      duration_in_ms: null,
      started_at: '2025-11-16T08:53:56.055Z',
      finished_at: '2025-11-16T08:53:56.026Z',
      failure: null,
      failure_type: null,
      failure_reason: null,
      retry_of: null,
      custom_metadata: {},
      tags: [],
      customRerunParam: [Object],
      hooks: [],
      product_map: [Object]
    },
    logs: []
  },
  {
    event_type: 'CBTSessionCreated',
    test_run: {
      uuid: 'f3e62cf4-41d1-4b0e-a596-c6569a01bc70',
      integrations: [Object]
    }
  },
  {
    event_type: 'CBTSessionCreated',
    test_run: {
      uuid: 'f3e62cf4-41d1-4b0e-a596-c6569a01bc70',
      integrations: [Object]
    }
  }
] to 51371:0
2025-11-16T08:53:57.568Z CLI info  [sathishponnusamy_yQ8Y0R]  [f929nbbxlmvsmpvfn7uw9qp84hemaauaemifqtpz]  [4a1a6ccb-de1a-49bb-bbbe-24e829038efb]  [PRODUCTION] Making POST request to https://collector-observability.browserstack.com
2025-11-16T08:53:59.200Z CLI info [testhub:request-queue-handler]  [sathishponnusamy_yQ8Y0R]  [f929nbbxlmvsmpvfn7uw9qp84hemaauaemifqtpz]  [4a1a6ccb-de1a-49bb-bbbe-24e829038efb]  Added the event {
  event_type: 'CBTSessionCreated',
  test_run: {
    uuid: 'd639f54e-e13d-485f-a5cc-784938b31cf5',
    integrations: { browserstack: [Object] }
  }
} to 51371:0
2025-11-16T08:53:59.568Z CLI info [testhub:request-queue-handler]  [sathishponnusamy_yQ8Y0R]  [f929nbbxlmvsmpvfn7uw9qp84hemaauaemifqtpz]  [4a1a6ccb-de1a-49bb-bbbe-24e829038efb]  Processing batch event [
  {
    event_type: 'CBTSessionCreated',
    test_run: {
      uuid: 'd639f54e-e13d-485f-a5cc-784938b31cf5',
      integrations: [Object]
    }
  }
] to 51371:0
2025-11-16T08:53:59.569Z CLI info  [sathishponnusamy_yQ8Y0R]  [f929nbbxlmvsmpvfn7uw9qp84hemaauaemifqtpz]  [4a1a6ccb-de1a-49bb-bbbe-24e829038efb]  [PRODUCTION] Making POST request to https://collector-observability.browserstack.com
2025-11-16T08:54:03.046Z CLI info [testhub:request-queue-handler]  [sathishponnusamy_yQ8Y0R]  [f929nbbxlmvsmpvfn7uw9qp84hemaauaemifqtpz]  [4a1a6ccb-de1a-49bb-bbbe-24e829038efb]  Added the event {
  event_type: 'CBTSessionCreated',
  test_run: {
    uuid: 'd639f54e-e13d-485f-a5cc-784938b31cf5',
    integrations: { browserstack: [Object] }
  }
} to 51371:0
2025-11-16T08:54:03.570Z CLI info [testhub:request-queue-handler]  [sathishponnusamy_yQ8Y0R]  [f929nbbxlmvsmpvfn7uw9qp84hemaauaemifqtpz]  [4a1a6ccb-de1a-49bb-bbbe-24e829038efb]  Processing batch event [
  {
    event_type: 'CBTSessionCreated',
    test_run: {
      uuid: 'd639f54e-e13d-485f-a5cc-784938b31cf5',
      integrations: [Object]
    }
  }
] to 51371:0
2025-11-16T08:54:03.571Z CLI info  [sathishponnusamy_yQ8Y0R]  [f929nbbxlmvsmpvfn7uw9qp84hemaauaemifqtpz]  [4a1a6ccb-de1a-49bb-bbbe-24e829038efb]  [PRODUCTION] Making POST request to https://collector-observability.browserstack.com
2025-11-16T08:54:05.078Z CLI info [testhub:request-queue-handler]  [sathishponnusamy_yQ8Y0R]  [f929nbbxlmvsmpvfn7uw9qp84hemaauaemifqtpz]  [4a1a6ccb-de1a-49bb-bbbe-24e829038efb]  Added the event {
  event_type: 'CBTSessionCreated',
  test_run: {
    uuid: 'e243b145-b340-495d-b8a6-59466ba8de97',
    integrations: { browserstack: [Object] }
  }
} to 51371:0
2025-11-16T08:54:05.186Z CLI info [testhub:request-queue-handler]  [sathishponnusamy_yQ8Y0R]  [f929nbbxlmvsmpvfn7uw9qp84hemaauaemifqtpz]  [4a1a6ccb-de1a-49bb-bbbe-24e829038efb]  Added the event {
  event_type: 'CBTSessionCreated',
  test_run: {
    uuid: 'd639f54e-e13d-485f-a5cc-784938b31cf5',
    integrations: { browserstack: [Object] }
  }
} to 51371:0
2025-11-16T08:54:05.525Z CLI info [testhub:request-queue-handler]  [sathishponnusamy_yQ8Y0R]  [f929nbbxlmvsmpvfn7uw9qp84hemaauaemifqtpz]  [4a1a6ccb-de1a-49bb-bbbe-24e829038efb]  Added the event {
  event_type: 'CBTSessionCreated',
  test_run: {
    uuid: 'f3e62cf4-41d1-4b0e-a596-c6569a01bc70',
    integrations: { browserstack: [Object] }
  }
} to 51371:0
2025-11-16T08:54:05.570Z CLI info [testhub:request-queue-handler]  [sathishponnusamy_yQ8Y0R]  [f929nbbxlmvsmpvfn7uw9qp84hemaauaemifqtpz]  [4a1a6ccb-de1a-49bb-bbbe-24e829038efb]  Processing batch event [
  {
    event_type: 'CBTSessionCreated',
    test_run: {
      uuid: 'e243b145-b340-495d-b8a6-59466ba8de97',
      integrations: [Object]
    }
  },
  {
    event_type: 'CBTSessionCreated',
    test_run: {
      uuid: 'd639f54e-e13d-485f-a5cc-784938b31cf5',
      integrations: [Object]
    }
  },
  {
    event_type: 'CBTSessionCreated',
    test_run: {
      uuid: 'f3e62cf4-41d1-4b0e-a596-c6569a01bc70',
      integrations: [Object]
    }
  }
] to 51371:0
2025-11-16T08:54:05.572Z CLI info  [sathishponnusamy_yQ8Y0R]  [f929nbbxlmvsmpvfn7uw9qp84hemaauaemifqtpz]  [4a1a6ccb-de1a-49bb-bbbe-24e829038efb]  [PRODUCTION] Making POST request to https://collector-observability.browserstack.com
2025-11-16T08:54:07.580Z CLI info [testhub:request-queue-handler]  [sathishponnusamy_yQ8Y0R]  [f929nbbxlmvsmpvfn7uw9qp84hemaauaemifqtpz]  [4a1a6ccb-de1a-49bb-bbbe-24e829038efb]  Added the event {
  event_type: 'CBTSessionCreated',
  test_run: {
    uuid: 'd639f54e-e13d-485f-a5cc-784938b31cf5',
    integrations: { browserstack: [Object] }
  }
} to 51371:0
2025-11-16T08:54:09.267Z CLI info [testhub:request-queue-handler]  [sathishponnusamy_yQ8Y0R]  [f929nbbxlmvsmpvfn7uw9qp84hemaauaemifqtpz]  [4a1a6ccb-de1a-49bb-bbbe-24e829038efb]  Added the event {
  event_type: 'CBTSessionCreated',
  test_run: {
    uuid: 'f3e62cf4-41d1-4b0e-a596-c6569a01bc70',
    integrations: { browserstack: [Object] }
  }
} to 51371:0
2025-11-16T08:54:09.592Z CLI info [testhub:request-queue-handler]  [sathishponnusamy_yQ8Y0R]  [f929nbbxlmvsmpvfn7uw9qp84hemaauaemifqtpz]  [4a1a6ccb-de1a-49bb-bbbe-24e829038efb]  Processing batch event [
  {
    event_type: 'CBTSessionCreated',
    test_run: {
      uuid: 'd639f54e-e13d-485f-a5cc-784938b31cf5',
      integrations: [Object]
    }
  },
  {
    event_type: 'CBTSessionCreated',
    test_run: {
      uuid: 'f3e62cf4-41d1-4b0e-a596-c6569a01bc70',
      integrations: [Object]
    }
  }
] to 51371:0
2025-11-16T08:54:09.593Z CLI info  [sathishponnusamy_yQ8Y0R]  [f929nbbxlmvsmpvfn7uw9qp84hemaauaemifqtpz]  [4a1a6ccb-de1a-49bb-bbbe-24e829038efb]  [PRODUCTION] Making POST request to https://collector-observability.browserstack.com
2025-11-16T08:54:09.972Z CLI info [testhub:request-queue-handler]  [sathishponnusamy_yQ8Y0R]  [f929nbbxlmvsmpvfn7uw9qp84hemaauaemifqtpz]  [4a1a6ccb-de1a-49bb-bbbe-24e829038efb]  Added the event {
  event_type: 'CBTSessionCreated',
  test_run: {
    uuid: 'e243b145-b340-495d-b8a6-59466ba8de97',
    integrations: { browserstack: [Object] }
  }
} to 51371:0
2025-11-16T08:54:10.756Z CLI info [testhub:request-queue-handler]  [sathishponnusamy_yQ8Y0R]  [f929nbbxlmvsmpvfn7uw9qp84hemaauaemifqtpz]  [4a1a6ccb-de1a-49bb-bbbe-24e829038efb]  Added the event {
  event_type: 'CBTSessionCreated',
  test_run: {
    uuid: 'f3e62cf4-41d1-4b0e-a596-c6569a01bc70',
    integrations: { browserstack: [Object] }
  }
} to 51371:0
2025-11-16T08:54:11.044Z CLI info [testhub:request-queue-handler]  [sathishponnusamy_yQ8Y0R]  [f929nbbxlmvsmpvfn7uw9qp84hemaauaemifqtpz]  [4a1a6ccb-de1a-49bb-bbbe-24e829038efb]  Added the event {
  event_type: 'TestRunFinished',
  test_run: {
    type: 'test',
    framework: 'Cucumber-TestNG',
    uuid: 'd639f54e-e13d-485f-a5cc-784938b31cf5',
    name: 'Successful login with valid credentials',
    body: {
      lang: 'java',
      code: 'public void io.cucumber.testng.AbstractTestNGCucumberTests.runScenario(io.cucumber.testng.PickleWrapper,io.cucumber.testng.FeatureWrapper)'
    },
    identifier: 'Successful login with valid credentials',
    scope: 'Successful login with valid credentials',
    scopes: [ 'Login Functionality for OpenCart E-Commerce Website' ],
    file_name: 'SeleniumTestNG/src/test/resources/features/loginpage.feature',
    vc_filepath: 'SeleniumTestNG/src/test/resources/features/loginpage.feature',
    location: 'SeleniumTestNG/src/test/resources/features/loginpage.feature',
    meta: {
      data_provider_name: 'scenarios',
      feature: [Object],
      scenario: [Object],
      steps: [Array]
    },
    result: 'failed',
    duration_in_ms: 42821,
    started_at: '2025-11-16T08:53:28.219Z',
    finished_at: '2025-11-16T08:54:11.040Z',
    failure: [ [Object] ],
    failure_type: 'AssertionError',
    failure_reason: 'java.lang.AssertionError: expected [true] but found [false]',
    retry_of: null,
    custom_metadata: {},
    tags: [],
    customRerunParam: { rerun_name: 'SeleniumTestNG-2' },
    hooks: [ '9a5d2a72-c8b8-442d-a471-14fc3c8e8579' ],
    product_map: {
      observability: true,
      accessibility: false,
      percy: false,
      automate: true,
      app_automate: false
    }
  },
  logs: []
} to 51371:0
2025-11-16T08:54:11.072Z CLI info [testhub:request-queue-handler]  [sathishponnusamy_yQ8Y0R]  [f929nbbxlmvsmpvfn7uw9qp84hemaauaemifqtpz]  [4a1a6ccb-de1a-49bb-bbbe-24e829038efb]  Added the event {
  event_type: 'CBTSessionCreated',
  test_run: {
    uuid: '51810b9d-daf0-4a72-a339-a91fc9e5ed1c',
    integrations: { browserstack: [Object] }
  }
} to 51371:0
2025-11-16T08:54:11.368Z CLI info [testhub:request-queue-handler]  [sathishponnusamy_yQ8Y0R]  [f929nbbxlmvsmpvfn7uw9qp84hemaauaemifqtpz]  [4a1a6ccb-de1a-49bb-bbbe-24e829038efb]  Added the event {
  event_type: 'TestRunStarted',
  test_run: {
    type: 'test',
    framework: 'Cucumber-TestNG',
    uuid: '51810b9d-daf0-4a72-a339-a91fc9e5ed1c',
    name: 'Unsuccessful login with invalid or empty credentials',
    body: {
      lang: 'java',
      code: 'public void io.cucumber.testng.AbstractTestNGCucumberTests.runScenario(io.cucumber.testng.PickleWrapper,io.cucumber.testng.FeatureWrapper)'
    },
    identifier: 'Unsuccessful login with invalid or empty credentials',
    scope: 'Unsuccessful login with invalid or empty credentials',
    scopes: [ 'Login Functionality for OpenCart E-Commerce Website' ],
    file_name: 'SeleniumTestNG/src/test/resources/features/loginpage.feature',
    vc_filepath: 'SeleniumTestNG/src/test/resources/features/loginpage.feature',
    location: 'SeleniumTestNG/src/test/resources/features/loginpage.feature',
    meta: {
      data_provider_name: 'scenarios',
      feature: [Object],
      scenario: [Object],
      examples: [Array]
    },
    result: 'failed',
    duration_in_ms: null,
    started_at: '2025-11-16T08:54:11.067Z',
    finished_at: '2025-11-16T08:54:11.040Z',
    failure: [ [Object] ],
    failure_type: 'AssertionError',
    failure_reason: 'java.lang.AssertionError: expected [true] but found [false]',
    retry_of: null,
    custom_metadata: {},
    tags: [],
    customRerunParam: { rerun_name: 'SeleniumTestNG-2' },
    hooks: [],
    product_map: {
      observability: true,
      accessibility: false,
      percy: false,
      automate: true,
      app_automate: false
    }
  },
  logs: []
} to 51371:0
2025-11-16T08:54:11.377Z CLI info [testhub:request-queue-handler]  [sathishponnusamy_yQ8Y0R]  [f929nbbxlmvsmpvfn7uw9qp84hemaauaemifqtpz]  [4a1a6ccb-de1a-49bb-bbbe-24e829038efb]  Added the event {
  event_type: 'CBTSessionCreated',
  test_run: {
    uuid: '51810b9d-daf0-4a72-a339-a91fc9e5ed1c',
    integrations: { browserstack: [Object] }
  }
} to 51371:0
2025-11-16T08:54:11.593Z CLI info [testhub:request-queue-handler]  [sathishponnusamy_yQ8Y0R]  [f929nbbxlmvsmpvfn7uw9qp84hemaauaemifqtpz]  [4a1a6ccb-de1a-49bb-bbbe-24e829038efb]  Processing batch event [
  {
    event_type: 'CBTSessionCreated',
    test_run: {
      uuid: 'e243b145-b340-495d-b8a6-59466ba8de97',
      integrations: [Object]
    }
  },
  {
    event_type: 'CBTSessionCreated',
    test_run: {
      uuid: 'f3e62cf4-41d1-4b0e-a596-c6569a01bc70',
      integrations: [Object]
    }
  },
  {
    event_type: 'TestRunFinished',
    test_run: {
      type: 'test',
      framework: 'Cucumber-TestNG',
      uuid: 'd639f54e-e13d-485f-a5cc-784938b31cf5',
      name: 'Successful login with valid credentials',
      body: [Object],
      identifier: 'Successful login with valid credentials',
      scope: 'Successful login with valid credentials',
      scopes: [Array],
      file_name: 'SeleniumTestNG/src/test/resources/features/loginpage.feature',
      vc_filepath: 'SeleniumTestNG/src/test/resources/features/loginpage.feature',
      location: 'SeleniumTestNG/src/test/resources/features/loginpage.feature',
      meta: [Object],
      result: 'failed',
      duration_in_ms: 42821,
      started_at: '2025-11-16T08:53:28.219Z',
      finished_at: '2025-11-16T08:54:11.040Z',
      failure: [Array],
      failure_type: 'AssertionError',
      failure_reason: 'java.lang.AssertionError: expected [true] but found [false]',
      retry_of: null,
      custom_metadata: {},
      tags: [],
      customRerunParam: [Object],
      hooks: [Array],
      product_map: [Object]
    },
    logs: []
  },
  {
    event_type: 'CBTSessionCreated',
    test_run: {
      uuid: '51810b9d-daf0-4a72-a339-a91fc9e5ed1c',
      integrations: [Object]
    }
  },
  {
    event_type: 'TestRunStarted',
    test_run: {
      type: 'test',
      framework: 'Cucumber-TestNG',
      uuid: '51810b9d-daf0-4a72-a339-a91fc9e5ed1c',
      name: 'Unsuccessful login with invalid or empty credentials',
      body: [Object],
      identifier: 'Unsuccessful login with invalid or empty credentials',
      scope: 'Unsuccessful login with invalid or empty credentials',
      scopes: [Array],
      file_name: 'SeleniumTestNG/src/test/resources/features/loginpage.feature',
      vc_filepath: 'SeleniumTestNG/src/test/resources/features/loginpage.feature',
      location: 'SeleniumTestNG/src/test/resources/features/loginpage.feature',
      meta: [Object],
      result: 'failed',
      duration_in_ms: null,
      started_at: '2025-11-16T08:54:11.067Z',
      finished_at: '2025-11-16T08:54:11.040Z',
      failure: [Array],
      failure_type: 'AssertionError',
      failure_reason: 'java.lang.AssertionError: expected [true] but found [false]',
      retry_of: null,
      custom_metadata: {},
      tags: [],
      customRerunParam: [Object],
      hooks: [],
      product_map: [Object]
    },
    logs: []
  },
  {
    event_type: 'CBTSessionCreated',
    test_run: {
      uuid: '51810b9d-daf0-4a72-a339-a91fc9e5ed1c',
      integrations: [Object]
    }
  }
] to 51371:0
2025-11-16T08:54:11.594Z CLI info  [sathishponnusamy_yQ8Y0R]  [f929nbbxlmvsmpvfn7uw9qp84hemaauaemifqtpz]  [4a1a6ccb-de1a-49bb-bbbe-24e829038efb]  [PRODUCTION] Making POST request to https://collector-observability.browserstack.com
2025-11-16T08:54:11.950Z CLI info [testhub:request-queue-handler]  [sathishponnusamy_yQ8Y0R]  [f929nbbxlmvsmpvfn7uw9qp84hemaauaemifqtpz]  [4a1a6ccb-de1a-49bb-bbbe-24e829038efb]  Added the event {
  event_type: 'CBTSessionCreated',
  test_run: {
    uuid: '51810b9d-daf0-4a72-a339-a91fc9e5ed1c',
    integrations: { browserstack: [Object] }
  }
} to 51371:0
2025-11-16T08:54:12.463Z CLI info [testhub:request-queue-handler]  [sathishponnusamy_yQ8Y0R]  [f929nbbxlmvsmpvfn7uw9qp84hemaauaemifqtpz]  [4a1a6ccb-de1a-49bb-bbbe-24e829038efb]  Added the event {
  event_type: 'CBTSessionCreated',
  test_run: {
    uuid: 'e243b145-b340-495d-b8a6-59466ba8de97',
    integrations: { browserstack: [Object] }
  }
} to 51371:0
2025-11-16T08:54:12.578Z CLI info [testhub:request-queue-handler]  [sathishponnusamy_yQ8Y0R]  [f929nbbxlmvsmpvfn7uw9qp84hemaauaemifqtpz]  [4a1a6ccb-de1a-49bb-bbbe-24e829038efb]  Added the event {
  event_type: 'CBTSessionCreated',
  test_run: {
    uuid: 'f3e62cf4-41d1-4b0e-a596-c6569a01bc70',
    integrations: { browserstack: [Object] }
  }
} to 51371:0
2025-11-16T08:54:12.757Z CLI info [sdk:service]  [sathishponnusamy_yQ8Y0R]  [f929nbbxlmvsmpvfn7uw9qp84hemaauaemifqtpz]  [4a1a6ccb-de1a-49bb-bbbe-24e829038efb]  Driver initialized as primary driver: platformIndex=2
2025-11-16T08:54:13.510Z CLI info [main]  [sathishponnusamy_yQ8Y0R]  [f929nbbxlmvsmpvfn7uw9qp84hemaauaemifqtpz]  [4a1a6ccb-de1a-49bb-bbbe-24e829038efb]  Received graceful signal termination, performing cleanup
2025-11-16T08:54:13.594Z CLI info [testhub:request-queue-handler]  [sathishponnusamy_yQ8Y0R]  [f929nbbxlmvsmpvfn7uw9qp84hemaauaemifqtpz]  [4a1a6ccb-de1a-49bb-bbbe-24e829038efb]  Processing batch event [
  {
    event_type: 'CBTSessionCreated',
    test_run: {
      uuid: '51810b9d-daf0-4a72-a339-a91fc9e5ed1c',
      integrations: [Object]
    }
  },
  {
    event_type: 'CBTSessionCreated',
    test_run: {
      uuid: 'e243b145-b340-495d-b8a6-59466ba8de97',
      integrations: [Object]
    }
  },
  {
    event_type: 'CBTSessionCreated',
    test_run: {
      uuid: 'f3e62cf4-41d1-4b0e-a596-c6569a01bc70',
      integrations: [Object]
    }
  }
] to 51371:0
2025-11-16T08:54:13.595Z CLI info  [sathishponnusamy_yQ8Y0R]  [f929nbbxlmvsmpvfn7uw9qp84hemaauaemifqtpz]  [4a1a6ccb-de1a-49bb-bbbe-24e829038efb]  [PRODUCTION] Making POST request to https://collector-observability.browserstack.com
2025-11-16T08:54:13.915Z CLI info  [sathishponnusamy_yQ8Y0R]  [f929nbbxlmvsmpvfn7uw9qp84hemaauaemifqtpz]  [4a1a6ccb-de1a-49bb-bbbe-24e829038efb]  [PRODUCTION] Making PUT request to https://collector-observability.browserstack.com
2025-11-16T08:54:14.196Z CLI info  [sathishponnusamy_yQ8Y0R]  [f929nbbxlmvsmpvfn7uw9qp84hemaauaemifqtpz]  [4a1a6ccb-de1a-49bb-bbbe-24e829038efb]  [PRODUCTION] Making PUT request to https://collector-observability.browserstack.com
2025-11-16T08:54:14.196Z CLI info [testhub:module]  [sathishponnusamy_yQ8Y0R]  [f929nbbxlmvsmpvfn7uw9qp84hemaauaemifqtpz]  [4a1a6ccb-de1a-49bb-bbbe-24e829038efb]  stopBuild: f929nbbxlmvsmpvfn7uw9qp84hemaauaemifqtpz request={"finished_at":"2025-11-16T08:54:13.511Z","finished_metadata":[],"custom_metadata":null} response={"data":""}
2025-11-16T08:54:14.326Z CLI info [testhub:request-queue-handler]  [sathishponnusamy_yQ8Y0R]  [f929nbbxlmvsmpvfn7uw9qp84hemaauaemifqtpz]  [4a1a6ccb-de1a-49bb-bbbe-24e829038efb]  Added the event {
  event_type: 'CBTSessionCreated',
  test_run: {
    uuid: 'f3e62cf4-41d1-4b0e-a596-c6569a01bc70',
    integrations: { browserstack: [Object] }
  }
} to 51371:0
2025-11-16T08:54:14.457Z CLI error [core:http]  [sathishponnusamy_yQ8Y0R]  [f929nbbxlmvsmpvfn7uw9qp84hemaauaemifqtpz]  [4a1a6ccb-de1a-49bb-bbbe-24e829038efb]  Failed queued request: PUT api/v2/builds/f929nbbxlmvsmpvfn7uw9qp84hemaauaemifqtpz/stop Response code 401 (Unauthorized)
2025-11-16T08:54:14.458Z CLI error [testhub:module]  [sathishponnusamy_yQ8Y0R]  [f929nbbxlmvsmpvfn7uw9qp84hemaauaemifqtpz]  [4a1a6ccb-de1a-49bb-bbbe-24e829038efb]  stopBuild: request={"finished_at":"2025-11-16T08:54:13.525Z","finished_metadata":[],"custom_metadata":{}} error=HTTPError: Response code 401 (Unauthorized)
    at _0x2bb04a.<anonymous> (/snapshot/browserstack-binary/cli/dist/index.js)
    at process.processTicksAndRejections (node:internal/process/task_queues:95:5)
2025-11-16T08:54:14.458Z CLI error  [sathishponnusamy_yQ8Y0R]  [f929nbbxlmvsmpvfn7uw9qp84hemaauaemifqtpz]  [4a1a6ccb-de1a-49bb-bbbe-24e829038efb]  error invoking callback for eventName: {"name":"HTTPError","code":"ERR_NON_2XX_3XX_RESPONSE","timings":{"start":1763283254197,"socket":1763283254199,"lookup":1763283254200,"connect":1763283254284,"secureConnect":1763283254372,"upload":1763283254372,"response":1763283254456,"end":1763283254456,"phases":{"wait":2,"dns":1,"tcp":84,"tls":88,"request":0,"firstByte":84,"download":0,"total":259}}}
2025-11-16T08:54:14.458Z CLI error  [sathishponnusamy_yQ8Y0R]  [f929nbbxlmvsmpvfn7uw9qp84hemaauaemifqtpz]  [4a1a6ccb-de1a-49bb-bbbe-24e829038efb]  HTTPError: Response code 401 (Unauthorized)
    at _0x2bb04a.<anonymous> (/snapshot/browserstack-binary/cli/dist/index.js)
    at process.processTicksAndRejections (node:internal/process/task_queues:95:5)
2025-11-16T08:54:14.459Z CLI info  [sathishponnusamy_yQ8Y0R]  [f929nbbxlmvsmpvfn7uw9qp84hemaauaemifqtpz]  [4a1a6ccb-de1a-49bb-bbbe-24e829038efb]  [PRODUCTION] Making POST request to https://api.browserstack.com
